-1.098999974754953646e-03 -1.583333297943075512e-03
-1.097999974757478403e-03 -2.708333272797365694e-03
-1.096999974760003160e-03 -1.958333289561172384e-03
-1.095999974762527918e-03 -3.749999916180968176e-04
-1.094999974765052675e-03 -1.833333292355140021e-03
-1.093999974767577432e-03 -3.333333258827527075e-03
-1.092999974770102189e-03 -1.624999963678419633e-03
-1.091999974772626947e-03 -2.041666621031860626e-03
-1.090999974775151704e-03 -2.583333275591333765e-03
-1.089999974777676461e-03 -2.374999946914613160e-03
-1.088999974780201219e-03 -2.208333283973236676e-03
-1.087999974782725976e-03 -2.208333283973236676e-03
-1.086999974785250733e-03 -2.541666609855989644e-03
-1.085999974787775491e-03 -2.458333278385301402e-03
-1.084999974790300248e-03 -3.541666587504248113e-03
-1.083999974792825005e-03 -2.041666621031860626e-03
-1.082999974795349762e-03 -2.249999949708581231e-03
-1.081999974797874520e-03 -1.833333292355140021e-03
-1.080999974800399277e-03 -2.374999946914613160e-03
-1.079999974802924034e-03 -1.833333292355140021e-03
-1.078999974805448792e-03 -2.416666612649957281e-03
-1.077999974807973549e-03 -1.458333300737043366e-03
-1.076999974810498306e-03 -2.708333272797365694e-03
-1.075999974813023063e-03 -2.249999949708581231e-03
-1.074999974815547821e-03 -1.291666637795666882e-03
-1.073999974818072578e-03 -2.249999949708581231e-03
-1.072999974820597335e-03 -2.249999949708581231e-03
-1.071999974823122093e-03 -1.541666632207731391e-03
-1.070999974825646850e-03 -2.791666604268054370e-03
-1.069999974828171607e-03 -1.666666629413763537e-03
-1.068999974830696365e-03 -1.208333306324978641e-03
-1.067999974833221122e-03 -1.833333292355140021e-03
-1.066999974835745879e-03 -2.166666618237892989e-03
-1.065999974838270636e-03 -2.958333267209430420e-03
-1.064999974840795394e-03 -2.583333275591333765e-03
-1.063999974843320151e-03 -2.333333281179269039e-03
-1.062999974845844908e-03 -2.416666612649957281e-03
-1.061999974848369666e-03 -2.166666618237892989e-03
-1.060999974850894423e-03 -2.124999952502548434e-03
-1.059999974853419180e-03 -1.624999963678419633e-03
-1.058999974855943937e-03 -2.208333283973236676e-03
-1.057999974858468695e-03 -1.791666626619795900e-03
-1.056999974860993452e-03 -2.749999938532710249e-03
-1.055999974863518209e-03 -2.458333278385301402e-03
-1.054999974866042967e-03 -1.749999960884451779e-03
-1.053999974868567724e-03 -2.624999941326677886e-03
-1.052999974871092481e-03 -1.833333292355140021e-03
-1.051999974873617238e-03 -2.791666604268054370e-03
-1.050999974876141996e-03 -1.583333297943075512e-03
-1.049999974878666753e-03 -1.833333292355140021e-03
-1.048999974881191510e-03 -1.666666629413763537e-03
-1.047999974883716268e-03 -1.583333297943075512e-03
-1.046999974886241025e-03 -2.083333286767204747e-03
-1.045999974888765782e-03 -1.624999963678419633e-03
-1.044999974891290540e-03 -8.333333147068817687e-04
-1.043999974893815297e-03 -1.791666626619795900e-03
-1.042999974896340054e-03 -2.624999941326677886e-03
-1.041999974898864811e-03 -2.041666621031860626e-03
-1.040999974901389569e-03 -9.166666461775700107e-04
-1.039999974903914326e-03 -1.791666626619795900e-03
-1.038999974906439083e-03 -1.666666629413763537e-03
-1.037999974908963841e-03 -2.291666615443924918e-03
-1.036999974911488598e-03 -2.249999949708581231e-03
-1.035999974914013355e-03 -1.999999955296516505e-03
-1.034999974916538112e-03 -2.333333281179269039e-03
-1.033999974919062870e-03 -1.583333297943075512e-03
-1.032999974921587627e-03 -3.333333258827527075e-03
-1.031999974924112384e-03 -2.166666618237892989e-03
-1.030999974926637142e-03 -2.249999949708581231e-03
-1.029999974929161899e-03 -1.666666629413763537e-03
-1.028999974931686656e-03 -2.166666618237892989e-03
-1.027999974934211413e-03 -2.541666609855989644e-03
-1.026999974936736171e-03 -2.999999932944774541e-03
-1.025999974939260928e-03 -2.166666618237892989e-03
-1.024999974941785685e-03 -1.124999974854290615e-03
-1.023999974944310443e-03 -7.499999832361936352e-04
-1.022999974946835200e-03 -2.374999946914613160e-03
-1.021999974949359957e-03 -2.291666615443924918e-03
-1.020999974951884715e-03 -2.291666615443924918e-03
-1.019999974954409472e-03 -1.916666623825828263e-03
-1.018999974956934229e-03 -1.916666623825828263e-03
-1.017999974959458986e-03 -2.999999932944774541e-03
-1.016999974961983744e-03 -2.499999944120645523e-03
-1.015999974964508501e-03 -2.541666609855989644e-03
-1.014999974967033258e-03 -1.666666629413763537e-03
-1.013999974969558016e-03 -1.958333289561172384e-03
-1.012999974972082773e-03 -3.041666598680118662e-03
-1.011999974974607530e-03 -2.624999941326677886e-03
-1.010999974977132287e-03 -2.583333275591333765e-03
-1.009999974979657045e-03 -1.708333295149107875e-03
-1.008999974982181802e-03 -1.083333309118946495e-03
-1.007999974984706559e-03 -2.583333275591333765e-03
-1.006999974987231317e-03 -2.208333283973236676e-03
-1.005999974989756074e-03 -2.708333272797365694e-03
-1.004999974992280831e-03 -9.166666461775700107e-04
-1.003999974994805588e-03 -1.291666637795666882e-03
-1.002999974997330346e-03 -1.791666626619795900e-03
-1.001999974999855103e-03 -1.749999960884451779e-03
-1.000999975002379860e-03 -2.499999944120645523e-03
-9.999999750049046177e-04 -1.958333289561172384e-03
-9.989999750074293750e-04 -2.916666601474086733e-03
-9.979999750099541322e-04 -1.541666632207731391e-03
-9.969999750124788895e-04 -2.791666604268054370e-03
-9.959999750150036468e-04 -2.374999946914613160e-03
-9.949999750175284041e-04 -3.041666598680118662e-03
-9.939999750200531614e-04 -1.791666626619795900e-03
-9.929999750225779187e-04 -1.916666623825828263e-03
-9.919999750251026760e-04 -2.666666607062022007e-03
-9.909999750276274333e-04 -1.749999960884451779e-03
-9.899999750301521906e-04 -2.124999952502548434e-03
-9.889999750326769479e-04 -2.458333278385301402e-03
-9.879999750352017052e-04 -1.458333300737043366e-03
-9.869999750377264625e-04 -3.249999927356839267e-03
-9.859999750402512197e-04 -2.166666618237892989e-03
-9.849999750427759770e-04 -1.833333292355140021e-03
-9.839999750453007343e-04 -3.333333258827527509e-04
-9.829999750478254916e-04 -2.708333272797365694e-03
-9.819999750503502489e-04 -2.458333278385301402e-03
-9.809999750528750062e-04 -2.124999952502548434e-03
-9.799999750553997635e-04 -2.499999944120645523e-03
-9.789999750579245208e-04 -2.749999938532710249e-03
-9.779999750604492781e-04 -1.958333289561172384e-03
-9.769999750629740354e-04 -2.833333270003398057e-03
-9.759999750654987927e-04 -1.999999955296516505e-03
-9.749999750680235500e-04 -2.333333281179269039e-03
-9.739999750705483073e-04 -2.416666612649957281e-03
-9.729999750730730645e-04 -2.666666607062022007e-03
-9.719999750755978218e-04 -2.958333267209430420e-03
-9.709999750781225791e-04 -1.749999960884451779e-03
-9.699999750806473364e-04 -2.583333275591333765e-03
-9.689999750831720937e-04 -2.374999946914613160e-03
-9.679999750856968510e-04 -2.916666601474086733e-03
-9.669999750882216083e-04 -2.083333286767204747e-03
-9.659999750907463656e-04 -2.708333272797365694e-03
-9.649999750932711229e-04 -2.416666612649957281e-03
-9.639999750957958802e-04 -1.374999969266355124e-03
-9.629999750983206375e-04 -1.874999958090484142e-03
-9.619999751008453948e-04 -9.583333119129141316e-04
-9.609999751033701521e-04 -2.499999944120645523e-03
-9.599999751058949093e-04 -2.291666615443924918e-03
-9.589999751084196666e-04 -1.624999963678419633e-03
-9.579999751109444239e-04 -2.083333286767204747e-03
-9.569999751134691812e-04 -2.874999935738742178e-03
-9.559999751159939385e-04 -9.999999776482582526e-04
-9.549999751185186958e-04 -1.708333295149107875e-03
-9.539999751210434531e-04 -7.083333175008495143e-04
-9.529999751235682104e-04 -1.874999958090484142e-03
-9.519999751260929677e-04 -1.874999958090484142e-03
-9.509999751286177250e-04 -2.541666609855989644e-03
-9.499999751311424823e-04 -1.833333292355140021e-03
-9.489999751336672396e-04 -2.041666621031860626e-03
-9.479999751361919968e-04 -2.291666615443924918e-03
-9.469999751387167541e-04 -2.958333267209430420e-03
-9.459999751412415114e-04 -3.124999930150806904e-03
-9.449999751437662687e-04 -1.374999969266355124e-03
-9.439999751462910260e-04 -2.124999952502548434e-03
-9.429999751488157833e-04 -2.541666609855989644e-03
-9.419999751513405406e-04 -1.583333297943075512e-03
-9.409999751538652979e-04 -1.833333292355140021e-03
-9.399999751563900552e-04 -2.291666615443924918e-03
-9.389999751589148125e-04 -1.916666623825828263e-03
-9.379999751614395698e-04 -1.833333292355140021e-03
-9.369999751639643271e-04 -1.916666623825828263e-03
-9.359999751664890844e-04 -2.291666615443924918e-03
-9.349999751690138416e-04 -2.624999941326677886e-03
-9.339999751715385989e-04 -2.124999952502548434e-03
-9.329999751740633562e-04 -2.458333278385301402e-03
-9.319999751765881135e-04 -1.583333297943075512e-03
-9.309999751791128708e-04 -1.999999955296516505e-03
-9.299999751816376281e-04 -1.916666623825828263e-03
-9.289999751841623854e-04 -1.666666629413763537e-03
-9.279999751866871427e-04 -2.999999932944774541e-03
-9.269999751892119000e-04 -2.333333281179269039e-03
-9.259999751917366573e-04 -2.624999941326677886e-03
-9.249999751942614146e-04 -1.499999966472387270e-03
-9.239999751967861719e-04 -1.333333303531011003e-03
-9.229999751993109292e-04 -1.499999966472387270e-03
-9.219999752018356864e-04 -1.291666637795666882e-03
-9.209999752043604437e-04 -1.916666623825828263e-03
-9.199999752068852010e-04 -1.708333295149107875e-03
-9.189999752094099583e-04 -1.999999955296516505e-03
-9.179999752119347156e-04 -2.041666621031860626e-03
-9.169999752144594729e-04 -1.291666637795666882e-03
-9.159999752169842302e-04 -1.874999958090484142e-03
-9.149999752195089875e-04 -1.874999958090484142e-03
-9.139999752220337448e-04 -2.499999944120645523e-03
-9.129999752245585021e-04 -1.791666626619795900e-03
-9.119999752270832594e-04 -2.416666612649957281e-03
-9.109999752296080167e-04 -2.999999932944774541e-03
-9.099999752321327740e-04 -2.124999952502548434e-03
-9.089999752346575312e-04 -2.041666621031860626e-03
-9.079999752371822885e-04 -2.833333270003398057e-03
-9.069999752397070458e-04 -2.416666612649957281e-03
-9.059999752422318031e-04 -3.166666595886151025e-03
-9.049999752447565604e-04 -7.499999832361936352e-04
-9.039999752472813177e-04 -1.708333295149107875e-03
-9.029999752498060750e-04 -3.041666598680118662e-03
-9.019999752523308323e-04 -3.499999921768903559e-03
-9.009999752548555896e-04 -2.124999952502548434e-03
-8.999999752573803469e-04 -1.749999960884451779e-03
-8.989999752599051042e-04 -1.916666623825828263e-03
-8.979999752624298615e-04 -2.499999944120645523e-03
-8.969999752649546187e-04 -2.249999949708581231e-03
-8.959999752674793760e-04 -3.333333258827527075e-03
-8.949999752700041333e-04 -2.666666607062022007e-03
-8.939999752725288906e-04 -1.166666640589634520e-03
-8.929999752750536479e-04 -2.708333272797365694e-03
-8.919999752775784052e-04 -2.333333281179269039e-03
-8.909999752801031625e-04 -2.416666612649957281e-03
-8.899999752826279198e-04 -1.333333303531011003e-03
-8.889999752851526771e-04 -1.541666632207731391e-03
-8.879999752876774344e-04 -2.041666621031860626e-03
-8.869999752902021917e-04 -1.208333306324978641e-03
-8.859999752927269490e-04 -1.583333297943075512e-03
-8.849999752952517063e-04 -2.041666621031860626e-03
-8.839999752977764635e-04 -1.708333295149107875e-03
-8.829999753003012208e-04 -1.958333289561172384e-03
-8.819999753028259781e-04 -2.291666615443924918e-03
-8.809999753053507354e-04 -1.708333295149107875e-03
-8.799999753078754927e-04 -1.833333292355140021e-03
-8.789999753104002500e-04 -1.708333295149107875e-03
-8.779999753129250073e-04 -1.958333289561172384e-03
-8.769999753154497646e-04 -2.458333278385301402e-03
-8.759999753179745219e-04 -1.416666635001699029e-03
-8.749999753204992792e-04 -2.458333278385301402e-03
-8.739999753230240365e-04 -2.333333281179269039e-03
-8.729999753255487938e-04 -1.458333300737043366e-03
-8.719999753280735511e-04 -2.708333272797365694e-03
-8.709999753305983083e-04 -1.791666626619795900e-03
-8.699999753331230656e-04 -2.958333267209430420e-03
-8.689999753356478229e-04 -1.624999963678419633e-03
-8.679999753381725802e-04 -1.791666626619795900e-03
-8.669999753406973375e-04 -2.999999932944774541e-03
-8.659999753432220948e-04 -2.708333272797365694e-03
-8.649999753457468521e-04 -3.666666584710280043e-03
-8.639999753482716094e-04 -1.833333292355140021e-03
-8.629999753507963667e-04 -1.916666623825828263e-03
-8.619999753533211240e-04 -3.624999918974935922e-03
-8.609999753558458813e-04 -2.791666604268054370e-03
-8.599999753583706386e-04 -2.083333286767204747e-03
-8.589999753608953958e-04 -2.333333281179269039e-03
-8.579999753634201531e-04 -2.374999946914613160e-03
-8.569999753659449104e-04 -1.249999972060322762e-03
-8.559999753684696677e-04 -2.249999949708581231e-03
-8.549999753709944250e-04 -2.333333281179269039e-03
-8.539999753735191823e-04 -1.791666626619795900e-03
-8.529999753760439396e-04 -1.499999966472387270e-03
-8.519999753785686969e-04 -2.041666621031860626e-03
-8.509999753810934542e-04 -2.124999952502548434e-03
-8.499999753836182115e-04 -2.499999944120645523e-03
-8.489999753861429688e-04 -2.833333270003398057e-03
-8.479999753886677261e-04 -2.374999946914613160e-03
-8.469999753911924834e-04 -2.249999949708581231e-03
-8.459999753937172406e-04 -2.041666621031860626e-03
-8.449999753962419979e-04 -2.124999952502548434e-03
-8.439999753987667552e-04 -2.374999946914613160e-03
-8.429999754012915125e-04 -1.124999974854290615e-03
-8.419999754038162698e-04 -1.958333289561172384e-03
-8.409999754063410271e-04 -2.791666604268054370e-03
-8.399999754088657844e-04 -2.333333281179269039e-03
-8.389999754113905417e-04 -1.333333303531011003e-03
-8.379999754139152990e-04 -2.416666612649957281e-03
-8.369999754164400563e-04 -2.291666615443924918e-03
-8.359999754189648136e-04 -1.916666623825828263e-03
-8.349999754214895709e-04 -1.583333297943075512e-03
-8.339999754240143282e-04 -1.374999969266355124e-03
-8.329999754265390854e-04 -1.708333295149107875e-03
-8.319999754290638427e-04 -2.124999952502548434e-03
-8.309999754315886000e-04 -2.416666612649957281e-03
-8.299999754341133573e-04 -1.374999969266355124e-03
-8.289999754366381146e-04 -2.666666607062022007e-03
-8.279999754391628719e-04 -3.499999921768903559e-03
-8.269999754416876292e-04 -2.541666609855989644e-03
-8.259999754442123865e-04 -1.999999955296516505e-03
-8.249999754467371438e-04 -2.041666621031860626e-03
-8.239999754492619011e-04 -2.124999952502548434e-03
-8.229999754517866584e-04 -2.208333283973236676e-03
-8.219999754543114157e-04 -2.791666604268054370e-03
-8.209999754568361729e-04 -3.458333256033559438e-03
-8.199999754593609302e-04 -2.291666615443924918e-03
-8.189999754618856875e-04 -2.708333272797365694e-03
-8.179999754644104448e-04 -2.374999946914613160e-03
-8.169999754669352021e-04 -2.583333275591333765e-03
-8.159999754694599594e-04 -2.833333270003398057e-03
-8.149999754719847167e-04 -8.749999804422258897e-04
-8.139999754745094740e-04 -2.999999932944774541e-03
-8.129999754770342313e-04 -1.374999969266355124e-03
-8.119999754795589886e-04 -2.166666618237892989e-03
-8.109999754820837459e-04 -9.166666461775700107e-04
-8.099999754846085032e-04 -1.499999966472387270e-03
-8.089999754871332605e-04 -2.833333270003398057e-03
-8.079999754896580177e-04 -2.249999949708581231e-03
-8.069999754921827750e-04 -1.999999955296516505e-03
-8.059999754947075323e-04 -2.708333272797365694e-03
-8.049999754972322896e-04 -2.208333283973236676e-03
-8.039999754997570469e-04 -2.291666615443924918e-03
-8.029999755022818042e-04 -1.374999969266355124e-03
-8.019999755048065615e-04 -2.333333281179269039e-03
-8.009999755073313188e-04 -1.458333300737043366e-03
-7.999999755098560761e-04 -1.916666623825828263e-03
-7.989999755123808334e-04 -1.458333300737043366e-03
-7.979999755149055907e-04 -2.291666615443924918e-03
-7.969999755174303480e-04 -3.124999930150806904e-03
-7.959999755199551053e-04 -1.916666623825828263e-03
-7.949999755224798625e-04 -2.249999949708581231e-03
-7.939999755250046198e-04 -1.624999963678419633e-03
-7.929999755275293771e-04 -2.249999949708581231e-03
-7.919999755300541344e-04 -1.874999958090484142e-03
-7.909999755325788917e-04 -2.041666621031860626e-03
-7.899999755351036490e-04 -2.416666612649957281e-03
-7.889999755376284063e-04 -2.124999952502548434e-03
-7.879999755401531636e-04 -1.749999960884451779e-03
-7.869999755426779209e-04 -7.499999832361936352e-04
-7.859999755452026782e-04 -1.791666626619795900e-03
-7.849999755477274355e-04 -1.874999958090484142e-03
-7.839999755502521928e-04 -9.583333119129141316e-04
-7.829999755527769500e-04 -1.749999960884451779e-03
-7.819999755553017073e-04 -1.958333289561172384e-03
-7.809999755578264646e-04 -1.666666629413763537e-03
-7.799999755603512219e-04 -2.083333286767204747e-03
-7.789999755628759792e-04 -2.458333278385301402e-03
-7.779999755654007365e-04 -1.833333292355140021e-03
-7.769999755679254938e-04 -1.541666632207731391e-03
-7.759999755704502511e-04 -2.833333270003398057e-03
-7.749999755729750084e-04 -1.374999969266355124e-03
-7.739999755754997657e-04 -1.208333306324978641e-03
-7.729999755780245230e-04 -1.958333289561172384e-03
-7.719999755805492803e-04 -1.999999955296516505e-03
-7.709999755830740376e-04 -1.416666635001699029e-03
-7.699999755855987948e-04 -1.166666640589634520e-03
-7.689999755881235521e-04 -3.124999930150806904e-03
-7.679999755906483094e-04 -9.166666461775700107e-04
-7.669999755931730667e-04 -1.416666635001699029e-03
-7.659999755956978240e-04 -1.624999963678419633e-03
-7.649999755982225813e-04 -1.458333300737043366e-03
-7.639999756007473386e-04 -3.374999924562871630e-03
-7.629999756032720959e-04 -1.291666637795666882e-03
-7.619999756057968532e-04 -1.624999963678419633e-03
-7.609999756083216105e-04 -1.541666632207731391e-03
-7.599999756108463678e-04 -2.249999949708581231e-03
-7.589999756133711251e-04 -2.583333275591333765e-03
-7.579999756158958824e-04 -1.916666623825828263e-03
-7.569999756184206396e-04 -2.791666604268054370e-03
-7.559999756209453969e-04 -1.916666623825828263e-03
-7.549999756234701542e-04 -1.416666635001699029e-03
-7.539999756259949115e-04 -1.249999972060322762e-03
-7.529999756285196688e-04 -2.291666615443924918e-03
-7.519999756310444261e-04 -1.583333297943075512e-03
-7.509999756335691834e-04 -2.583333275591333765e-03
-7.499999756360939407e-04 -1.874999958090484142e-03
-7.489999756386186980e-04 -2.749999938532710249e-03
-7.479999756411434553e-04 -1.374999969266355124e-03
-7.469999756436682126e-04 -1.749999960884451779e-03
-7.459999756461929699e-04 -2.499999944120645523e-03
-7.449999756487177272e-04 -2.999999932944774541e-03
-7.439999756512424844e-04 -2.166666618237892989e-03
-7.429999756537672417e-04 -2.708333272797365694e-03
-7.419999756562919990e-04 -2.208333283973236676e-03
-7.409999756588167563e-04 -2.499999944120645523e-03
-7.399999756613415136e-04 -1.166666640589634520e-03
-7.389999756638662709e-04 -1.583333297943075512e-03
-7.379999756663910282e-04 -1.541666632207731391e-03
-7.369999756689157855e-04 -1.208333306324978641e-03
-7.359999756714405428e-04 -1.958333289561172384e-03
-7.349999756739653001e-04 -1.374999969266355124e-03
-7.339999756764900574e-04 -1.624999963678419633e-03
-7.329999756790148147e-04 -3.416666590298215751e-03
-7.319999756815395719e-04 -1.874999958090484142e-03
-7.309999756840643292e-04 -2.749999938532710249e-03
-7.299999756865890865e-04 -2.124999952502548434e-03
-7.289999756891138438e-04 -2.583333275591333765e-03
-7.279999756916386011e-04 -2.124999952502548434e-03
-7.269999756941633584e-04 -2.208333283973236676e-03
-7.259999756966881157e-04 -2.291666615443924918e-03
-7.249999756992128730e-04 -1.999999955296516505e-03
-7.239999757017376303e-04 -2.083333286767204747e-03
-7.229999757042623876e-04 -1.833333292355140021e-03
-7.219999757067871449e-04 -2.291666615443924918e-03
-7.209999757093119022e-04 -2.583333275591333765e-03
-7.199999757118366595e-04 -2.999999932944774541e-03
-7.189999757143614167e-04 -1.583333297943075512e-03
-7.179999757168861740e-04 -2.541666609855989644e-03
-7.169999757194109313e-04 -1.958333289561172384e-03
-7.159999757219356886e-04 -2.416666612649957281e-03
-7.149999757244604459e-04 -4.583333230887850053e-04
-7.139999757269852032e-04 -2.291666615443924918e-03
-7.129999757295099605e-04 -1.749999960884451779e-03
-7.119999757320347178e-04 -2.541666609855989644e-03
-7.109999757345594751e-04 -1.958333289561172384e-03
-7.099999757370842324e-04 -2.708333272797365694e-03
-7.089999757396089897e-04 -2.208333283973236676e-03
-7.079999757421337470e-04 -3.208333261621495146e-03
-7.069999757446585043e-04 -2.124999952502548434e-03
-7.059999757471832615e-04 -1.458333300737043366e-03
-7.049999757497080188e-04 -1.791666626619795900e-03
-7.039999757522327761e-04 -9.583333119129141316e-04
-7.029999757547575334e-04 -1.916666623825828263e-03
-7.019999757572822907e-04 -2.333333281179269039e-03
-7.009999757598070480e-04 -2.333333281179269039e-03
-6.999999757623318053e-04 -2.458333278385301402e-03
-6.989999757648565626e-04 -2.166666618237892989e-03
-6.979999757673813199e-04 -7.916666489715377562e-04
-6.969999757699060772e-04 -2.208333283973236676e-03
-6.959999757724308345e-04 -7.916666489715377562e-04
-6.949999757749555918e-04 -1.833333292355140021e-03
-6.939999757774803490e-04 -2.041666621031860626e-03
-6.929999757800051063e-04 -1.749999960884451779e-03
-6.919999757825298636e-04 -1.124999974854290615e-03
-6.909999757850546209e-04 -2.458333278385301402e-03
-6.899999757875793782e-04 -2.458333278385301402e-03
-6.889999757901041355e-04 -1.791666626619795900e-03
-6.879999757926288928e-04 -1.708333295149107875e-03
-6.869999757951536501e-04 -2.541666609855989644e-03
-6.859999757976784074e-04 -1.333333303531011003e-03
-6.849999758002031647e-04 -1.458333300737043366e-03
-6.839999758027279220e-04 -2.583333275591333765e-03
-6.829999758052526793e-04 -2.374999946914613160e-03
-6.819999758077774366e-04 -2.458333278385301402e-03
-6.809999758103021938e-04 -2.583333275591333765e-03
-6.799999758128269511e-04 -1.541666632207731391e-03
-6.789999758153517084e-04 -3.124999930150806904e-03
-6.779999758178764657e-04 -1.708333295149107875e-03
-6.769999758204012230e-04 -1.791666626619795900e-03
-6.759999758229259803e-04 -2.708333272797365694e-03
-6.749999758254507376e-04 -7.916666489715377562e-04
-6.739999758279754949e-04 -2.999999932944774541e-03
-6.729999758305002522e-04 -1.874999958090484142e-03
-6.719999758330250095e-04 -2.166666618237892989e-03
-6.709999758355497668e-04 -1.458333300737043366e-03
-6.699999758380745241e-04 -1.708333295149107875e-03
-6.689999758405992814e-04 -2.458333278385301402e-03
-6.679999758431240386e-04 -1.749999960884451779e-03
-6.669999758456487959e-04 -2.083333286767204747e-03
-6.659999758481735532e-04 -2.624999941326677886e-03
-6.649999758506983105e-04 -1.541666632207731391e-03
-6.639999758532230678e-04 -1.333333303531011003e-03
-6.629999758557478251e-04 -2.041666621031860626e-03
-6.619999758582725824e-04 -2.583333275591333765e-03
-6.609999758607973397e-04 -2.583333275591333765e-03
-6.599999758633220970e-04 -1.958333289561172384e-03
-6.589999758658468543e-04 -1.499999966472387270e-03
-6.579999758683716116e-04 -2.291666615443924918e-03
-6.569999758708963689e-04 -2.624999941326677886e-03
-6.559999758734211261e-04 -1.999999955296516505e-03
-6.549999758759458834e-04 -2.374999946914613160e-03
-6.539999758784706407e-04 -2.208333283973236676e-03
-6.529999758809953980e-04 -1.708333295149107875e-03
-6.519999758835201553e-04 -2.416666612649957281e-03
-6.509999758860449126e-04 -3.666666584710280043e-03
-6.499999758885696699e-04 -2.208333283973236676e-03
-6.489999758910944272e-04 -1.916666623825828263e-03
-6.479999758936191845e-04 -1.583333297943075512e-03
-6.469999758961439418e-04 -1.583333297943075512e-03
-6.459999758986686991e-04 -2.416666612649957281e-03
-6.449999759011934564e-04 -1.583333297943075512e-03
-6.439999759037182137e-04 -2.499999944120645523e-03
-6.429999759062429709e-04 -1.583333297943075512e-03
-6.419999759087677282e-04 -2.541666609855989644e-03
-6.409999759112924855e-04 -3.249999927356839267e-03
-6.399999759138172428e-04 -2.124999952502548434e-03
-6.389999759163420001e-04 -2.041666621031860626e-03
-6.379999759188667574e-04 -2.333333281179269039e-03
-6.369999759213915147e-04 -1.624999963678419633e-03
-6.359999759239162720e-04 -2.333333281179269039e-03
-6.349999759264410293e-04 -2.249999949708581231e-03
-6.339999759289657866e-04 -2.666666607062022007e-03
-6.329999759314905439e-04 -1.583333297943075512e-03
-6.319999759340153012e-04 -1.166666640589634520e-03
-6.309999759365400585e-04 -2.333333281179269039e-03
-6.299999759390648157e-04 -2.624999941326677886e-03
-6.289999759415895730e-04 -2.458333278385301402e-03
-6.279999759441143303e-04 -2.999999932944774541e-03
-6.269999759466390876e-04 -2.291666615443924918e-03
-6.259999759491638449e-04 -2.249999949708581231e-03
-6.249999759516886022e-04 -2.083333286767204747e-03
-6.239999759542133595e-04 -1.249999972060322762e-03
-6.229999759567381168e-04 -1.958333289561172384e-03
-6.219999759592628741e-04 -1.791666626619795900e-03
-6.209999759617876314e-04 -1.083333309118946495e-03
-6.199999759643123887e-04 -1.958333289561172384e-03
-6.189999759668371460e-04 -1.708333295149107875e-03
-6.179999759693619032e-04 -3.041666598680118662e-03
-6.169999759718866605e-04 -1.833333292355140021e-03
-6.159999759744114178e-04 -1.916666623825828263e-03
-6.149999759769361751e-04 -1.541666632207731391e-03
-6.139999759794609324e-04 -3.124999930150806904e-03
-6.129999759819856897e-04 -2.124999952502548434e-03
-6.119999759845104470e-04 -1.624999963678419633e-03
-6.109999759870352043e-04 -8.749999804422258897e-04
-6.099999759895599616e-04 -1.333333303531011003e-03
-6.089999759920847189e-04 -2.291666615443924918e-03
-6.079999759946094762e-04 -1.499999966472387270e-03
-6.069999759971342335e-04 -2.708333272797365694e-03
-6.059999759996589908e-04 -1.958333289561172384e-03
-6.049999760021837480e-04 -1.458333300737043366e-03
-6.039999760047085053e-04 -1.124999974854290615e-03
-6.029999760072332626e-04 -2.166666618237892989e-03
-6.019999760097580199e-04 -1.874999958090484142e-03
-6.009999760122827772e-04 -1.708333295149107875e-03
-5.999999760148075345e-04 -2.583333275591333765e-03
-5.989999760173322918e-04 -2.083333286767204747e-03
-5.979999760198570491e-04 -1.624999963678419633e-03
-5.969999760223818064e-04 -2.416666612649957281e-03
-5.959999760249065637e-04 -2.416666612649957281e-03
-5.949999760274313210e-04 -1.958333289561172384e-03
-5.939999760299560783e-04 -1.041666643383602374e-03
-5.929999760324808356e-04 -3.249999927356839267e-03
-5.919999760350055928e-04 -9.166666461775700107e-04
-5.909999760375303501e-04 -2.249999949708581231e-03
-5.899999760400551074e-04 -2.083333286767204747e-03
-5.889999760425798647e-04 -3.749999916180968176e-04
-5.879999760451046220e-04 -2.791666604268054370e-03
-5.869999760476293793e-04 -2.624999941326677886e-03
-5.859999760501541366e-04 -2.249999949708581231e-03
-5.849999760526788939e-04 -1.124999974854290615e-03
-5.839999760552036512e-04 -1.708333295149107875e-03
-5.829999760577284085e-04 -1.583333297943075512e-03
-5.819999760602531658e-04 -2.166666618237892989e-03
-5.809999760627779231e-04 -2.916666601474086733e-03
-5.799999760653026804e-04 -1.374999969266355124e-03
-5.789999760678274376e-04 -2.083333286767204747e-03
-5.779999760703521949e-04 -2.208333283973236676e-03
-5.769999760728769522e-04 -2.499999944120645523e-03
-5.759999760754017095e-04 -2.333333281179269039e-03
-5.749999760779264668e-04 -1.874999958090484142e-03
-5.739999760804512241e-04 -5.416666545594732473e-04
-5.729999760829759814e-04 -2.499999944120645523e-03
-5.719999760855007387e-04 -1.583333297943075512e-03
-5.709999760880254960e-04 -1.958333289561172384e-03
-5.699999760905502533e-04 -2.458333278385301402e-03
-5.689999760930750106e-04 -2.041666621031860626e-03
-5.679999760955997679e-04 -1.833333292355140021e-03
-5.669999760981245251e-04 -1.083333309118946495e-03
-5.659999761006492824e-04 -1.791666626619795900e-03
-5.649999761031740397e-04 -1.958333289561172384e-03
-5.639999761056987970e-04 -2.999999932944774541e-03
-5.629999761082235543e-04 -2.624999941326677886e-03
-5.619999761107483116e-04 -1.208333306324978641e-03
-5.609999761132730689e-04 -1.791666626619795900e-03
-5.599999761157978262e-04 -2.291666615443924918e-03
-5.589999761183225835e-04 -1.624999963678419633e-03
-5.579999761208473408e-04 -1.791666626619795900e-03
-5.569999761233720981e-04 -2.291666615443924918e-03
-5.559999761258968554e-04 -2.666666607062022007e-03
-5.549999761284216127e-04 -1.666666629413763537e-03
-5.539999761309463699e-04 -3.249999927356839267e-03
-5.529999761334711272e-04 -2.208333283973236676e-03
-5.519999761359958845e-04 -1.666666629413763537e-03
-5.509999761385206418e-04 -3.333333258827527075e-03
-5.499999761410453991e-04 -2.916666601474086733e-03
-5.489999761435701564e-04 -1.583333297943075512e-03
-5.479999761460949137e-04 -1.874999958090484142e-03
-5.469999761486196710e-04 -2.208333283973236676e-03
-5.459999761511444283e-04 -1.749999960884451779e-03
-5.449999761536691856e-04 -7.916666489715377562e-04
-5.439999761561939429e-04 -9.583333119129141316e-04
-5.429999761587187002e-04 -1.541666632207731391e-03
-5.419999761612434575e-04 -1.791666626619795900e-03
-5.409999761637682147e-04 -1.041666643383602374e-03
-5.399999761662929720e-04 -2.791666604268054370e-03
-5.389999761688177293e-04 -1.749999960884451779e-03
-5.379999761713424866e-04 -2.083333286767204747e-03
-5.369999761738672439e-04 -1.708333295149107875e-03
-5.359999761763920012e-04 -1.499999966472387270e-03
-5.349999761789167585e-04 -2.666666607062022007e-03
-5.339999761814415158e-04 -1.291666637795666882e-03
-5.329999761839662731e-04 -2.916666601474086299e-04
-5.319999761864910304e-04 -7.083333175008495143e-04
-5.309999761890157877e-04 -1.499999966472387270e-03
-5.299999761915405450e-04 -1.249999972060322762e-03
-5.289999761940653022e-04 -2.083333286767204747e-03
-5.279999761965900595e-04 -9.999999776482582526e-04
-5.269999761991148168e-04 -1.374999969266355124e-03
-5.259999762016395741e-04 -1.666666629413763537e-03
-5.249999762041643314e-04 -1.166666640589634520e-03
-5.239999762066890887e-04 -2.291666615443924918e-03
-5.229999762092138460e-04 -2.833333270003398057e-03
-5.219999762117386033e-04 -2.291666615443924918e-03
-5.209999762142633606e-04 -1.374999969266355124e-03
-5.199999762167881179e-04 -2.208333283973236676e-03
-5.189999762193128752e-04 -2.416666612649957281e-03
-5.179999762218376325e-04 -2.083333286767204747e-03
-5.169999762243623898e-04 -1.041666643383602374e-03
-5.159999762268871470e-04 -1.499999966472387270e-03
-5.149999762294119043e-04 -1.291666637795666882e-03
-5.139999762319366616e-04 -4.166666573534408844e-04
-5.129999762344614189e-04 -2.124999952502548434e-03
-5.119999762369861762e-04 -1.499999966472387270e-03
-5.109999762395109335e-04 -2.874999935738742178e-03
-5.099999762420356908e-04 -2.458333278385301402e-03
-5.089999762445604481e-04 -2.333333281179269039e-03
-5.079999762470852054e-04 -2.499999944120645523e-03
-5.069999762496099627e-04 -2.166666618237892989e-03
-5.059999762521347200e-04 -2.374999946914613160e-03
-5.049999762546594773e-04 -2.124999952502548434e-03
-5.039999762571842346e-04 -1.374999969266355124e-03
-5.029999762597089918e-04 -1.749999960884451779e-03
-5.019999762622337491e-04 -2.166666618237892989e-03
-5.009999762647585064e-04 -2.333333281179269039e-03
-4.999999762672832637e-04 -2.333333281179269039e-03
-4.989999762698080210e-04 -1.458333300737043366e-03
-4.979999762723327783e-04 -2.041666621031860626e-03
-4.969999762748575356e-04 -2.499999944120645523e-03
-4.959999762773822929e-04 -2.708333272797365694e-03
-4.949999762799070502e-04 -1.249999972060322762e-03
-4.939999762824318075e-04 -1.541666632207731391e-03
-4.929999762849565648e-04 -2.833333270003398057e-03
-4.919999762874813221e-04 -1.958333289561172384e-03
-4.909999762900060793e-04 -1.541666632207731391e-03
-4.899999762925308366e-04 -1.874999958090484142e-03
-4.889999762950555939e-04 -2.499999944120645523e-03
-4.879999762975803512e-04 -9.999999776482582526e-04
-4.869999763001051085e-04 -1.583333297943075512e-03
-4.859999763026298658e-04 -2.499999944120645523e-03
-4.849999763051546231e-04 -2.333333281179269039e-03
-4.839999763076793804e-04 -2.958333267209430420e-03
-4.829999763102041377e-04 -5.833333202948172598e-04
-4.819999763127288950e-04 -1.458333300737043366e-03
-4.809999763152536523e-04 -4.166666573534408844e-04
-4.799999763177784096e-04 -1.749999960884451779e-03
-4.789999763203031669e-04 -1.499999966472387270e-03
-4.779999763228279241e-04 -1.583333297943075512e-03
-4.769999763253526814e-04 -2.124999952502548434e-03
-4.759999763278774387e-04 -1.166666640589634520e-03
-4.749999763304021960e-04 -1.624999963678419633e-03
-4.739999763329269533e-04 -2.291666615443924918e-03
-4.729999763354517106e-04 -2.249999949708581231e-03
-4.719999763379764679e-04 -2.374999946914613160e-03
-4.709999763405012252e-04 -2.499999944120645523e-03
-4.699999763430259825e-04 -2.416666612649957281e-03
-4.689999763455507398e-04 -2.374999946914613160e-03
-4.679999763480754971e-04 -1.583333297943075512e-03
-4.669999763506002544e-04 -1.291666637795666882e-03
-4.659999763531250117e-04 -1.083333309118946495e-03
-4.649999763556497689e-04 -2.583333275591333765e-03
-4.639999763581745262e-04 -2.041666621031860626e-03
-4.629999763606992835e-04 -1.416666635001699029e-03
-4.619999763632240408e-04 -2.541666609855989644e-03
-4.609999763657487981e-04 -1.749999960884451779e-03
-4.599999763682735554e-04 -2.249999949708581231e-03
-4.589999763707983127e-04 -2.458333278385301402e-03
-4.579999763733230700e-04 -2.208333283973236676e-03
-4.569999763758478273e-04 -1.833333292355140021e-03
-4.559999763783725846e-04 -1.416666635001699029e-03
-4.549999763808973419e-04 -1.791666626619795900e-03
-4.539999763834220992e-04 -2.083333286767204747e-03
-4.529999763859468564e-04 -2.458333278385301402e-03
-4.519999763884716137e-04 -1.166666640589634520e-03
-4.509999763909963710e-04 -1.041666643383602374e-03
-4.499999763935211283e-04 -2.916666601474086733e-03
-4.489999763960458856e-04 -2.041666621031860626e-03
-4.479999763985706429e-04 -2.999999932944774541e-03
-4.469999764010954002e-04 -3.333333258827527509e-04
-4.459999764036201575e-04 -2.333333281179269039e-03
-4.449999764061449148e-04 -1.624999963678419633e-03
-4.439999764086696721e-04 -2.916666601474086733e-03
-4.429999764111944294e-04 -2.416666612649957281e-03
-4.419999764137191867e-04 -1.374999969266355124e-03
-4.409999764162439440e-04 -1.958333289561172384e-03
-4.399999764187687012e-04 -1.541666632207731391e-03
-4.389999764212934585e-04 -1.374999969266355124e-03
-4.379999764238182158e-04 -1.708333295149107875e-03
-4.369999764263429731e-04 -1.666666629413763537e-03
-4.359999764288677304e-04 -2.958333267209430420e-03
-4.349999764313924877e-04 -2.208333283973236676e-03
-4.339999764339172450e-04 -1.958333289561172384e-03
-4.329999764364420023e-04 -2.166666618237892989e-03
-4.319999764389667596e-04 -1.708333295149107875e-03
-4.309999764414915169e-04 -1.499999966472387270e-03
-4.299999764440162742e-04 -1.999999955296516505e-03
-4.289999764465410315e-04 -1.708333295149107875e-03
-4.279999764490657888e-04 -2.541666609855989644e-03
-4.269999764515905460e-04 -1.416666635001699029e-03
-4.259999764541153033e-04 -1.999999955296516505e-03
-4.249999764566400606e-04 -2.583333275591333765e-03
-4.239999764591648179e-04 -2.666666607062022007e-03
-4.229999764616895752e-04 -2.458333278385301402e-03
-4.219999764642143325e-04 -2.791666604268054370e-03
-4.209999764667390898e-04 -2.666666607062022007e-03
-4.199999764692638471e-04 -1.708333295149107875e-03
-4.189999764717886044e-04 -2.208333283973236676e-03
-4.179999764743133617e-04 -2.249999949708581231e-03
-4.169999764768381190e-04 -1.499999966472387270e-03
-4.159999764793628763e-04 -1.749999960884451779e-03
-4.149999764818876336e-04 -1.416666635001699029e-03
-4.139999764844123908e-04 -2.541666609855989644e-03
-4.129999764869371481e-04 -1.624999963678419633e-03
-4.119999764894619054e-04 -2.833333270003398057e-03
-4.109999764919866627e-04 -2.249999949708581231e-03
-4.099999764945114200e-04 -2.333333281179269039e-03
-4.089999764970361773e-04 -2.916666601474086733e-03
-4.079999764995609346e-04 -2.416666612649957281e-03
-4.069999765020856919e-04 -7.083333175008495143e-04
-4.059999765046104492e-04 -2.291666615443924918e-03
-4.049999765071352065e-04 -2.666666607062022007e-03
-4.039999765096599638e-04 -1.166666640589634520e-03
-4.029999765121847211e-04 -1.166666640589634520e-03
-4.019999765147094783e-04 -1.874999958090484142e-03
-4.009999765172342356e-04 -2.041666621031860626e-03
-3.999999765197589929e-04 -1.749999960884451779e-03
-3.989999765222837502e-04 -2.833333270003398057e-03
-3.979999765248085075e-04 -2.083333286767204747e-03
-3.969999765273332648e-04 -1.208333306324978641e-03
-3.959999765298580221e-04 -2.041666621031860626e-03
-3.949999765323827794e-04 -1.374999969266355124e-03
-3.939999765349075367e-04 -1.999999955296516505e-03
-3.929999765374322940e-04 -2.333333281179269039e-03
-3.919999765399570513e-04 -1.624999963678419633e-03
-3.909999765424818086e-04 -1.624999963678419633e-03
-3.899999765450065659e-04 -1.791666626619795900e-03
-3.889999765475313231e-04 -1.708333295149107875e-03
-3.879999765500560804e-04 -1.999999955296516505e-03
-3.869999765525808377e-04 -2.208333283973236676e-03
-3.859999765551055950e-04 -1.083333309118946495e-03
-3.849999765576303523e-04 -1.541666632207731391e-03
-3.839999765601551096e-04 -1.916666623825828263e-03
-3.829999765626798669e-04 -2.458333278385301402e-03
-3.819999765652046242e-04 -1.749999960884451779e-03
-3.809999765677293815e-04 -2.041666621031860626e-03
-3.799999765702541388e-04 -2.208333283973236676e-03
-3.789999765727788961e-04 -1.041666643383602374e-03
-3.779999765753036534e-04 -2.708333272797365694e-03
-3.769999765778284107e-04 -1.458333300737043366e-03
-3.759999765803531679e-04 -1.833333292355140021e-03
-3.749999765828779252e-04 -2.833333270003398057e-03
-3.739999765854026825e-04 -1.291666637795666882e-03
-3.729999765879274398e-04 -1.249999972060322762e-03
-3.719999765904521971e-04 -2.041666621031860626e-03
-3.709999765929769544e-04 -2.458333278385301402e-03
-3.699999765955017117e-04 -1.624999963678419633e-03
-3.689999765980264690e-04 -1.916666623825828263e-03
-3.679999766005512263e-04 -1.291666637795666882e-03
-3.669999766030759836e-04 -1.624999963678419633e-03
-3.659999766056007409e-04 -1.083333309118946495e-03
-3.649999766081254982e-04 -3.166666595886151025e-03
-3.639999766106502554e-04 -1.958333289561172384e-03
-3.629999766131750127e-04 -2.458333278385301402e-03
-3.619999766156997700e-04 -2.083333286767204747e-03
-3.609999766182245273e-04 -1.833333292355140021e-03
-3.599999766207492846e-04 -2.958333267209430420e-03
-3.589999766232740419e-04 -2.041666621031860626e-03
-3.579999766257987992e-04 -1.749999960884451779e-03
-3.569999766283235565e-04 -1.374999969266355124e-03
-3.559999766308483138e-04 -9.999999776482582526e-04
-3.549999766333730711e-04 -1.999999955296516505e-03
-3.539999766358978284e-04 -1.249999972060322762e-03
-3.529999766384225857e-04 -1.624999963678419633e-03
-3.519999766409473430e-04 -2.333333281179269039e-03
-3.509999766434721002e-04 -2.541666609855989644e-03
-3.499999766459968575e-04 -2.124999952502548434e-03
-3.489999766485216148e-04 -2.583333275591333765e-03
-3.479999766510463721e-04 -1.374999969266355124e-03
-3.469999766535711294e-04 -2.124999952502548434e-03
-3.459999766560958867e-04 -2.666666607062022007e-03
-3.449999766586206440e-04 -5.416666545594732473e-04
-3.439999766611454013e-04 -1.458333300737043366e-03
-3.429999766636701586e-04 -1.458333300737043366e-03
-3.419999766661949159e-04 -2.291666615443924918e-03
-3.409999766687196732e-04 -8.333333147068817687e-04
-3.399999766712444305e-04 -1.958333289561172384e-03
-3.389999766737691878e-04 -2.708333272797365694e-03
-3.379999766762939450e-04 -2.541666609855989644e-03
-3.369999766788187023e-04 -2.874999935738742178e-03
-3.359999766813434596e-04 -1.916666623825828263e-03
-3.349999766838682169e-04 -3.041666598680118662e-03
-3.339999766863929742e-04 -7.916666489715377562e-04
-3.329999766889177315e-04 -1.124999974854290615e-03
-3.319999766914424888e-04 -1.124999974854290615e-03
-3.309999766939672461e-04 -2.583333275591333765e-03
-3.299999766964920034e-04 -1.999999955296516505e-03
-3.289999766990167607e-04 -1.708333295149107875e-03
-3.279999767015415180e-04 -1.666666629413763537e-03
-3.269999767040662753e-04 -2.083333286767204747e-03
-3.259999767065910325e-04 -6.666666517655055017e-04
-3.249999767091157898e-04 -1.916666623825828263e-03
-3.239999767116405471e-04 -1.291666637795666882e-03
-3.229999767141653044e-04 -2.666666607062022007e-03
-3.219999767166900617e-04 -2.458333278385301402e-03
-3.209999767192148190e-04 -1.583333297943075512e-03
-3.199999767217395763e-04 -2.249999949708581231e-03
-3.189999767242643336e-04 -8.749999804422258897e-04
-3.179999767267890909e-04 -1.791666626619795900e-03
-3.169999767293138482e-04 -1.499999966472387270e-03
-3.159999767318386055e-04 -1.958333289561172384e-03
-3.149999767343633628e-04 -2.291666615443924918e-03
-3.139999767368881201e-04 -1.499999966472387270e-03
-3.129999767394128773e-04 -1.916666623825828263e-03
-3.119999767419376346e-04 -2.041666621031860626e-03
-3.109999767444623919e-04 -1.791666626619795900e-03
-3.099999767469871492e-04 -1.749999960884451779e-03
-3.089999767495119065e-04 -2.124999952502548434e-03
-3.079999767520366638e-04 -9.166666461775700107e-04
-3.069999767545614211e-04 -1.999999955296516505e-03
-3.059999767570861784e-04 -1.124999974854290615e-03
-3.049999767596109357e-04 -1.791666626619795900e-03
-3.039999767621356930e-04 -1.583333297943075512e-03
-3.029999767646604503e-04 -1.541666632207731391e-03
-3.019999767671852076e-04 -2.583333275591333765e-03
-3.009999767697099649e-04 -1.499999966472387270e-03
-2.999999767722347221e-04 -2.166666618237892989e-03
-2.989999767747594794e-04 -1.708333295149107875e-03
-2.979999767772842367e-04 -1.916666623825828263e-03
-2.969999767798089940e-04 -2.249999949708581231e-03
-2.959999767823337513e-04 -1.083333309118946495e-03
-2.949999767848585086e-04 -2.624999941326677886e-03
-2.939999767873832659e-04 -2.416666612649957281e-03
-2.929999767899080232e-04 -2.833333270003398057e-03
-2.919999767924327805e-04 -2.041666621031860626e-03
-2.909999767949575378e-04 -2.666666607062022007e-03
-2.899999767974822951e-04 -1.874999958090484142e-03
-2.889999768000070524e-04 -2.916666601474086733e-03
-2.879999768025318096e-04 -1.249999972060322762e-03
-2.869999768050565669e-04 -1.416666635001699029e-03
-2.859999768075813242e-04 -1.166666640589634520e-03
-2.849999768101060815e-04 -2.124999952502548434e-03
-2.839999768126308388e-04 -2.208333283973236676e-03
-2.829999768151555961e-04 -7.083333175008495143e-04
-2.819999768176803534e-04 -3.499999921768903559e-03
-2.809999768202051107e-04 -2.208333283973236676e-03
-2.799999768227298680e-04 -2.916666601474086733e-03
-2.789999768252546253e-04 -1.499999966472387270e-03
-2.779999768277793826e-04 -2.333333281179269039e-03
-2.769999768303041399e-04 -2.708333272797365694e-03
-2.759999768328288972e-04 -2.458333278385301402e-03
-2.749999768353536544e-04 -2.166666618237892989e-03
-2.739999768378784117e-04 -1.791666626619795900e-03
-2.729999768404031690e-04 -1.374999969266355124e-03
-2.719999768429279263e-04 -1.499999966472387270e-03
-2.709999768454526836e-04 -1.416666635001699029e-03
-2.699999768479774409e-04 -1.666666629413763537e-03
-2.689999768505021982e-04 -2.166666618237892989e-03
-2.679999768530269555e-04 -2.333333281179269039e-03
-2.669999768555517128e-04 -2.999999932944774541e-03
-2.659999768580764701e-04 -2.333333281179269039e-03
-2.649999768606012274e-04 -1.124999974854290615e-03
-2.639999768631259847e-04 -1.583333297943075512e-03
-2.629999768656507420e-04 -1.249999972060322762e-03
-2.619999768681754992e-04 -9.999999776482582526e-04
-2.609999768707002565e-04 -2.208333283973236676e-03
-2.599999768732250138e-04 -7.083333175008495143e-04
-2.589999768757497711e-04 -2.166666618237892989e-03
-2.579999768782745284e-04 -9.583333119129141316e-04
-2.569999768807992857e-04 -2.916666601474086733e-03
-2.559999768833240430e-04 0.000000000000000000e+00
-2.549999768858488003e-04 -2.083333286767204747e-03
-2.539999768883735576e-04 -1.874999958090484142e-03
-2.529999768908983149e-04 -1.208333306324978641e-03
-2.519999768934230722e-04 -2.499999944120645523e-03
-2.509999768959478295e-04 -2.291666615443924918e-03
-2.499999768984725868e-04 -1.458333300737043366e-03
-2.489999769009973440e-04 -1.499999966472387270e-03
-2.479999769035221013e-04 -2.791666604268054370e-03
-2.469999769060468586e-04 -2.166666618237892989e-03
-2.459999769085716159e-04 -2.083333286767204747e-03
-2.449999769110963732e-04 -9.583333119129141316e-04
-2.439999769136211305e-04 -1.583333297943075512e-03
-2.429999769161458878e-04 -1.083333309118946495e-03
-2.419999769186706451e-04 -1.708333295149107875e-03
-2.409999769211954024e-04 -1.958333289561172384e-03
-2.399999769237201597e-04 -1.458333300737043366e-03
-2.389999769262449170e-04 -1.041666643383602374e-03
-2.379999769287696743e-04 -2.374999946914613160e-03
-2.369999769312944315e-04 -1.083333309118946495e-03
-2.359999769338191888e-04 -1.333333303531011003e-03
-2.349999769363439461e-04 -2.041666621031860626e-03
-2.339999769388687034e-04 -1.624999963678419633e-03
-2.329999769413934607e-04 -2.374999946914613160e-03
-2.319999769439182180e-04 -1.874999958090484142e-03
-2.309999769464429753e-04 -2.374999946914613160e-03
-2.299999769489677326e-04 -2.458333278385301402e-03
-2.289999769514924899e-04 -2.791666604268054370e-03
-2.279999769540172472e-04 -2.874999935738742178e-03
-2.269999769565420045e-04 -1.791666626619795900e-03
-2.259999769590667618e-04 -1.583333297943075512e-03
-2.249999769615915191e-04 -2.499999944120645523e-03
-2.239999769641162763e-04 -1.583333297943075512e-03
-2.229999769666410336e-04 -1.124999974854290615e-03
-2.219999769691657909e-04 -1.374999969266355124e-03
-2.209999769716905482e-04 -2.416666612649957281e-03
-2.199999769742153055e-04 -1.958333289561172384e-03
-2.189999769767400628e-04 -1.916666623825828263e-03
-2.179999769792648201e-04 -2.499999944120645523e-03
-2.169999769817895774e-04 -1.416666635001699029e-03
-2.159999769843143347e-04 -7.916666489715377562e-04
-2.149999769868390920e-04 -2.166666618237892989e-03
-2.139999769893638493e-04 -2.374999946914613160e-03
-2.129999769918886066e-04 -1.333333303531011003e-03
-2.119999769944133639e-04 -1.708333295149107875e-03
-2.109999769969381211e-04 -2.749999938532710249e-03
-2.099999769994628784e-04 -1.333333303531011003e-03
-2.089999770019876357e-04 -6.249999860301613808e-04
-2.079999770045123930e-04 -1.624999963678419633e-03
-2.069999770070371503e-04 -2.874999935738742178e-03
-2.059999770095619076e-04 -2.083333286767204747e-03
-2.049999770120866649e-04 -1.999999955296516505e-03
-2.039999770146114222e-04 -1.749999960884451779e-03
-2.029999770171361795e-04 -1.666666629413763537e-03
-2.019999770196609368e-04 -2.208333283973236676e-03
-2.009999770221856941e-04 -9.166666461775700107e-04
-1.999999770247104514e-04 -1.833333292355140021e-03
-1.989999770272352086e-04 -2.583333275591333765e-03
-1.979999770297599659e-04 -2.291666615443924918e-03
-1.969999770322847232e-04 -2.249999949708581231e-03
-1.959999770348094805e-04 -1.833333292355140021e-03
-1.949999770373342378e-04 -9.166666461775700107e-04
-1.939999770398589951e-04 -3.166666595886151025e-03
-1.929999770423837524e-04 1.666666629413763754e-04
-1.919999770449085097e-04 -1.833333292355140021e-03
-1.909999770474332670e-04 -2.458333278385301402e-03
-1.899999770499580243e-04 -1.874999958090484142e-03
-1.889999770524827816e-04 -1.749999960884451779e-03
-1.879999770550075389e-04 -1.583333297943075512e-03
-1.869999770575322962e-04 -1.874999958090484142e-03
-1.859999770600570534e-04 -1.291666637795666882e-03
-1.849999770625818107e-04 -9.166666461775700107e-04
-1.839999770651065680e-04 -1.624999963678419633e-03
-1.829999770676313253e-04 -8.333333147068817687e-04
-1.819999770701560826e-04 -3.166666595886151025e-03
-1.809999770726808399e-04 -2.291666615443924918e-03
-1.799999770752055972e-04 -1.916666623825828263e-03
-1.789999770777303545e-04 -1.999999955296516505e-03
-1.779999770802551118e-04 -2.208333283973236676e-03
-1.769999770827798691e-04 -1.041666643383602374e-03
-1.759999770853046264e-04 -8.333333147068817687e-04
-1.749999770878293837e-04 -1.958333289561172384e-03
-1.739999770903541410e-04 -1.791666626619795900e-03
-1.729999770928788982e-04 -1.874999958090484142e-03
-1.719999770954036555e-04 -2.166666618237892989e-03
-1.709999770979284128e-04 -2.499999944120645523e-03
-1.699999771004531701e-04 -1.541666632207731391e-03
-1.689999771029779274e-04 -2.666666607062022007e-03
-1.679999771055026847e-04 -9.999999776482582526e-04
-1.669999771080274420e-04 -1.708333295149107875e-03
-1.659999771105521993e-04 -2.749999938532710249e-03
-1.649999771130769566e-04 -1.708333295149107875e-03
-1.639999771156017139e-04 -2.749999938532710249e-03
-1.629999771181264712e-04 -1.874999958090484142e-03
-1.619999771206512285e-04 -2.374999946914613160e-03
-1.609999771231759857e-04 -9.166666461775700107e-04
-1.599999771257007430e-04 -2.999999932944774541e-03
-1.589999771282255003e-04 -1.708333295149107875e-03
-1.579999771307502576e-04 -1.124999974854290615e-03
-1.569999771332750149e-04 -2.374999946914613160e-03
-1.559999771357997722e-04 -2.374999946914613160e-03
-1.549999771383245295e-04 -1.749999960884451779e-03
-1.539999771408492868e-04 -2.041666621031860626e-03
-1.529999771433740441e-04 -2.458333278385301402e-03
-1.519999771458988014e-04 -1.958333289561172384e-03
-1.509999771484235587e-04 -1.416666635001699029e-03
-1.499999771509483160e-04 -1.749999960884451779e-03
-1.489999771534730733e-04 -1.416666635001699029e-03
-1.479999771559978305e-04 -7.499999832361936352e-04
-1.469999771585225878e-04 -2.833333270003398057e-03
-1.459999771610473451e-04 -1.833333292355140021e-03
-1.449999771635721024e-04 -1.541666632207731391e-03
-1.439999771660968597e-04 -1.291666637795666882e-03
-1.429999771686216170e-04 -1.666666629413763537e-03
-1.419999771711463743e-04 -1.583333297943075512e-03
-1.409999771736711316e-04 -2.458333278385301402e-03
-1.399999771761958889e-04 -2.583333275591333765e-03
-1.389999771787206462e-04 -3.249999927356839267e-03
-1.379999771812454035e-04 -1.749999960884451779e-03
-1.369999771837701608e-04 -2.583333275591333765e-03
-1.359999771862949181e-04 -1.333333303531011003e-03
-1.349999771888196753e-04 -1.749999960884451779e-03
-1.339999771913444326e-04 -1.541666632207731391e-03
-1.329999771938691899e-04 -2.458333278385301402e-03
-1.319999771963939472e-04 -2.458333278385301402e-03
-1.309999771989187045e-04 -1.874999958090484142e-03
-1.299999772014434618e-04 -1.958333289561172384e-03
-1.289999772039682191e-04 -8.749999804422258897e-04
-1.279999772064929764e-04 -2.666666607062022007e-03
-1.269999772090177337e-04 -1.791666626619795900e-03
-1.259999772115424910e-04 -1.583333297943075512e-03
-1.249999772140672483e-04 -1.333333303531011003e-03
-1.239999772165920056e-04 -1.333333303531011003e-03
-1.229999772191167628e-04 -2.041666621031860626e-03
-1.219999772216415201e-04 -1.249999972060322762e-03
-1.209999772241662774e-04 -7.916666489715377562e-04
-1.199999772266910347e-04 -3.249999927356839267e-03
-1.189999772292157920e-04 -1.916666623825828263e-03
-1.179999772317405493e-04 -1.541666632207731391e-03
-1.169999772342653066e-04 -1.083333309118946495e-03
-1.159999772367900639e-04 -3.458333256033559438e-03
-1.149999772393148212e-04 -2.416666612649957281e-03
-1.139999772418395785e-04 -1.749999960884451779e-03
-1.129999772443643358e-04 -1.916666623825828263e-03
-1.119999772468890931e-04 -2.249999949708581231e-03
-1.109999772494138504e-04 -1.083333309118946495e-03
-1.099999772519386076e-04 -2.291666615443924918e-03
-1.089999772544633649e-04 -1.791666626619795900e-03
-1.079999772569881222e-04 -2.249999949708581231e-03
-1.069999772595128795e-04 -2.874999935738742178e-03
-1.059999772620376368e-04 -1.958333289561172384e-03
-1.049999772645623941e-04 -1.791666626619795900e-03
-1.039999772670871514e-04 -1.916666623825828263e-03
-1.029999772696119087e-04 -1.666666629413763537e-03
-1.019999772721366660e-04 -1.791666626619795900e-03
-1.009999772746614233e-04 -1.374999969266355124e-03
-9.999997727718618057e-05 -1.874999958090484142e-03
-9.899997727971093786e-05 -1.749999960884451779e-03
-9.799997728223569515e-05 -1.833333292355140021e-03
-9.699997728476045245e-05 -1.624999963678419633e-03
-9.599997728728520974e-05 -2.416666612649957281e-03
-9.499997728980996703e-05 -1.666666629413763537e-03
-9.399997729233472432e-05 -9.583333119129141316e-04
-9.299997729485948161e-05 -6.666666517655055017e-04
-9.199997729738423891e-05 -1.208333306324978641e-03
-9.099997729990899620e-05 -1.833333292355140021e-03
-8.999997730243375349e-05 -1.416666635001699029e-03
-8.899997730495851078e-05 -1.749999960884451779e-03
-8.799997730748326807e-05 -2.666666607062022007e-03
-8.699997731000802537e-05 -1.749999960884451779e-03
-8.599997731253278266e-05 -1.708333295149107875e-03
-8.499997731505753995e-05 -2.833333270003398057e-03
-8.399997731758229724e-05 -2.166666618237892989e-03
-8.299997732010705453e-05 -1.458333300737043366e-03
-8.199997732263181183e-05 -2.083333286767204747e-03
-8.099997732515656912e-05 -2.041666621031860626e-03
-7.999997732768132641e-05 -1.499999966472387270e-03
-7.899997733020608370e-05 -2.499999944120645523e-03
-7.799997733273084100e-05 -1.999999955296516505e-03
-7.699997733525559829e-05 -2.208333283973236676e-03
-7.599997733778035558e-05 -2.833333270003398057e-03
-7.499997734030511287e-05 -2.541666609855989644e-03
-7.399997734282987016e-05 -1.708333295149107875e-03
-7.299997734535462746e-05 -2.624999941326677886e-03
-7.199997734787938475e-05 -1.958333289561172384e-03
-7.099997735040414204e-05 -1.749999960884451779e-03
-6.999997735292889933e-05 -1.499999966472387270e-03
-6.899997735545365662e-05 -2.499999944120645523e-03
-6.799997735797841392e-05 -2.333333281179269039e-03
-6.699997736050317121e-05 -1.249999972060322762e-03
-6.599997736302792850e-05 -1.999999955296516505e-03
-6.499997736555268579e-05 -1.791666626619795900e-03
-6.399997736807744309e-05 -2.291666615443924918e-03
-6.299997737060220038e-05 -1.458333300737043366e-03
-6.199997737312695767e-05 -1.291666637795666882e-03
-6.099997737565171496e-05 -2.291666615443924918e-03
-5.999997737817647225e-05 -1.791666626619795900e-03
-5.899997738070122955e-05 -1.166666640589634520e-03
-5.799997738322598684e-05 -2.083333286767204747e-03
-5.699997738575074413e-05 -2.041666621031860626e-03
-5.599997738827550142e-05 -2.124999952502548434e-03
-5.499997739080025871e-05 -3.208333261621495146e-03
-5.399997739332501601e-05 -1.416666635001699029e-03
-5.299997739584977330e-05 -3.249999927356839267e-03
-5.199997739837453059e-05 -2.708333272797365694e-03
-5.099997740089928788e-05 -1.958333289561172384e-03
-4.999997740342404517e-05 -9.583333119129141316e-04
-4.899997740594880247e-05 -1.999999955296516505e-03
-4.799997740847355976e-05 -2.624999941326677886e-03
-4.699997741099831705e-05 -2.583333275591333765e-03
-4.599997741352307434e-05 -2.541666609855989644e-03
-4.499997741604783164e-05 -2.041666621031860626e-03
-4.399997741857258893e-05 -1.999999955296516505e-03
-4.299997742109734622e-05 -1.791666626619795900e-03
-4.199997742362210351e-05 -8.333333147068817687e-04
-4.099997742614686080e-05 -7.083333175008495143e-04
-3.999997742867161810e-05 -2.041666621031860626e-03
-3.899997743119637539e-05 -1.124999974854290615e-03
-3.799997743372113268e-05 -1.291666637795666882e-03
-3.699997743624588997e-05 -2.083333286767204747e-03
-3.599997743877064726e-05 -1.708333295149107875e-03
-3.499997744129540456e-05 -2.749999938532710249e-03
-3.399997744382016185e-05 -8.749999804422258897e-04
-3.299997744634491914e-05 -1.833333292355140021e-03
-3.199997744886967643e-05 -2.208333283973236676e-03
-3.099997745139443373e-05 -2.749999938532710249e-03
-2.999997745391919102e-05 -2.374999946914613160e-03
-2.899997745644394831e-05 -2.458333278385301402e-03
-2.799997745896870560e-05 -1.541666632207731391e-03
-2.699997746149346289e-05 -2.333333281179269039e-03
-2.599997746401822019e-05 -1.624999963678419633e-03
-2.499997746654297748e-05 -9.166666461775700107e-04
-2.399997746906773477e-05 -2.291666615443924918e-03
-2.299997747159249206e-05 -2.333333281179269039e-03
-2.199997747411724935e-05 -1.166666640589634520e-03
-2.099997747664200665e-05 -1.833333292355140021e-03
-1.999997747916676394e-05 -2.916666601474086733e-03
-1.899997748169152123e-05 -2.666666607062022007e-03
-1.799997748421627852e-05 -2.083333286767204747e-03
-1.699997748674103581e-05 -1.541666632207731391e-03
-1.599997748926579311e-05 -2.541666609855989644e-03
-1.499997749179055040e-05 -1.541666632207731391e-03
-1.399997749431530769e-05 -1.541666632207731391e-03
-1.299997749684006498e-05 -1.958333289561172384e-03
-1.199997749936482228e-05 -2.833333270003398057e-03
-1.099997750188957957e-05 -2.249999949708581231e-03
-9.999977504414336860e-06 -2.041666621031860626e-03
-8.999977506939094152e-06 -1.999999955296516505e-03
-7.999977509463851444e-06 -1.916666623825828263e-03
-6.999977511988608736e-06 -1.791666626619795900e-03
-5.999977514513366028e-06 -1.874999958090484142e-03
-4.999977517038123320e-06 -1.541666632207731391e-03
-3.999977519562880612e-06 -1.333333303531011003e-03
-2.999977522087637904e-06 -1.458333300737043366e-03
-1.999977524612395197e-06 -1.374999969266355124e-03
-9.999775271371524887e-07 -1.416666635001699029e-03
2.247033809021914408e-11 -1.958333289561172384e-03
1.000022467813332927e-06 -1.541666632207731391e-03
2.000022465288575635e-06 1.495833299898852858e-02
3.000022462763818343e-06 1.291666637795666882e-03
4.000022460239061051e-06 5.166666551182667530e-03
5.000022457714303759e-06 7.916666489715376911e-03
6.000022455189546466e-06 9.083333130305012298e-03
7.000022452664789174e-06 1.083333309118946278e-02
8.000022450140031882e-06 1.458333300737043106e-02
9.000022447615274590e-06 1.658333296266694887e-02
1.000002244509051730e-05 1.833333292355139935e-02
1.100002244256576001e-05 2.116666619355479784e-02
1.200002244004100271e-05 2.299999948590993742e-02
1.300002243751624542e-05 2.458333278385301662e-02
1.400002243499148813e-05 2.712499939370900323e-02
1.500002243246673084e-05 2.920833268047621015e-02
1.600002242994197355e-05 3.237499927636235814e-02
1.700002242741721625e-05 3.295833259665717496e-02
1.800002242489245896e-05 3.533333254357178682e-02
1.900002242236770167e-05 3.754166582754502740e-02
2.000002241984294438e-05 3.924999912269413332e-02
2.100002241731818708e-05 4.095833241784323925e-02
2.200002241479342979e-05 4.204166572696219073e-02
2.300002241226867250e-05 4.416666567946474220e-02
2.400002240974391521e-05 4.449999900534749170e-02
2.500002240721915792e-05 4.758333226976295405e-02
2.600002240469440062e-05 4.937499889638274908e-02
2.700002240216964333e-05 4.945833222785343819e-02
2.800002239964488604e-05 5.137499885167926689e-02
2.900002239712012875e-05 5.354166546991716291e-02
3.000002239459537146e-05 5.329166547550509558e-02
3.100002239207061416e-05 5.504166543638954606e-02
3.200002238954585687e-05 5.620833207697917971e-02
3.300002238702109958e-05 5.683333206300934110e-02
3.400002238449634229e-05 5.733333205183346881e-02
3.500002238197158499e-05 5.924999867565929751e-02
3.600002237944682770e-05 5.970833199874808067e-02
3.700002237692207041e-05 5.983333199595411434e-02
3.800002237439731312e-05 6.037499865051358661e-02
3.900002237187255583e-05 6.195833194845666581e-02
4.000002236934779853e-05 6.124999863095581532e-02
4.100002236682304124e-05 6.266666526595751630e-02
4.200002236429828395e-05 6.304166525757561035e-02
4.300002236177352666e-05 6.283333192889889451e-02
4.400002235924876937e-05 6.312499858904629946e-02
4.500002235672401207e-05 6.158333195683856481e-02
4.600002235419925478e-05 6.158333195683856481e-02
4.700002235167449749e-05 6.254166526875147569e-02
4.800002234914974020e-05 6.333333191772301529e-02
4.900002234662498291e-05 6.333333191772301529e-02
5.000002234410022561e-05 6.287499859463423213e-02
5.100002234157546832e-05 6.154166529110322720e-02
5.200002233905071103e-05 6.212499861139804402e-02
5.300002233652595374e-05 6.237499860581010441e-02
5.400002233400119644e-05 6.104166530227909948e-02
5.500002233147643915e-05 5.924999867565929751e-02
5.600002232895168186e-05 5.920833200992395295e-02
5.700002232642692457e-05 5.866666535536448068e-02
5.800002232390216728e-05 5.795833203786363019e-02
5.900002232137740998e-05 5.620833207697917971e-02
6.000002231885265269e-05 5.587499875109643022e-02
6.100002231632789540e-05 5.445833211609472924e-02
6.200002231380313811e-05 5.391666546153525696e-02
6.300002231127838082e-05 5.308333214682837281e-02
6.400002230875362352e-05 5.183333217476805005e-02
6.500002230622886623e-05 5.029166554256032234e-02
6.600002230370410894e-05 4.933333223064740453e-02
6.700002230117935165e-05 4.808333225858708176e-02
6.800002229865459435e-05 4.504166565990696397e-02
6.900002229612983706e-05 4.412499901372939071e-02
7.000002229360507977e-05 4.379166568784664121e-02
7.100002229108032248e-05 4.120833241225530658e-02
7.200002228855556519e-05 4.137499907519668479e-02
7.300002228603080789e-05 3.924999912269413332e-02
7.400002228350605060e-05 3.891666579681138383e-02
7.500002228098129331e-05 3.554166587224850959e-02
7.600002227845653602e-05 3.379166591136405912e-02
7.700002227593177873e-05 3.199999928474426408e-02
7.800002227340702143e-05 2.974999933503568242e-02
7.900002227088226414e-05 2.891666602032879826e-02
8.000002226835750685e-05 2.720833272517969234e-02
8.100002226583274956e-05 2.537499943282455275e-02
8.200002226330799227e-05 2.366666613767544336e-02
8.300002226078323497e-05 2.154166618517289536e-02
8.400002225825847768e-05 2.020833288164188696e-02
8.500002225573372039e-05 1.654166629693160431e-02
8.600002225320896310e-05 1.654166629693160431e-02
8.700002225068420580e-05 1.462499967310577562e-02
8.800002224815944851e-05 1.174999973736703431e-02
8.900002224563469122e-05 8.583333141480882847e-03
9.000002224310993393e-05 7.416666500891248327e-03
9.100002224058517664e-05 7.083333175008496227e-03
9.200002223806041934e-05 4.999999888241291046e-03
9.300002223553566205e-05 3.208333261621495146e-03
9.400002223301090476e-05 -2.916666601474086299e-04
9.500002223048614747e-05 -2.041666621031860626e-03
9.600002222796139018e-05 -3.583333253239591801e-03
9.700002222543663288e-05 -5.708333205742140669e-03
9.800002222291187559e-05 -6.541666520449022221e-03
9.900002222038711830e-05 -8.583333141480882847e-03
1.000000222178623610e-04 -1.016666643942395858e-02
1.010000222153376037e-04 -1.158333307442565782e-02
1.020000222128128464e-04 -1.483333300178249665e-02
1.030000222102880891e-04 -1.495833299898852858e-02
1.040000222077633318e-04 -1.766666627178589341e-02
1.050000222052385745e-04 -1.954166622987637755e-02
1.060000222027138173e-04 -2.066666620473067012e-02
1.070000222001890600e-04 -2.191666617679099288e-02
1.080000221976643027e-04 -2.308333281738062653e-02
1.090000221951395454e-04 -2.383333280061682158e-02
1.100000221926147881e-04 -2.662499940488487551e-02
1.110000221900900308e-04 -2.679166606782625026e-02
1.120000221875652735e-04 -2.899999935179948737e-02
1.130000221850405162e-04 -2.958333267209430767e-02
1.140000221825157589e-04 -3.095833264136066063e-02
1.150000221799910016e-04 -3.241666594209770269e-02
1.160000221774662443e-04 -3.329166592253993140e-02
1.170000221749414870e-04 -3.362499924842268090e-02
1.180000221724167297e-04 -3.533333254357178682e-02
1.190000221698919725e-04 -3.762499915901571651e-02
1.200000221673672152e-04 -3.833333247651656700e-02
1.210000221648424579e-04 -3.795833248489846601e-02
1.220000221623177006e-04 -3.995833244019498381e-02
1.230000221597929433e-04 -4.091666575210790163e-02
1.240000221572681860e-04 -4.066666575769583430e-02
1.250000221547434287e-04 -3.987499910872429471e-02
1.260000221522186714e-04 -4.199999906122684618e-02
1.270000221496939141e-04 -4.399999901652336398e-02
1.280000221471691568e-04 -4.220833238990356201e-02
1.290000221446443995e-04 -4.245833238431562934e-02
1.300000221421196422e-04 -4.229166572137425806e-02
1.310000221395948850e-04 -4.449999900534749170e-02
1.320000221370701277e-04 -4.337499903049320260e-02
1.330000221345453704e-04 -4.437499900814145803e-02
1.340000221320206131e-04 -4.470833233402420753e-02
1.350000221294958558e-04 -4.587499897461384812e-02
1.360000221269710985e-04 -4.291666570740441944e-02
1.370000221244463412e-04 -4.349999902769922933e-02
1.380000221219215839e-04 -4.374999902211129665e-02
1.390000221193968266e-04 -4.362499902490526299e-02
1.400000221168720693e-04 -4.416666567946474220e-02
1.410000221143473120e-04 -4.366666569064060754e-02
1.420000221118225547e-04 -4.299999903887510161e-02
1.430000221092977974e-04 -4.370833235637595210e-02
1.440000221067730402e-04 -4.229166572137425806e-02
1.450000221042482829e-04 -4.158333240387340063e-02
1.460000221017235256e-04 -4.129166574372599569e-02
1.470000220991987683e-04 -4.066666575769583430e-02
1.480000220966740110e-04 -3.987499910872429471e-02
1.490000220941492537e-04 -3.916666579122344422e-02
1.500000220916244964e-04 -3.754166582754502740e-02
1.510000220890997391e-04 -3.708333250445624424e-02
1.520000220865749818e-04 -3.712499917019158185e-02
1.530000220840502245e-04 -3.554166587224850959e-02
1.540000220815254672e-04 -3.483333255474765910e-02
1.550000220790007099e-04 -3.387499924283474823e-02
1.560000220764759526e-04 -3.279166593371580368e-02
1.570000220739511954e-04 -3.112499930430203537e-02
1.580000220714264381e-04 -2.970833266930033786e-02
1.590000220689016808e-04 -2.924999934621155123e-02
1.600000220663769235e-04 -2.849999936297535966e-02
1.610000220638521662e-04 -2.624999941326677799e-02
1.620000220613274089e-04 -2.512499943841248889e-02
1.630000220588026516e-04 -2.362499947194009881e-02
1.640000220562778943e-04 -2.354166614046940970e-02
1.650000220537531370e-04 -2.283333282296856268e-02
1.660000220512283797e-04 -1.995833288722981963e-02
1.670000220487036224e-04 -1.816666626061002460e-02
1.680000220461788651e-04 -1.662499962840229342e-02
1.690000220436541079e-04 -1.687499962281435728e-02
1.700000220411293506e-04 -1.462499967310577562e-02
1.710000220386045933e-04 -1.333333303531010830e-02
1.720000220360798360e-04 -1.016666643942395858e-02
1.730000220335550787e-04 -9.749999782070516499e-03
1.740000220310303214e-04 -7.291666503685215531e-03
1.750000220285055641e-04 -6.541666520449022221e-03
1.760000220259808068e-04 -5.249999882653355772e-03
1.770000220234560495e-04 -2.791666604268054370e-03
1.780000220209312922e-04 -1.874999958090484142e-03
1.790000220184065349e-04 -2.083333286767204422e-04
1.800000220158817776e-04 1.708333295149107875e-03
1.810000220133570203e-04 2.999999932944774541e-03
1.820000220108322631e-04 2.833333270003398057e-03
1.830000220083075058e-04 5.083333219711979288e-03
1.840000220057827485e-04 5.416666545594731388e-03
1.850000220032579912e-04 9.208333127511044228e-03
1.860000220007332339e-04 1.029166643662999051e-02
1.870000219982084766e-04 1.020833310515930140e-02
1.880000219956837193e-04 1.191666640030841079e-02
1.890000219931589620e-04 1.429166634722302438e-02
1.900000219906342047e-04 1.512499966192990507e-02
1.910000219881094474e-04 1.583333297943075382e-02
1.920000219855846901e-04 1.874999958090484142e-02
1.930000219830599328e-04 1.987499955575913399e-02
1.940000219805351755e-04 1.991666622149447508e-02
1.950000219780104183e-04 2.233333283414443496e-02
1.960000219754856610e-04 2.283333282296856268e-02
1.970000219729609037e-04 2.445833278664698296e-02
1.980000219704361464e-04 2.637499941047281166e-02
1.990000219679113891e-04 2.679166606782625026e-02
2.000000219653866318e-04 2.791666604268053936e-02
2.010000219628618745e-04 2.891666602032879826e-02
2.020000219603371172e-04 3.045833265253653291e-02
2.030000219578123599e-04 3.104166597283134627e-02
2.040000219552876026e-04 3.216666594768564230e-02
2.050000219527628453e-04 3.329166592253993140e-02
2.060000219502380880e-04 3.258333260503908091e-02
2.070000219477133307e-04 3.520833254636576010e-02
2.080000219451885735e-04 3.587499919813125909e-02
2.090000219426638162e-04 3.641666585269073830e-02
2.100000219401390589e-04 3.612499919254332642e-02
2.110000219376143016e-04 3.708333250445624424e-02
2.120000219350895443e-04 3.824999914504587789e-02
2.130000219325647870e-04 3.795833248489846601e-02
2.140000219300400297e-04 3.849999913945794522e-02
2.150000219275152724e-04 3.941666578563551154e-02
2.160000219249905151e-04 3.979166577725360560e-02
2.170000219224657578e-04 3.966666578004757887e-02
2.180000219199410005e-04 4.054166576048980064e-02
2.190000219174162432e-04 4.037499909754842242e-02
2.200000219148914860e-04 4.137499907519668479e-02
2.210000219123667287e-04 4.137499907519668479e-02
2.220000219098419714e-04 4.091666575210790163e-02
2.230000219073172141e-04 4.187499906402081251e-02
2.240000219047924568e-04 4.208333239269752835e-02
2.250000219022676995e-04 4.212499905843287984e-02
2.260000218997429422e-04 4.241666571858028478e-02
2.270000218972181849e-04 4.120833241225530658e-02
2.280000218946934276e-04 4.058333242622514520e-02
2.290000218921686703e-04 3.962499911431222738e-02
2.300000218896439130e-04 4.091666575210790163e-02
2.310000218871191557e-04 4.145833240666736697e-02
2.320000218845943984e-04 4.004166577166567292e-02
2.330000218820696412e-04 4.016666576887170659e-02
2.340000218795448839e-04 3.958333244857688976e-02
2.350000218770201266e-04 3.870833246813466105e-02
2.360000218744953693e-04 3.774999915622174324e-02
2.370000218719706120e-04 3.795833248489846601e-02
2.380000218694458547e-04 3.712499917019158185e-02
2.390000218669210974e-04 3.608333252680798187e-02
2.400000218643963401e-04 3.583333253239592148e-02
2.410000218618715828e-04 3.558333253798385415e-02
2.420000218593468255e-04 3.408333257151146406e-02
2.430000218568220682e-04 3.312499925959855318e-02
2.440000218542973109e-04 3.166666595886150765e-02
2.450000218517725536e-04 3.133333263297875815e-02
2.460000218492477964e-04 3.120833263577272448e-02
2.470000218467230391e-04 3.108333263856669429e-02
2.480000218441982818e-04 2.841666603150467055e-02
2.490000218416735245e-04 2.920833268047621015e-02
2.500000218391487672e-04 2.858333269444604877e-02
2.510000218366240099e-04 2.633333274473746710e-02
2.520000218340992526e-04 2.604166608459005522e-02
2.530000218315744953e-04 2.391666613208750722e-02
2.540000218290497380e-04 2.324999948032200475e-02
2.550000218265249807e-04 2.170833284811427358e-02
2.560000218240002234e-04 2.129166619076083150e-02
2.570000218214754661e-04 1.999999955296516418e-02
2.580000218189507089e-04 1.887499957811087162e-02
2.590000218164259516e-04 1.737499961163848847e-02
2.600000218139011943e-04 1.645833296546091520e-02
2.610000218113764370e-04 1.545833298781265804e-02
2.620000218088516797e-04 1.424999968148767983e-02
2.630000218063269224e-04 1.304166637516270162e-02
2.640000218038021651e-04 1.216666639472047465e-02
2.650000218012774078e-04 1.108333308560152837e-02
2.660000217987526505e-04 9.249999793246388782e-03
2.670000217962278932e-04 7.083333175008496227e-03
2.680000217937031359e-04 6.541666520449022221e-03
2.690000217911783786e-04 5.749999871477484356e-03
2.700000217886536213e-04 5.124999885447322975e-03
2.710000217861288641e-04 3.458333256033559438e-03
2.720000217836041068e-04 2.416666612649957281e-03
2.730000217810793495e-04 1.958333289561172384e-03
2.740000217785545922e-04 -6.249999860301613808e-04
2.750000217760298349e-04 -1.874999958090484142e-03
2.760000217735050776e-04 -1.874999958090484142e-03
2.770000217709803203e-04 -4.666666562358538078e-03
2.780000217684555630e-04 -5.291666548388699459e-03
2.790000217659308057e-04 -5.916666534418860840e-03
2.800000217634060484e-04 -7.291666503685215531e-03
2.810000217608812911e-04 -8.416666478539506363e-03
2.820000217583565338e-04 -8.916666467363635815e-03
2.830000217558317765e-04 -1.029166643662999051e-02
2.840000217533070193e-04 -1.254166638633857217e-02
2.850000217507822620e-04 -1.295833304369201251e-02
2.860000217482575047e-04 -1.479166633604715383e-02
2.870000217457327474e-04 -1.266666638354460410e-02
2.880000217432079901e-04 -1.479166633604715383e-02
2.890000217406832328e-04 -1.591666631090144293e-02
2.900000217381584755e-04 -1.791666626619796074e-02
2.910000217356337182e-04 -1.737499961163848847e-02
2.920000217331089609e-04 -1.849999958649277756e-02
2.930000217305842036e-04 -1.883333291237553053e-02
2.940000217280594463e-04 -2.066666620473067012e-02
2.950000217255346890e-04 -2.108333286208411220e-02
2.960000217230099318e-04 -2.104166619634876417e-02
2.970000217204851745e-04 -2.204166617399702308e-02
2.980000217179604172e-04 -2.254166616282115426e-02
2.990000217154356599e-04 -2.279166615723321812e-02
3.000000217129109026e-04 -2.441666612091163840e-02
3.010000217103861453e-04 -2.408333279502888544e-02
3.020000217078613880e-04 -2.424999945797026019e-02
3.030000217053366307e-04 -2.537499943282455275e-02
3.040000217028118734e-04 -2.554166609576592750e-02
3.050000217002871161e-04 -2.708333272797366215e-02
3.060000216977623588e-04 -2.454166611811766860e-02
3.070000216952376015e-04 -2.633333274473746710e-02
3.080000216927128442e-04 -2.712499939370900323e-02
3.090000216901880870e-04 -2.662499940488487551e-02
3.100000216876633297e-04 -2.666666607062021660e-02
3.110000216851385724e-04 -2.708333272797366215e-02
3.120000216826138151e-04 -2.729166605665037798e-02
3.130000216800890578e-04 -2.791666604268053936e-02
3.140000216775643005e-04 -2.808333270562191758e-02
3.150000216750395432e-04 -2.687499939929693937e-02
3.160000216725147859e-04 -2.699999939650297304e-02
3.170000216699900286e-04 -2.733333272238572600e-02
3.180000216674652713e-04 -2.679166606782625026e-02
3.190000216649405140e-04 -2.624999941326677799e-02
3.200000216624157567e-04 -2.637499941047281166e-02
3.210000216598909994e-04 -2.674999940209090571e-02
3.220000216573662422e-04 -2.641666607620815274e-02
3.230000216548414849e-04 -2.512499943841248889e-02
3.240000216523167276e-04 -2.595833275311936958e-02
3.250000216497919703e-04 -2.512499943841248889e-02
3.260000216472672130e-04 -2.424999945797026019e-02
3.270000216447424557e-04 -2.458333278385301662e-02
3.280000216422176984e-04 -2.304166615164528198e-02
3.290000216396929411e-04 -2.174999951384961466e-02
3.300000216371681838e-04 -2.137499952223152061e-02
3.310000216346434265e-04 -2.220833283693840129e-02
3.320000216321186692e-04 -2.174999951384961466e-02
3.330000216295939119e-04 -2.087499953340738942e-02
3.340000216270691547e-04 -2.024999954737722804e-02
3.350000216245443974e-04 -1.945833289840569191e-02
3.360000216220196401e-04 -1.870833291516949687e-02
3.370000216194948828e-04 -1.695833295428504639e-02
3.380000216169701255e-04 -1.591666631090144293e-02
3.390000216144453682e-04 -1.566666631648937907e-02
3.400000216119206109e-04 -1.508333299619456051e-02
3.410000216093958536e-04 -1.387499968986958231e-02
3.420000216068710963e-04 -1.449999967589974369e-02
3.430000216043463390e-04 -1.204166639751444272e-02
3.440000216018215817e-04 -1.237499972339719569e-02
3.450000215992968244e-04 -1.154166640869031327e-02
3.460000215967720671e-04 -1.008333310795326947e-02
3.470000215942473099e-04 -8.624999807216227402e-03
3.480000215917225526e-04 -8.374999812804163543e-03
3.490000215891977953e-04 -7.416666500891248327e-03
3.500000215866730380e-04 -6.416666523242990292e-03
3.510000215841482807e-04 -6.583333186184366775e-03
3.520000215816235234e-04 -4.541666565152506149e-03
3.530000215790987661e-04 -3.791666581916312406e-03
3.540000215765740088e-04 -2.833333270003398057e-03
3.550000215740492515e-04 -2.374999946914613160e-03
3.560000215715244942e-04 -2.916666601474086299e-04
3.570000215689997369e-04 7.916666489715377562e-04
3.580000215664749796e-04 2.166666618237892989e-03
3.590000215639502223e-04 2.124999952502548434e-03
3.600000215614254651e-04 3.499999921768903559e-03
3.610000215589007078e-04 4.458333233681817907e-03
3.620000215563759505e-04 5.916666534418860840e-03
3.630000215538511932e-04 6.208333194566270120e-03
3.640000215513264359e-04 6.958333177802463430e-03
3.650000215488016786e-04 8.291666481333474434e-03
3.660000215462769213e-04 8.916666467363635815e-03
3.670000215437521640e-04 9.666666450599829125e-03
3.680000215412274067e-04 1.099999975413084100e-02
3.690000215387026494e-04 1.133333308001359223e-02
3.700000215361778921e-04 1.145833307721962416e-02
3.710000215336531348e-04 1.308333304089804444e-02
3.720000215311283775e-04 1.358333302972217389e-02
3.730000215286036203e-04 1.466666633884112017e-02
3.740000215260788630e-04 1.504166633045921769e-02
3.750000215235541057e-04 1.658333296266694887e-02
3.760000215210293484e-04 1.795833293193330529e-02
3.770000215185045911e-04 1.770833293752123797e-02
3.780000215159798338e-04 1.904166624105224984e-02
3.790000215134550765e-04 1.970833289281775577e-02
3.800000215109303192e-04 1.970833289281775577e-02
3.810000215084055619e-04 2.095833286487807853e-02
3.820000215058808046e-04 2.129166619076083150e-02
3.830000215033560473e-04 2.095833286487807853e-02
3.840000215008312900e-04 2.104166619634876417e-02
3.850000214983065328e-04 2.362499947194009881e-02
3.860000214957817755e-04 2.324999948032200475e-02
3.870000214932570182e-04 2.412499946076422999e-02
3.880000214907322609e-04 2.416666612649957108e-02
3.890000214882075036e-04 2.608333275032540324e-02
3.900000214856827463e-04 2.520833276988317800e-02
3.910000214831579890e-04 2.583333275591333938e-02
3.920000214806332317e-04 2.545833276429524186e-02
3.930000214781084744e-04 2.712499939370900323e-02
3.940000214755837171e-04 2.583333275591333938e-02
3.950000214730589598e-04 2.666666607062021660e-02
3.960000214705342025e-04 2.699999939650297304e-02
3.970000214680094452e-04 2.699999939650297304e-02
3.980000214654846880e-04 2.745833271959175620e-02
3.990000214629599307e-04 2.729166605665037798e-02
4.000000214604351734e-04 2.766666604826847550e-02
4.010000214579104161e-04 2.708333272797366215e-02
4.020000214553856588e-04 2.745833271959175620e-02
4.030000214528609015e-04 2.716666605944434779e-02
4.040000214503361442e-04 2.833333270003398491e-02
4.050000214478113869e-04 2.858333269444604877e-02
4.060000214452866296e-04 2.662499940488487551e-02
4.070000214427618723e-04 2.762499938253313442e-02
4.080000214402371150e-04 2.774999937973916461e-02
4.090000214377123577e-04 2.754166605106244531e-02
4.100000214351876004e-04 2.666666607062021660e-02
4.110000214326628432e-04 2.720833272517969234e-02
4.120000214301380859e-04 2.645833274194350077e-02
4.130000214276133286e-04 2.599999941885471413e-02
4.140000214250885713e-04 2.570833275870730572e-02
4.150000214225638140e-04 2.583333275591333938e-02
4.160000214200390567e-04 2.608333275032540324e-02
4.170000214175142994e-04 2.520833276988317800e-02
4.180000214149895421e-04 2.429166612370560474e-02
4.190000214124647848e-04 2.274999949149787357e-02
4.200000214099400275e-04 2.304166615164528198e-02
4.210000214074152702e-04 2.170833284811427358e-02
4.220000214048905129e-04 2.187499951105564833e-02
4.230000214023657557e-04 2.237499949987977604e-02
4.240000213998409984e-04 2.091666619914273398e-02
4.250000213973162411e-04 2.091666619914273398e-02
4.260000213947914838e-04 2.029166621311257260e-02
4.270000213922667265e-04 1.929166623546431369e-02
4.280000213897419692e-04 1.787499960046261618e-02
4.290000213872172119e-04 1.762499960605054886e-02
4.300000213846924546e-04 1.745833294310917411e-02
4.310000213821676973e-04 1.737499961163848847e-02
4.320000213796429400e-04 1.687499962281435728e-02
4.330000213771181827e-04 1.562499965075403452e-02
4.340000213745934254e-04 1.495833299898852858e-02
4.350000213720686681e-04 1.416666635001699245e-02
4.360000213695439109e-04 1.316666637236873355e-02
4.370000213670191536e-04 1.220833306045581920e-02
4.380000213644943963e-04 1.254166638633857217e-02
4.390000213619696390e-04 1.154166640869031327e-02
4.400000213594448817e-04 8.874999801628291260e-03
4.410000213569201244e-04 9.374999790452420712e-03
4.420000213543953671e-04 9.041666464569667744e-03
4.430000213518706098e-04 7.874999823980032357e-03
4.440000213493458525e-04 6.624999851919710463e-03
4.450000213468210952e-04 6.833333180596431501e-03
4.460000213442963379e-04 5.958333200154205395e-03
4.470000213417715806e-04 5.083333219711979288e-03
4.480000213392468233e-04 4.874999891035258250e-03
4.490000213367220661e-04 3.416666590298215751e-03
4.500000213341973088e-04 3.124999930150806904e-03
4.510000213316725515e-04 2.041666621031860626e-03
4.520000213291477942e-04 8.333333147068817687e-04
4.530000213266230369e-04 3.333333258827527509e-04
4.540000213240982796e-04 -1.208333306324978641e-03
4.550000213215735223e-04 -1.958333289561172384e-03
4.560000213190487650e-04 -1.791666626619795900e-03
4.570000213165240077e-04 -1.791666626619795900e-03
4.580000213139992504e-04 -2.333333281179269039e-03
4.590000213114744931e-04 -3.958333244857688456e-03
4.600000213089497358e-04 -4.541666565152506149e-03
4.610000213064249786e-04 -4.749999893829226320e-03
4.620000213039002213e-04 -6.083333197360237324e-03
4.630000213013754640e-04 -6.499999854713678533e-03
4.640000212988507067e-04 -6.208333194566270120e-03
4.650000212963259494e-04 -8.374999812804163543e-03
4.660000212938011921e-04 -8.833333135892946705e-03
4.670000212912764348e-04 -9.041666464569667744e-03
4.680000212887516775e-04 -9.874999779276550163e-03
4.690000212862269202e-04 -9.374999790452420712e-03
4.700000212837021629e-04 -9.749999782070516499e-03
4.710000212811774056e-04 -9.374999790452420712e-03
4.720000212786526483e-04 -1.187499973457306623e-02
4.730000212761278910e-04 -1.195833306604375361e-02
4.740000212736031338e-04 -1.370833302692820582e-02
4.750000212710783765e-04 -1.241666638913254024e-02
4.760000212685536192e-04 -1.337499970104545285e-02
4.770000212660288619e-04 -1.504166633045921769e-02
4.780000212635041046e-04 -1.420833301575233527e-02
4.790000212609793473e-04 -1.474999967031180928e-02
4.800000212584545900e-04 -1.379166635839889493e-02
4.810000212559298327e-04 -1.512499966192990507e-02
4.820000212534050754e-04 -1.508333299619456051e-02
4.830000212508803181e-04 -1.470833300457646473e-02
4.840000212483555608e-04 -1.587499964516609838e-02
4.850000212458308035e-04 -1.508333299619456051e-02
4.860000212433060462e-04 -1.641666629972557065e-02
4.870000212407812890e-04 -1.545833298781265804e-02
4.880000212382565317e-04 -1.629166630251954045e-02
4.890000212357317744e-04 -1.587499964516609838e-02
4.900000212332070171e-04 -1.674999962560832709e-02
4.910000212306822598e-04 -1.662499962840229342e-02
4.920000212281575025e-04 -1.566666631648937907e-02
4.930000212256327452e-04 -1.549999965354800259e-02
4.940000212231079879e-04 -1.624999963678419590e-02
4.950000212205832306e-04 -1.608333297384282115e-02
4.960000212180584733e-04 -1.574999964796006471e-02
4.970000212155337160e-04 -1.554166631928334714e-02
4.980000212130089587e-04 -1.579166631369540927e-02
4.990000212104842015e-04 -1.566666631648937907e-02
5.000000212079594442e-04 -1.520833299340059244e-02
5.010000212054346869e-04 -1.487499966751784121e-02
5.020000212029099296e-04 -1.449999967589974369e-02
5.030000212003851723e-04 -1.470833300457646473e-02
5.040000211978604150e-04 -1.466666633884112017e-02
5.050000211953356577e-04 -1.379166635839889493e-02
5.060000211928109004e-04 -1.429166634722302438e-02
5.070000211902861431e-04 -1.354166636398683107e-02
5.080000211877613858e-04 -1.337499970104545285e-02
5.090000211852366285e-04 -1.279166638075063603e-02
5.100000211827118712e-04 -1.204166639751444272e-02
5.110000211801871139e-04 -1.183333306883772168e-02
5.120000211776623567e-04 -1.212499972898513009e-02
5.130000211751375994e-04 -1.120833308280756030e-02
5.140000211726128421e-04 -1.095833308839549644e-02
5.150000211700880848e-04 -1.008333310795326947e-02
5.160000211675633275e-04 -1.041666643383602417e-02
5.170000211650385702e-04 -9.999999776482582092e-03
5.180000211625138129e-04 -8.166666484127442505e-03
5.190000211599890556e-04 -8.874999801628291260e-03
5.200000211574642983e-04 -7.249999837949871843e-03
5.210000211549395410e-04 -7.083333175008496227e-03
5.220000211524147837e-04 -6.541666520449022221e-03
5.230000211498900264e-04 -5.458333211330075943e-03
5.240000211473652691e-04 -5.666666540006796114e-03
5.250000211448405119e-04 -4.333333236475785978e-03
5.260000211423157546e-04 -4.208333239269753182e-03
5.270000211397909973e-04 -3.249999927356839267e-03
5.280000211372662400e-04 -2.583333275591333765e-03
5.290000211347414827e-04 -2.291666615443924918e-03
5.300000211322167254e-04 -8.749999804422258897e-04
5.310000211296919681e-04 -1.208333306324978641e-03
5.320000211271672108e-04 -1.791666626619795900e-03
5.330000211246424535e-04 -4.166666573534408844e-04
5.340000211221176962e-04 5.833333202948172598e-04
5.350000211195929389e-04 5.833333202948172598e-04
5.360000211170681816e-04 2.833333270003398057e-03
5.370000211145434243e-04 2.083333286767204747e-03
5.380000211120186671e-04 3.958333244857688456e-03
5.390000211094939098e-04 4.249999905005096869e-03
5.400000211069691525e-04 3.874999913387000647e-03
5.410000211044443952e-04 5.291666548388699459e-03
5.420000211019196379e-04 5.499999877065420498e-03
5.430000210993948806e-04 5.541666542800764185e-03
5.440000210968701233e-04 6.499999854713678533e-03
5.450000210943453660e-04 5.833333202948173465e-03
5.460000210918206087e-04 7.416666500891248327e-03
5.470000210892958514e-04 8.291666481333474434e-03
5.480000210867710941e-04 8.916666467363635815e-03
5.490000210842463368e-04 8.499999810010193738e-03
5.500000210817215796e-04 1.087499975692480733e-02
5.510000210791968223e-04 1.137499974574893678e-02
5.520000210766720650e-04 1.066666642824808803e-02
5.530000210741473077e-04 1.249999972060322762e-02
5.540000210716225504e-04 1.054166643104205610e-02
5.550000210690977931e-04 1.183333306883772168e-02
5.560000210665730358e-04 1.333333303531010830e-02
5.570000210640482785e-04 1.362499969545751845e-02
5.580000210615235212e-04 1.370833302692820582e-02
5.590000210589987639e-04 1.445833301016439913e-02
5.600000210564740066e-04 1.462499967310577562e-02
5.610000210539492493e-04 1.412499968428164790e-02
5.620000210514244920e-04 1.491666633325318576e-02
5.630000210488997348e-04 1.508333299619456051e-02
5.640000210463749775e-04 1.604166630810747660e-02
5.650000210438502202e-04 1.695833295428504639e-02
5.660000210413254629e-04 1.591666631090144293e-02
5.670000210388007056e-04 1.783333293472727163e-02
5.680000210362759483e-04 1.712499961722642114e-02
5.690000210337511910e-04 1.712499961722642114e-02
5.700000210312264337e-04 1.704166628575573203e-02
5.710000210287016764e-04 1.799999959766864985e-02
5.720000210261769191e-04 1.762499960605054886e-02
5.730000210236521618e-04 1.854166625222812212e-02
5.740000210211274045e-04 1.924999956972897261e-02
5.750000210186026472e-04 1.870833291516949687e-02
5.760000210160778900e-04 1.924999956972897261e-02
5.770000210135531327e-04 1.904166624105224984e-02
5.780000210110283754e-04 1.908333290678759439e-02
5.790000210085036181e-04 1.754166627457986322e-02
5.800000210059788608e-04 1.795833293193330529e-02
5.810000210034541035e-04 1.862499958369881123e-02
5.820000210009293462e-04 2.049999954178929190e-02
5.830000209984045889e-04 1.862499958369881123e-02
5.840000209958798316e-04 1.808333292913933549e-02
5.850000209933550743e-04 1.874999958090484142e-02
5.860000209908303170e-04 1.854166625222812212e-02
5.870000209883055597e-04 1.858333291796346667e-02
5.880000209857808025e-04 1.808333292913933549e-02
5.890000209832560452e-04 1.799999959766864985e-02
5.900000209807312879e-04 1.774999960325658252e-02
5.910000209782065306e-04 1.812499959487468004e-02
5.920000209756817733e-04 1.883333291237553053e-02
5.930000209731570160e-04 1.841666625502208846e-02
5.940000209706322587e-04 1.629166630251954045e-02
5.950000209681075014e-04 1.654166629693160431e-02
5.960000209655827441e-04 1.604166630810747660e-02
5.970000209630579868e-04 1.670833295987298253e-02
5.980000209605332295e-04 1.645833296546091520e-02
5.990000209580084722e-04 1.679166629134366817e-02
6.000000209554837149e-04 1.570833298222472363e-02
6.010000209529589577e-04 1.629166630251954045e-02
6.020000209504342004e-04 1.549999965354800259e-02
6.030000209479094431e-04 1.524999965913593700e-02
6.040000209453846858e-04 1.249999972060322762e-02
6.050000209428599285e-04 1.366666636119286300e-02
6.060000209403351712e-04 1.270833304927994692e-02
6.070000209378104139e-04 1.283333304648598058e-02
6.080000209352856566e-04 1.266666638354460410e-02
6.090000209327608993e-04 1.083333309118946278e-02
6.100000209302361420e-04 1.216666639472047465e-02
6.110000209277113847e-04 1.199999973177909816e-02
6.120000209251866274e-04 1.158333307442565782e-02
6.130000209226618701e-04 1.099999975413084100e-02
6.140000209201371129e-04 1.020833310515930140e-02
6.150000209176123556e-04 1.004166644221792665e-02
6.160000209150875983e-04 8.749999804422259331e-03
6.170000209125628410e-04 8.041666486921410575e-03
6.180000209100380837e-04 7.791666492509344982e-03
6.190000209075133264e-04 6.458333188978334846e-03
6.200000209049885691e-04 6.499999854713678533e-03
6.210000209024638118e-04 6.291666526036957495e-03
6.220000208999390545e-04 5.791666537212828911e-03
6.230000208974142972e-04 5.249999882653355772e-03
6.240000208948895399e-04 4.708333228093882633e-03
6.250000208923647826e-04 4.083333242063721252e-03
6.260000208898400254e-04 4.208333239269753182e-03
6.270000208873152681e-04 2.749999938532710249e-03
6.280000208847905108e-04 2.958333267209430420e-03
6.290000208822657535e-04 2.416666612649957281e-03
6.300000208797409962e-04 1.874999958090484142e-03
6.310000208772162389e-04 1.416666635001699029e-03
6.320000208746914816e-04 4.166666573534408844e-04
6.330000208721667243e-04 4.166666573534408844e-04
6.340000208696419670e-04 3.749999916180968176e-04
6.350000208671172097e-04 -6.666666517655055017e-04
6.360000208645924524e-04 -2.083333286767204422e-04
6.370000208620676951e-04 -8.333333147068817687e-04
6.380000208595429378e-04 -2.458333278385301402e-03
6.390000208570181806e-04 -1.166666640589634520e-03
6.400000208544934233e-04 -2.499999944120645523e-03
6.410000208519686660e-04 -2.708333272797365694e-03
6.420000208494439087e-04 -3.541666587504248113e-03
6.430000208469191514e-04 -2.874999935738742178e-03
6.440000208443943941e-04 -3.499999921768903559e-03
6.450000208418696368e-04 -4.083333242063721252e-03
6.460000208393448795e-04 -4.208333239269753182e-03
6.470000208368201222e-04 -5.374999879859387701e-03
6.480000208342953649e-04 -5.208333216918012085e-03
6.490000208317706076e-04 -6.041666531624892769e-03
6.500000208292458503e-04 -6.291666526036957495e-03
6.510000208267210930e-04 -7.333333169420560085e-03
6.520000208241963358e-04 -6.666666517655054150e-03
6.530000208216715785e-04 -7.249999837949871843e-03
6.540000208191468212e-04 -7.958333155450721466e-03
6.550000208166220639e-04 -7.999999821186066021e-03
6.560000208140973066e-04 -8.083333152656753395e-03
6.570000208115725493e-04 -7.874999823980032357e-03
6.580000208090477920e-04 -7.916666489715376911e-03
6.590000208065230347e-04 -8.249999815598129879e-03
6.600000208039982774e-04 -7.958333155450721466e-03
6.610000208014735201e-04 -8.749999804422259331e-03
6.620000207989487628e-04 -8.791666470157603885e-03
6.630000207964240055e-04 -8.416666478539506363e-03
6.640000207938992483e-04 -9.083333130305012298e-03
6.650000207913744910e-04 -8.958333133098980369e-03
6.660000207888497337e-04 -9.458333121923108086e-03
6.670000207863249764e-04 -8.374999812804163543e-03
6.680000207838002191e-04 -8.874999801628291260e-03
6.690000207812754618e-04 -7.624999829567968498e-03
6.700000207787507045e-04 -9.541666453393797195e-03
6.710000207762259472e-04 -9.499999787658452641e-03
6.720000207737011899e-04 -8.999999798834324924e-03
6.730000207711764326e-04 -8.208333149862785325e-03
6.740000207686516753e-04 -9.708333116335173679e-03
6.750000207661269180e-04 -9.333333124717076157e-03
6.760000207636021607e-04 -9.416666456187765266e-03
6.770000207610774035e-04 -8.541666475745538292e-03
6.780000207585526462e-04 -9.083333130305012298e-03
6.790000207560278889e-04 -8.958333133098980369e-03
6.800000207535031316e-04 -7.708333161038657608e-03
6.810000207509783743e-04 -8.333333147068818988e-03
6.820000207484536170e-04 -8.874999801628291260e-03
6.830000207459288597e-04 -7.416666500891248327e-03
6.840000207434041024e-04 -7.041666509273151672e-03
6.850000207408793451e-04 -6.666666517655054150e-03
6.860000207383545878e-04 -7.624999829567968498e-03
6.870000207358298305e-04 -6.999999843537807118e-03
6.880000207333050732e-04 -6.083333197360237324e-03
6.890000207307803159e-04 -6.999999843537807118e-03
6.900000207282555587e-04 -7.124999840743839914e-03
6.910000207257308014e-04 -5.124999885447322975e-03
6.920000207232060441e-04 -6.958333177802463430e-03
6.930000207206812868e-04 -4.708333228093882633e-03
6.940000207181565295e-04 -5.499999877065420498e-03
6.950000207156317722e-04 -4.458333233681817907e-03
6.960000207131070149e-04 -3.999999910593033010e-03
6.970000207105822576e-04 -3.999999910593033010e-03
6.980000207080575003e-04 -4.249999905005096869e-03
6.990000207055327430e-04 -3.124999930150806904e-03
7.000000207030079857e-04 -3.749999916180968285e-03
7.010000207004832284e-04 -3.499999921768903559e-03
7.020000206979584711e-04 -1.833333292355140021e-03
7.030000206954337139e-04 -1.916666623825828263e-03
7.040000206929089566e-04 -1.624999963678419633e-03
7.050000206903841993e-04 -1.374999969266355124e-03
7.060000206878594420e-04 -1.624999963678419633e-03
7.070000206853346847e-04 -1.458333300737043366e-03
7.080000206828099274e-04 -2.083333286767204422e-04
7.090000206802851701e-04 4.166666573534409386e-05
7.100000206777604128e-04 9.999999776482582526e-04
7.110000206752356555e-04 1.833333292355140021e-03
7.120000206727108982e-04 1.999999955296516505e-03
7.130000206701861409e-04 2.333333281179269039e-03
7.140000206676613836e-04 1.749999960884451779e-03
7.150000206651366264e-04 2.666666607062022007e-03
7.160000206626118691e-04 2.999999932944774541e-03
7.170000206600871118e-04 3.541666587504248113e-03
7.180000206575623545e-04 4.041666576328376698e-03
7.190000206550375972e-04 4.958333222505947359e-03
7.200000206525128399e-04 4.166666573534409494e-03
7.210000206499880826e-04 4.791666559564570875e-03
7.220000206474633253e-04 6.416666523242990292e-03
7.230000206449385680e-04 5.916666534418860840e-03
7.240000206424138107e-04 6.374999857507645737e-03
7.250000206398890534e-04 6.958333177802463430e-03
7.260000206373642961e-04 6.708333183390398705e-03
7.270000206348395388e-04 7.999999821186066021e-03
7.280000206323147816e-04 6.749999849125743259e-03
7.290000206297900243e-04 7.333333169420560085e-03
7.300000206272652670e-04 7.708333161038657608e-03
7.310000206247405097e-04 6.458333188978334846e-03
7.320000206222157524e-04 9.208333127511044228e-03
7.330000206196909951e-04 9.041666464569667744e-03
7.340000206171662378e-04 1.083333309118946278e-02
7.350000206146414805e-04 1.024999977089464595e-02
7.360000206121167232e-04 1.033333310236533506e-02
7.370000206095919659e-04 9.124999796040355118e-03
7.380000206070672086e-04 1.179166640310237886e-02
7.390000206045424513e-04 1.091666642266015189e-02
7.400000206020176940e-04 1.020833310515930140e-02
7.410000205994929368e-04 1.112499975133687292e-02
7.420000205969681795e-04 1.162499974016100238e-02
7.430000205944434222e-04 1.195833306604375361e-02
7.440000205919186649e-04 1.354166636398683107e-02
7.450000205893939076e-04 1.108333308560152837e-02
7.460000205868691503e-04 1.233333305766185113e-02
7.470000205843443930e-04 1.166666640589634693e-02
7.480000205818196357e-04 1.237499972339719569e-02
7.490000205792948784e-04 1.283333304648598058e-02
7.500000205767701211e-04 1.212499972898513009e-02
7.510000205742453638e-04 1.354166636398683107e-02
7.520000205717206065e-04 1.324999970383942093e-02
7.530000205691958493e-04 1.341666636678079741e-02
7.540000205666710920e-04 1.362499969545751845e-02
7.550000205641463347e-04 1.320833303810407637e-02
7.560000205616215774e-04 1.312499970663338900e-02
7.570000205590968201e-04 1.329166636957476548e-02
7.580000205565720628e-04 1.316666637236873355e-02
7.590000205540473055e-04 1.270833304927994692e-02
7.600000205515225482e-04 1.312499970663338900e-02
7.610000205489977909e-04 1.383333302413423775e-02
7.620000205464730336e-04 1.324999970383942093e-02
7.630000205439482763e-04 1.379166635839889493e-02
7.640000205414235190e-04 1.304166637516270162e-02
7.650000205388987617e-04 1.304166637516270162e-02
7.660000205363740045e-04 1.329166636957476548e-02
7.670000205338492472e-04 1.245833305486788306e-02
7.680000205313244899e-04 1.245833305486788306e-02
7.690000205287997326e-04 1.291666637795666969e-02
7.700000205262749753e-04 1.308333304089804444e-02
7.710000205237502180e-04 1.204166639751444272e-02
7.720000205212254607e-04 1.162499974016100238e-02
7.730000205187007034e-04 1.158333307442565782e-02
7.740000205161759461e-04 1.162499974016100238e-02
7.750000205136511888e-04 1.191666640030841079e-02
7.760000205111264315e-04 1.183333306883772168e-02
7.770000205086016742e-04 1.199999973177909816e-02
7.780000205060769169e-04 1.174999973736703431e-02
7.790000205035521597e-04 1.070833309398343085e-02
7.800000205010274024e-04 1.149999974295496871e-02
7.810000204985026451e-04 1.037499976810067961e-02
7.820000204959778878e-04 1.083333309118946278e-02
7.830000204934531305e-04 1.033333310236533506e-02
7.840000204909283732e-04 1.116666641707221748e-02
7.850000204884036159e-04 9.083333130305012298e-03
7.860000204858788586e-04 9.458333121923108086e-03
7.870000204833541013e-04 8.541666475745538292e-03
7.880000204808293440e-04 7.791666492509344982e-03
7.890000204783045867e-04 9.208333127511044228e-03
7.900000204757798294e-04 7.666666495303313053e-03
7.910000204732550722e-04 7.249999837949871843e-03
7.920000204707303149e-04 7.541666498097280256e-03
7.930000204682055576e-04 7.583333163832624811e-03
7.940000204656808003e-04 8.291666481333474434e-03
7.950000204631560430e-04 8.249999815598129879e-03
7.960000204606312857e-04 6.291666526036957495e-03
7.970000204581065284e-04 6.124999863095581878e-03
7.980000204555817711e-04 6.249999860301613808e-03
7.990000204530570138e-04 5.499999877065420498e-03
8.000000204505322565e-04 5.874999868683517153e-03
8.010000204480074992e-04 5.499999877065420498e-03
8.020000204454827419e-04 4.124999907799064940e-03
8.030000204429579846e-04 4.708333228093882633e-03
8.040000204404332274e-04 4.541666565152506149e-03
8.050000204379084701e-04 4.041666576328376698e-03
8.060000204353837128e-04 4.749999893829226320e-03
8.070000204328589555e-04 2.833333270003398057e-03
8.080000204303341982e-04 3.041666598680118662e-03
8.090000204278094409e-04 1.791666626619795900e-03
8.100000204252846836e-04 1.708333295149107875e-03
8.110000204227599263e-04 4.999999888241291263e-04
8.120000204202351690e-04 1.458333300737043366e-03
8.130000204177104117e-04 1.166666640589634520e-03
8.140000204151856544e-04 5.833333202948172598e-04
8.150000204126608971e-04 8.333333147068817687e-04
8.160000204101361398e-04 6.249999860301613808e-04
8.170000204076113826e-04 8.749999804422258897e-04
8.180000204050866253e-04 -2.916666601474086299e-04
8.190000204025618680e-04 -8.749999804422258897e-04
8.200000204000371107e-04 -9.583333119129141316e-04
8.210000203975123534e-04 -1.458333300737043366e-03
8.220000203949875961e-04 -7.499999832361936352e-04
8.230000203924628388e-04 -5.416666545594732473e-04
8.240000203899380815e-04 -2.208333283973236676e-03
8.250000203874133242e-04 -1.791666626619795900e-03
8.260000203848885669e-04 -2.291666615443924918e-03
8.270000203823638096e-04 -2.124999952502548434e-03
8.280000203798390523e-04 -1.999999955296516505e-03
8.290000203773142951e-04 -3.249999927356839267e-03
8.300000203747895378e-04 -2.708333272797365694e-03
8.310000203722647805e-04 -3.666666584710280043e-03
8.320000203697400232e-04 -2.708333272797365694e-03
8.330000203672152659e-04 -3.791666581916312406e-03
8.340000203646905086e-04 -4.499999899417162462e-03
8.350000203621657513e-04 -3.499999921768903559e-03
8.360000203596409940e-04 -3.958333244857688456e-03
8.370000203571162367e-04 -3.166666595886151025e-03
8.380000203545914794e-04 -4.083333242063721252e-03
8.390000203520667221e-04 -4.583333230887849837e-03
8.400000203495419648e-04 -4.083333242063721252e-03
8.410000203470172075e-04 -3.958333244857688456e-03
8.420000203444924503e-04 -4.541666565152506149e-03
8.430000203419676930e-04 -3.874999913387000647e-03
8.440000203394429357e-04 -3.541666587504248113e-03
8.450000203369181784e-04 -4.333333236475785978e-03
8.460000203343934211e-04 -3.583333253239591801e-03
8.470000203318686638e-04 -4.624999896623194391e-03
8.480000203293439065e-04 -6.083333197360237324e-03
8.490000203268191492e-04 -4.624999896623194391e-03
8.500000203242943919e-04 -4.833333225299914562e-03
8.510000203217696346e-04 -5.583333208536108740e-03
8.520000203192448773e-04 -4.249999905005096869e-03
8.530000203167201200e-04 -4.041666576328376698e-03
8.540000203141953627e-04 -4.166666573534409494e-03
8.550000203116706055e-04 -4.666666562358538078e-03
8.560000203091458482e-04 -4.291666570740441423e-03
8.570000203066210909e-04 -4.458333233681817907e-03
8.580000203040963336e-04 -4.708333228093882633e-03
8.590000203015715763e-04 -4.041666576328376698e-03
8.600000202990468190e-04 -4.041666576328376698e-03
8.610000202965220617e-04 -4.291666570740441423e-03
8.620000202939973044e-04 -3.583333253239591801e-03
8.630000202914725471e-04 -2.374999946914613160e-03
8.640000202889477898e-04 -2.999999932944774541e-03
8.650000202864230325e-04 -3.416666590298215751e-03
8.660000202838982752e-04 -4.083333242063721252e-03
8.670000202813735179e-04 -2.458333278385301402e-03
8.680000202788487607e-04 -3.666666584710280043e-03
8.690000202763240034e-04 -2.999999932944774541e-03
8.700000202737992461e-04 -2.374999946914613160e-03
8.710000202712744888e-04 -1.624999963678419633e-03
8.720000202687497315e-04 -2.041666621031860626e-03
8.730000202662249742e-04 -2.208333283973236676e-03
8.740000202637002169e-04 -1.291666637795666882e-03
8.750000202611754596e-04 -2.624999941326677886e-03
8.760000202586507023e-04 -1.208333306324978641e-03
8.770000202561259450e-04 -6.666666517655055017e-04
8.780000202536011877e-04 -1.374999969266355124e-03
8.790000202510764304e-04 -9.999999776482582526e-04
8.800000202485516732e-04 -1.124999974854290615e-03
8.810000202460269159e-04 -9.583333119129141316e-04
8.820000202435021586e-04 -7.916666489715377562e-04
8.830000202409774013e-04 1.083333309118946495e-03
8.840000202384526440e-04 9.999999776482582526e-04
8.850000202359278867e-04 1.291666637795666882e-03
8.860000202334031294e-04 3.749999916180968176e-04
8.870000202308783721e-04 1.124999974854290615e-03
8.880000202283536148e-04 1.083333309118946495e-03
8.890000202258288575e-04 2.333333281179269039e-03
8.900000202233041002e-04 1.208333306324978641e-03
8.910000202207793429e-04 3.458333256033559438e-03
8.920000202182545856e-04 2.874999935738742178e-03
8.930000202157298284e-04 1.916666623825828263e-03
8.940000202132050711e-04 3.166666595886151025e-03
8.950000202106803138e-04 3.874999913387000647e-03
8.960000202081555565e-04 4.249999905005096869e-03
8.970000202056307992e-04 3.333333258827527075e-03
8.980000202031060419e-04 3.791666581916312406e-03
8.990000202005812846e-04 4.499999899417162462e-03
9.000000201980565273e-04 4.124999907799064940e-03
9.010000201955317700e-04 4.583333230887849837e-03
9.020000201930070127e-04 6.124999863095581878e-03
9.030000201904822554e-04 4.166666573534409494e-03
9.040000201879574981e-04 6.249999860301613808e-03
9.050000201854327408e-04 6.499999854713678533e-03
9.060000201829079836e-04 5.166666551182667530e-03
9.070000201803832263e-04 6.749999849125743259e-03
9.080000201778584690e-04 6.541666520449022221e-03
9.090000201753337117e-04 6.833333180596431501e-03
9.100000201728089544e-04 7.583333163832624811e-03
9.110000201702841971e-04 7.833333158244689537e-03
9.120000201677594398e-04 6.499999854713678533e-03
9.130000201652346825e-04 7.333333169420560085e-03
9.140000201627099252e-04 7.624999829567968498e-03
9.150000201601851679e-04 7.874999823980032357e-03
9.160000201576604106e-04 7.999999821186066021e-03
9.170000201551356533e-04 7.708333161038657608e-03
9.180000201526108961e-04 8.249999815598129879e-03
9.190000201500861388e-04 7.291666503685215531e-03
9.200000201475613815e-04 8.749999804422259331e-03
9.210000201450366242e-04 8.833333135892946705e-03
9.220000201425118669e-04 8.874999801628291260e-03
9.230000201399871096e-04 9.458333121923108086e-03
9.240000201374623523e-04 8.749999804422259331e-03
9.250000201349375950e-04 9.291666458981733337e-03
9.260000201324128377e-04 7.999999821186066021e-03
9.270000201298880804e-04 9.208333127511044228e-03
9.280000201273633231e-04 8.999999798834324924e-03
9.290000201248385658e-04 1.020833310515930140e-02
9.300000201223138085e-04 1.008333310795326947e-02
9.310000201197890513e-04 8.916666467363635815e-03
9.320000201172642940e-04 9.874999779276550163e-03
9.330000201147395367e-04 9.624999784864486305e-03
9.340000201122147794e-04 9.958333110747237538e-03
9.350000201096900221e-04 1.016666643942395858e-02
9.360000201071652648e-04 9.166666461775699673e-03
9.370000201046405075e-04 1.020833310515930140e-02
9.380000201021157502e-04 9.749999782070516499e-03
9.390000200995909929e-04 9.916666445011894718e-03
9.400000200970662356e-04 9.916666445011894718e-03
9.410000200945414783e-04 9.583333119129141750e-03
9.420000200920167210e-04 9.749999782070516499e-03
9.430000200894919637e-04 9.458333121923108086e-03
9.440000200869672065e-04 9.833333113541205608e-03
9.450000200844424492e-04 7.833333158244689537e-03
9.460000200819176919e-04 8.999999798834324924e-03
9.470000200793929346e-04 9.999999776482582092e-03
9.480000200768681773e-04 9.666666450599829125e-03
9.490000200743434200e-04 8.499999810010193738e-03
9.500000200718186627e-04 9.874999779276550163e-03
9.510000200692939054e-04 9.208333127511044228e-03
9.520000200667691481e-04 8.541666475745538292e-03
9.530000200642443908e-04 9.416666456187765266e-03
9.540000200617196335e-04 9.041666464569667744e-03
9.550000200591948762e-04 7.749999826774001295e-03
9.560000200566701190e-04 8.833333135892946705e-03
9.570000200541453617e-04 7.374999835155904640e-03
9.580000200516206044e-04 8.416666478539506363e-03
9.590000200490958471e-04 8.583333141480882847e-03
9.600000200465710898e-04 7.208333172214528156e-03
9.610000200440463325e-04 7.458333166626592882e-03
9.620000200415215752e-04 8.208333149862785325e-03
9.630000200389968179e-04 8.166666484127442505e-03
9.640000200364720606e-04 7.083333175008496227e-03
9.650000200339473033e-04 6.624999851919710463e-03
9.660000200314225460e-04 6.333333191772302050e-03
9.670000200288977887e-04 6.749999849125743259e-03
9.680000200263730314e-04 6.458333188978334846e-03
9.690000200238482742e-04 6.666666517655054150e-03
9.700000200213235169e-04 6.374999857507645737e-03
9.710000200187987596e-04 5.833333202948173465e-03
9.720000200162740023e-04 5.083333219711979288e-03
9.730000200137492450e-04 5.791666537212828911e-03
9.740000200112244877e-04 6.083333197360237324e-03
9.750000200086997304e-04 5.291666548388699459e-03
9.760000200061749731e-04 4.833333225299914562e-03
9.770000200036502158e-04 6.249999860301613808e-03
9.780000200011254585e-04 4.458333233681817907e-03
9.790000199986007012e-04 4.041666576328376698e-03
9.800000199960759439e-04 4.208333239269753182e-03
9.810000199935511866e-04 4.583333230887849837e-03
9.820000199910264294e-04 3.916666579122344768e-03
9.830000199885016721e-04 3.958333244857688456e-03
9.840000199859769148e-04 1.083333309118946495e-03
9.850000199834521575e-04 3.249999927356839267e-03
9.860000199809274002e-04 2.708333272797365694e-03
9.870000199784026429e-04 2.541666609855989644e-03
9.880000199758778856e-04 2.958333267209430420e-03
9.890000199733531283e-04 4.166666573534409494e-03
9.900000199708283710e-04 2.583333275591333765e-03
9.910000199683036137e-04 2.291666615443924918e-03
9.920000199657788564e-04 5.416666545594732473e-04
9.930000199632540991e-04 1.791666626619795900e-03
9.940000199607293419e-04 2.416666612649957281e-03
9.950000199582045846e-04 1.458333300737043366e-03
9.960000199556798273e-04 1.999999955296516505e-03
9.970000199531550700e-04 1.833333292355140021e-03
9.980000199506303127e-04 9.999999776482582526e-04
9.990000199481055554e-04 5.416666545594732473e-04
1.000000019945580798e-03 1.249999972060322816e-04
1.001000019943056041e-03 0.000000000000000000e+00
1.002000019940531284e-03 -5.416666545594732473e-04
1.003000019938006526e-03 0.000000000000000000e+00
1.004000019935481769e-03 -1.249999972060322816e-04
1.005000019932957012e-03 -4.999999888241291263e-04
1.006000019930432254e-03 -7.916666489715377562e-04
1.007000019927907497e-03 1.249999972060322816e-04
1.008000019925382740e-03 -2.916666601474086299e-04
1.009000019922857982e-03 -2.916666601474086299e-04
1.010000019920333225e-03 -1.458333300737043366e-03
1.011000019917808468e-03 -8.333333147068817687e-04
1.012000019915283711e-03 -8.333333147068817687e-04
1.013000019912758953e-03 -4.583333230887850053e-04
1.014000019910234196e-03 -1.499999966472387270e-03
1.015000019907709439e-03 -2.083333286767204422e-04
1.016000019905184681e-03 -1.041666643383602374e-03
1.017000019902659924e-03 -1.916666623825828263e-03
1.018000019900135167e-03 -1.249999972060322762e-03
1.019000019897610410e-03 8.333333147068818772e-05
1.020000019895085652e-03 -1.124999974854290615e-03
1.021000019892560895e-03 -2.541666609855989644e-03
1.022000019890036138e-03 -1.999999955296516505e-03
1.023000019887511380e-03 -1.083333309118946495e-03
1.024000019884986623e-03 -1.083333309118946495e-03
1.025000019882461866e-03 -5.833333202948172598e-04
1.026000019879937109e-03 -2.999999932944774541e-03
1.027000019877412351e-03 -1.791666626619795900e-03
1.028000019874887594e-03 -9.166666461775700107e-04
1.029000019872362837e-03 -8.333333147068817687e-04
1.030000019869838079e-03 -1.333333303531011003e-03
1.031000019867313322e-03 -2.166666618237892989e-03
1.032000019864788565e-03 -2.124999952502548434e-03
1.033000019862263807e-03 -1.916666623825828263e-03
1.034000019859739050e-03 -1.833333292355140021e-03
1.035000019857214293e-03 -9.999999776482582526e-04
1.036000019854689536e-03 -1.624999963678419633e-03
1.037000019852164778e-03 -7.083333175008495143e-04
1.038000019849640021e-03 -1.374999969266355124e-03
1.039000019847115264e-03 -7.083333175008495143e-04
1.040000019844590506e-03 -1.249999972060322762e-03
1.041000019842065749e-03 -1.499999966472387270e-03
1.042000019839540992e-03 -7.916666489715377562e-04
1.043000019837016235e-03 -9.166666461775700107e-04
1.044000019834491477e-03 -5.416666545594732473e-04
1.045000019831966720e-03 -1.249999972060322816e-04
1.046000019829441963e-03 -6.249999860301613808e-04
1.047000019826917205e-03 -1.499999966472387270e-03
1.048000019824392448e-03 -2.083333286767204422e-04
1.049000019821867691e-03 6.666666517655055017e-04
1.050000019819342933e-03 1.666666629413763754e-04
1.051000019816818176e-03 -6.249999860301613808e-04
1.052000019814293419e-03 0.000000000000000000e+00
1.053000019811768662e-03 8.333333147068817687e-04
1.054000019809243904e-03 3.749999916180968176e-04
1.055000019806719147e-03 0.000000000000000000e+00
1.056000019804194390e-03 8.333333147068818772e-05
1.057000019801669632e-03 2.916666601474086299e-04
1.058000019799144875e-03 1.458333300737043366e-03
1.059000019796620118e-03 4.999999888241291263e-04
1.060000019794095361e-03 1.208333306324978641e-03
1.061000019791570603e-03 1.583333297943075512e-03
1.062000019789045846e-03 1.083333309118946495e-03
1.063000019786521089e-03 5.416666545594732473e-04
1.064000019783996331e-03 2.374999946914613160e-03
1.065000019781471574e-03 2.083333286767204747e-03
1.066000019778946817e-03 2.041666621031860626e-03
1.067000019776422060e-03 2.416666612649957281e-03
1.068000019773897302e-03 2.541666609855989644e-03
1.069000019771372545e-03 2.874999935738742178e-03
1.070000019768847788e-03 3.249999927356839267e-03
1.071000019766323030e-03 3.083333264415462783e-03
1.072000019763798273e-03 3.374999924562871630e-03
1.073000019761273516e-03 2.916666601474086733e-03
1.074000019758748758e-03 4.291666570740441423e-03
1.075000019756224001e-03 3.708333250445624164e-03
1.076000019753699244e-03 3.499999921768903559e-03
1.077000019751174487e-03 2.999999932944774541e-03
1.078000019748649729e-03 3.583333253239591801e-03
1.079000019746124972e-03 5.041666553976634733e-03
1.080000019743600215e-03 4.083333242063721252e-03
1.081000019741075457e-03 4.958333222505947359e-03
1.082000019738550700e-03 4.958333222505947359e-03
1.083000019736025943e-03 6.083333197360237324e-03
1.084000019733501186e-03 5.999999865889549082e-03
1.085000019730976428e-03 6.083333197360237324e-03
1.086000019728451671e-03 5.208333216918012085e-03
1.087000019725926914e-03 5.166666551182667530e-03
1.088000019723402156e-03 5.208333216918012085e-03
1.089000019720877399e-03 5.541666542800764185e-03
1.090000019718352642e-03 5.124999885447322975e-03
1.091000019715827885e-03 7.083333175008496227e-03
1.092000019713303127e-03 5.708333205742140669e-03
1.093000019710778370e-03 5.999999865889549082e-03
1.094000019708253613e-03 5.916666534418860840e-03
1.095000019705728855e-03 7.374999835155904640e-03
1.096000019703204098e-03 6.083333197360237324e-03
1.097000019700679341e-03 6.374999857507645737e-03
1.098000019698154583e-03 6.249999860301613808e-03
1.099000019695629826e-03 6.791666514861086947e-03
1.100000019693105069e-03 6.416666523242990292e-03
1.101000019690580312e-03 7.083333175008496227e-03
1.102000019688055554e-03 5.874999868683517153e-03
1.103000019685530797e-03 7.166666506479183602e-03
1.104000019683006040e-03 5.916666534418860840e-03
1.105000019680481282e-03 7.249999837949871843e-03
1.106000019677956525e-03 7.166666506479183602e-03
1.107000019675431768e-03 6.583333186184366775e-03
1.108000019672907011e-03 5.874999868683517153e-03
1.109000019670382253e-03 6.999999843537807118e-03
1.110000019667857496e-03 7.083333175008496227e-03
1.111000019665332739e-03 7.333333169420560085e-03
1.112000019662807981e-03 7.083333175008496227e-03
1.113000019660283224e-03 7.458333166626592882e-03
1.114000019657758467e-03 8.083333152656753395e-03
1.115000019655233710e-03 6.999999843537807118e-03
1.116000019652708952e-03 7.874999823980032357e-03
1.117000019650184195e-03 7.291666503685215531e-03
1.118000019647659438e-03 8.374999812804163543e-03
1.119000019645134680e-03 6.999999843537807118e-03
1.120000019642609923e-03 8.124999818392097950e-03
1.121000019640085166e-03 7.083333175008496227e-03
1.122000019637560408e-03 7.458333166626592882e-03
1.123000019635035651e-03 6.708333183390398705e-03
1.124000019632510894e-03 6.833333180596431501e-03
1.125000019629986137e-03 7.291666503685215531e-03
1.126000019627461379e-03 7.416666500891248327e-03
1.127000019624936622e-03 6.499999854713678533e-03
1.128000019622411865e-03 7.916666489715376911e-03
1.129000019619887107e-03 7.166666506479183602e-03
1.130000019617362350e-03 6.708333183390398705e-03
1.131000019614837593e-03 7.708333161038657608e-03
1.132000019612312836e-03 7.124999840743839914e-03
1.133000019609788078e-03 7.749999826774001295e-03
1.134000019607263321e-03 6.833333180596431501e-03
1.135000019604738564e-03 6.666666517655054150e-03
1.136000019602213806e-03 7.249999837949871843e-03
1.137000019599689049e-03 6.499999854713678533e-03
1.138000019597164292e-03 6.249999860301613808e-03
1.139000019594639534e-03 5.749999871477484356e-03
1.140000019592114777e-03 5.666666540006796114e-03
1.141000019589590020e-03 6.041666531624892769e-03
1.142000019587065263e-03 6.041666531624892769e-03
1.143000019584540505e-03 5.833333202948173465e-03
1.144000019582015748e-03 5.333333214124044014e-03
1.145000019579490991e-03 4.916666556770602804e-03
1.146000019576966233e-03 5.624999874271452427e-03
1.147000019574441476e-03 4.666666562358538078e-03
1.148000019571916719e-03 4.958333222505947359e-03
1.149000019569391962e-03 5.499999877065420498e-03
1.150000019566867204e-03 4.249999905005096869e-03
1.151000019564342447e-03 4.291666570740441423e-03
1.152000019561817690e-03 5.999999865889549082e-03
1.153000019559292932e-03 5.208333216918012085e-03
1.154000019556768175e-03 3.083333264415462783e-03
1.155000019554243418e-03 4.916666556770602804e-03
1.156000019551718661e-03 4.166666573534409494e-03
1.157000019549193903e-03 4.166666573534409494e-03
1.158000019546669146e-03 4.458333233681817907e-03
1.159000019544144389e-03 3.958333244857688456e-03
1.160000019541619631e-03 3.249999927356839267e-03
1.161000019539094874e-03 3.499999921768903559e-03
1.162000019536570117e-03 3.124999930150806904e-03
1.163000019534045359e-03 3.291666593092183388e-03
1.164000019531520602e-03 2.583333275591333765e-03
1.165000019528995845e-03 3.499999921768903559e-03
1.166000019526471088e-03 3.166666595886151025e-03
1.167000019523946330e-03 2.833333270003398057e-03
1.168000019521421573e-03 2.833333270003398057e-03
1.169000019518896816e-03 3.583333253239591801e-03
1.170000019516372058e-03 2.124999952502548434e-03
1.171000019513847301e-03 3.124999930150806904e-03
1.172000019511322544e-03 2.666666607062022007e-03
1.173000019508797787e-03 1.916666623825828263e-03
1.174000019506273029e-03 2.958333267209430420e-03
1.175000019503748272e-03 2.791666604268054370e-03
1.176000019501223515e-03 2.333333281179269039e-03
1.177000019498698757e-03 1.749999960884451779e-03
1.178000019496174000e-03 2.374999946914613160e-03
1.179000019493649243e-03 1.374999969266355124e-03
1.180000019491124486e-03 9.166666461775700107e-04
1.181000019488599728e-03 1.833333292355140021e-03
1.182000019486074971e-03 8.333333147068817687e-04
1.183000019483550214e-03 7.499999832361936352e-04
1.184000019481025456e-03 7.083333175008495143e-04
1.185000019478500699e-03 1.999999955296516505e-03
1.186000019475975942e-03 1.166666640589634520e-03
1.187000019473451184e-03 2.083333286767204422e-04
1.188000019470926427e-03 -1.249999972060322816e-04
1.189000019468401670e-03 1.166666640589634520e-03
1.190000019465876913e-03 7.499999832361936352e-04
1.191000019463352155e-03 2.083333286767204422e-04
1.192000019460827398e-03 6.249999860301613808e-04
1.193000019458302641e-03 9.583333119129141316e-04
1.194000019455777883e-03 3.333333258827527509e-04
1.195000019453253126e-03 -8.333333147068818772e-05
1.196000019450728369e-03 2.916666601474086299e-04
1.197000019448203612e-03 8.749999804422258897e-04
1.198000019445678854e-03 4.583333230887850053e-04
1.199000019443154097e-03 -3.333333258827527509e-04
1.200000019440629340e-03 7.499999832361936352e-04
1.201000019438104582e-03 1.666666629413763754e-04
1.202000019435579825e-03 1.249999972060322816e-04
1.203000019433055068e-03 5.416666545594732473e-04
1.204000019430530311e-03 1.249999972060322816e-04
1.205000019428005553e-03 2.916666601474086299e-04
1.206000019425480796e-03 -7.499999832361936352e-04
1.207000019422956039e-03 1.124999974854290615e-03
1.208000019420431281e-03 -8.333333147068818772e-05
1.209000019417906524e-03 6.249999860301613808e-04
1.210000019415381767e-03 -3.749999916180968176e-04
1.211000019412857009e-03 5.833333202948172598e-04
1.212000019410332252e-03 -1.666666629413763754e-04
1.213000019407807495e-03 6.666666517655055017e-04
1.214000019405282738e-03 -7.499999832361936352e-04
1.215000019402757980e-03 4.999999888241291263e-04
1.216000019400233223e-03 3.749999916180968176e-04
1.217000019397708466e-03 1.416666635001699029e-03
1.218000019395183708e-03 8.333333147068818772e-05
1.219000019392658951e-03 -1.666666629413763754e-04
1.220000019390134194e-03 9.166666461775700107e-04
1.221000019387609437e-03 5.833333202948172598e-04
1.222000019385084679e-03 -8.333333147068818772e-05
1.223000019382559922e-03 1.583333297943075512e-03
1.224000019380035165e-03 8.333333147068817687e-04
1.225000019377510407e-03 1.999999955296516505e-03
1.226000019374985650e-03 9.166666461775700107e-04
1.227000019372460893e-03 6.666666517655055017e-04
1.228000019369936135e-03 2.708333272797365694e-03
1.229000019367411378e-03 6.666666517655055017e-04
1.230000019364886621e-03 1.666666629413763537e-03
1.231000019362361864e-03 9.583333119129141316e-04
1.232000019359837106e-03 1.791666626619795900e-03
1.233000019357312349e-03 1.916666623825828263e-03
1.234000019354787592e-03 1.083333309118946495e-03
1.235000019352262834e-03 9.583333119129141316e-04
1.236000019349738077e-03 1.208333306324978641e-03
1.237000019347213320e-03 1.749999960884451779e-03
1.238000019344688563e-03 1.458333300737043366e-03
1.239000019342163805e-03 2.291666615443924918e-03
1.240000019339639048e-03 2.541666609855989644e-03
1.241000019337114291e-03 2.958333267209430420e-03
1.242000019334589533e-03 3.749999916180968285e-03
1.243000019332064776e-03 2.749999938532710249e-03
1.244000019329540019e-03 2.874999935738742178e-03
1.245000019327015262e-03 2.999999932944774541e-03
1.246000019324490504e-03 3.249999927356839267e-03
1.247000019321965747e-03 3.624999918974935922e-03
1.248000019319440990e-03 3.291666593092183388e-03
1.249000019316916232e-03 4.249999905005096869e-03
1.250000019314391475e-03 2.916666601474086733e-03
1.251000019311866718e-03 2.874999935738742178e-03
1.252000019309341960e-03 4.208333239269753182e-03
1.253000019306817203e-03 3.624999918974935922e-03
1.254000019304292446e-03 3.416666590298215751e-03
1.255000019301767689e-03 3.791666581916312406e-03
1.256000019299242931e-03 4.124999907799064940e-03
1.257000019296718174e-03 4.416666567946473353e-03
1.258000019294193417e-03 4.541666565152506149e-03
1.259000019291668659e-03 4.291666570740441423e-03
1.260000019289143902e-03 4.124999907799064940e-03
1.261000019286619145e-03 4.874999891035258250e-03
1.262000019284094388e-03 4.458333233681817907e-03
1.263000019281569630e-03 4.291666570740441423e-03
1.264000019279044873e-03 4.333333236475785978e-03
1.265000019276520116e-03 4.458333233681817907e-03
1.266000019273995358e-03 4.458333233681817907e-03
1.267000019271470601e-03 5.041666553976634733e-03
1.268000019268945844e-03 4.958333222505947359e-03
1.269000019266421087e-03 5.458333211330075943e-03
1.270000019263896329e-03 5.249999882653355772e-03
1.271000019261371572e-03 5.749999871477484356e-03
1.272000019258846815e-03 5.124999885447322975e-03
1.273000019256322057e-03 5.749999871477484356e-03
1.274000019253797300e-03 6.374999857507645737e-03
1.275000019251272543e-03 5.249999882653355772e-03
1.276000019248747785e-03 5.541666542800764185e-03
1.277000019246223028e-03 5.999999865889549082e-03
1.278000019243698271e-03 7.208333172214528156e-03
1.279000019241173514e-03 6.249999860301613808e-03
1.280000019238648756e-03 5.958333200154205395e-03
1.281000019236123999e-03 6.249999860301613808e-03
1.282000019233599242e-03 5.749999871477484356e-03
1.283000019231074484e-03 5.208333216918012085e-03
1.284000019228549727e-03 6.124999863095581878e-03
1.285000019226024970e-03 6.374999857507645737e-03
1.286000019223500213e-03 5.333333214124044014e-03
1.287000019220975455e-03 6.166666528830925566e-03
1.288000019218450698e-03 5.499999877065420498e-03
1.289000019215925941e-03 5.458333211330075943e-03
1.290000019213401183e-03 5.374999879859387701e-03
1.291000019210876426e-03 4.958333222505947359e-03
1.292000019208351669e-03 6.708333183390398705e-03
1.293000019205826912e-03 6.458333188978334846e-03
1.294000019203302154e-03 4.958333222505947359e-03
1.295000019200777397e-03 5.541666542800764185e-03
1.296000019198252640e-03 5.624999874271452427e-03
1.297000019195727882e-03 5.374999879859387701e-03
1.298000019193203125e-03 6.041666531624892769e-03
1.299000019190678368e-03 6.041666531624892769e-03
1.300000019188153610e-03 5.708333205742140669e-03
1.301000019185628853e-03 5.458333211330075943e-03
1.302000019183104096e-03 5.916666534418860840e-03
1.303000019180579339e-03 6.749999849125743259e-03
1.304000019178054581e-03 5.333333214124044014e-03
1.305000019175529824e-03 6.333333191772302050e-03
1.306000019173005067e-03 5.583333208536108740e-03
1.307000019170480309e-03 6.541666520449022221e-03
1.308000019167955552e-03 6.291666526036957495e-03
1.309000019165430795e-03 4.999999888241291046e-03
1.310000019162906038e-03 6.708333183390398705e-03
1.311000019160381280e-03 5.208333216918012085e-03
1.312000019157856523e-03 6.166666528830925566e-03
1.313000019155331766e-03 5.041666553976634733e-03
1.314000019152807008e-03 5.333333214124044014e-03
1.315000019150282251e-03 5.374999879859387701e-03
1.316000019147757494e-03 5.874999868683517153e-03
1.317000019145232736e-03 4.583333230887849837e-03
1.318000019142707979e-03 5.166666551182667530e-03
1.319000019140183222e-03 5.916666534418860840e-03
1.320000019137658465e-03 4.708333228093882633e-03
1.321000019135133707e-03 4.749999893829226320e-03
1.322000019132608950e-03 5.791666537212828911e-03
1.323000019130084193e-03 5.124999885447322975e-03
1.324000019127559435e-03 4.458333233681817907e-03
1.325000019125034678e-03 4.416666567946473353e-03
1.326000019122509921e-03 4.333333236475785978e-03
1.327000019119985164e-03 5.041666553976634733e-03
1.328000019117460406e-03 5.333333214124044014e-03
1.329000019114935649e-03 5.166666551182667530e-03
1.330000019112410892e-03 4.916666556770602804e-03
1.331000019109886134e-03 4.583333230887849837e-03
1.332000019107361377e-03 3.541666587504248113e-03
1.333000019104836620e-03 5.583333208536108740e-03
1.334000019102311863e-03 3.166666595886151025e-03
1.335000019099787105e-03 4.083333242063721252e-03
1.336000019097262348e-03 2.541666609855989644e-03
1.337000019094737591e-03 4.416666567946473353e-03
1.338000019092212833e-03 4.458333233681817907e-03
1.339000019089688076e-03 2.624999941326677886e-03
1.340000019087163319e-03 4.041666576328376698e-03
1.341000019084638561e-03 3.708333250445624164e-03
1.342000019082113804e-03 2.874999935738742178e-03
1.343000019079589047e-03 3.541666587504248113e-03
1.344000019077064290e-03 3.333333258827527075e-03
1.345000019074539532e-03 2.041666621031860626e-03
1.346000019072014775e-03 3.583333253239591801e-03
1.347000019069490018e-03 2.749999938532710249e-03
1.348000019066965260e-03 2.541666609855989644e-03
1.349000019064440503e-03 2.291666615443924918e-03
1.350000019061915746e-03 2.458333278385301402e-03
1.351000019059390989e-03 2.333333281179269039e-03
1.352000019056866231e-03 1.374999969266355124e-03
1.353000019054341474e-03 3.249999927356839267e-03
1.354000019051816717e-03 2.583333275591333765e-03
1.355000019049291959e-03 2.208333283973236676e-03
1.356000019046767202e-03 2.374999946914613160e-03
1.357000019044242445e-03 3.041666598680118662e-03
1.358000019041717688e-03 7.916666489715377562e-04
1.359000019039192930e-03 1.958333289561172384e-03
1.360000019036668173e-03 3.124999930150806904e-03
1.361000019034143416e-03 1.666666629413763537e-03
1.362000019031618658e-03 2.499999944120645523e-03
1.363000019029093901e-03 1.791666626619795900e-03
1.364000019026569144e-03 1.708333295149107875e-03
1.365000019024044386e-03 2.249999949708581231e-03
1.366000019021519629e-03 7.499999832361936352e-04
1.367000019018994872e-03 2.666666607062022007e-03
1.368000019016470115e-03 1.958333289561172384e-03
1.369000019013945357e-03 1.791666626619795900e-03
1.370000019011420600e-03 2.208333283973236676e-03
1.371000019008895843e-03 1.666666629413763537e-03
1.372000019006371085e-03 1.416666635001699029e-03
1.373000019003846328e-03 1.083333309118946495e-03
1.374000019001321571e-03 2.083333286767204747e-03
1.375000018998796814e-03 2.124999952502548434e-03
1.376000018996272056e-03 1.499999966472387270e-03
1.377000018993747299e-03 4.999999888241291263e-04
1.378000018991222542e-03 1.666666629413763537e-03
1.379000018988697784e-03 1.791666626619795900e-03
1.380000018986173027e-03 1.874999958090484142e-03
1.381000018983648270e-03 8.749999804422258897e-04
1.382000018981123513e-03 2.083333286767204747e-03
1.383000018978598755e-03 1.708333295149107875e-03
1.384000018976073998e-03 1.499999966472387270e-03
1.385000018973549241e-03 7.499999832361936352e-04
1.386000018971024483e-03 2.333333281179269039e-03
1.387000018968499726e-03 9.999999776482582526e-04
1.388000018965974969e-03 1.124999974854290615e-03
1.389000018963450211e-03 2.083333286767204747e-03
1.390000018960925454e-03 1.583333297943075512e-03
1.391000018958400697e-03 2.374999946914613160e-03
1.392000018955875940e-03 1.374999969266355124e-03
1.393000018953351182e-03 1.791666626619795900e-03
1.394000018950826425e-03 1.416666635001699029e-03
1.395000018948301668e-03 1.708333295149107875e-03
1.396000018945776910e-03 2.416666612649957281e-03
1.397000018943252153e-03 9.583333119129141316e-04
1.398000018940727396e-03 2.333333281179269039e-03
1.399000018938202639e-03 1.166666640589634520e-03
1.400000018935677881e-03 2.291666615443924918e-03
1.401000018933153124e-03 2.333333281179269039e-03
1.402000018930628367e-03 1.708333295149107875e-03
1.403000018928103609e-03 2.499999944120645523e-03
1.404000018925578852e-03 2.208333283973236676e-03
1.405000018923054095e-03 2.041666621031860626e-03
1.406000018920529337e-03 2.499999944120645523e-03
1.407000018918004580e-03 2.041666621031860626e-03
1.408000018915479823e-03 1.999999955296516505e-03
1.409000018912955066e-03 2.666666607062022007e-03
1.410000018910430308e-03 1.916666623825828263e-03
1.411000018907905551e-03 2.666666607062022007e-03
1.412000018905380794e-03 1.791666626619795900e-03
1.413000018902856036e-03 3.083333264415462783e-03
1.414000018900331279e-03 2.124999952502548434e-03
1.415000018897806522e-03 2.666666607062022007e-03
1.416000018895281765e-03 3.499999921768903559e-03
1.417000018892757007e-03 3.291666593092183388e-03
1.418000018890232250e-03 3.249999927356839267e-03
1.419000018887707493e-03 2.666666607062022007e-03
1.420000018885182735e-03 2.166666618237892989e-03
1.421000018882657978e-03 3.416666590298215751e-03
1.422000018880133221e-03 2.458333278385301402e-03
1.423000018877608464e-03 1.916666623825828263e-03
1.424000018875083706e-03 2.791666604268054370e-03
1.425000018872558949e-03 3.416666590298215751e-03
1.426000018870034192e-03 2.749999938532710249e-03
1.427000018867509434e-03 3.999999910593033010e-03
1.428000018864984677e-03 3.416666590298215751e-03
1.429000018862459920e-03 3.041666598680118662e-03
1.430000018859935162e-03 3.291666593092183388e-03
1.431000018857410405e-03 3.291666593092183388e-03
1.432000018854885648e-03 3.291666593092183388e-03
1.433000018852360891e-03 3.499999921768903559e-03
1.434000018849836133e-03 3.499999921768903559e-03
1.435000018847311376e-03 4.916666556770602804e-03
1.436000018844786619e-03 2.583333275591333765e-03
1.437000018842261861e-03 4.541666565152506149e-03
1.438000018839737104e-03 4.541666565152506149e-03
1.439000018837212347e-03 2.624999941326677886e-03
1.440000018834687590e-03 4.166666573534409494e-03
1.441000018832162832e-03 4.041666576328376698e-03
1.442000018829638075e-03 4.041666576328376698e-03
1.443000018827113318e-03 4.666666562358538078e-03
1.444000018824588560e-03 3.749999916180968285e-03
1.445000018822063803e-03 4.124999907799064940e-03
1.446000018819539046e-03 4.499999899417162462e-03
1.447000018817014289e-03 5.166666551182667530e-03
1.448000018814489531e-03 3.624999918974935922e-03
1.449000018811964774e-03 3.833333247651656527e-03
1.450000018809440017e-03 4.416666567946473353e-03
1.451000018806915259e-03 4.416666567946473353e-03
1.452000018804390502e-03 4.916666556770602804e-03
1.453000018801865745e-03 3.499999921768903559e-03
1.454000018799340987e-03 5.166666551182667530e-03
1.455000018796816230e-03 5.291666548388699459e-03
1.456000018794291473e-03 4.499999899417162462e-03
1.457000018791766716e-03 4.291666570740441423e-03
1.458000018789241958e-03 4.333333236475785978e-03
1.459000018786717201e-03 5.208333216918012085e-03
1.460000018784192444e-03 5.458333211330075943e-03
1.461000018781667686e-03 5.041666553976634733e-03
1.462000018779142929e-03 5.708333205742140669e-03
1.463000018776618172e-03 4.458333233681817907e-03
1.464000018774093415e-03 6.166666528830925566e-03
1.465000018771568657e-03 4.916666556770602804e-03
1.466000018769043900e-03 5.083333219711979288e-03
1.467000018766519143e-03 4.416666567946473353e-03
1.468000018763994385e-03 5.833333202948173465e-03
1.469000018761469628e-03 5.999999865889549082e-03
1.470000018758944871e-03 5.666666540006796114e-03
1.471000018756420114e-03 4.791666559564570875e-03
1.472000018753895356e-03 4.958333222505947359e-03
1.473000018751370599e-03 5.666666540006796114e-03
1.474000018748845842e-03 5.083333219711979288e-03
1.475000018746321084e-03 4.208333239269753182e-03
1.476000018743796327e-03 4.583333230887849837e-03
1.477000018741271570e-03 4.499999899417162462e-03
1.478000018738746812e-03 4.958333222505947359e-03
1.479000018736222055e-03 5.374999879859387701e-03
1.480000018733697298e-03 4.541666565152506149e-03
1.481000018731172541e-03 5.583333208536108740e-03
1.482000018728647783e-03 4.791666559564570875e-03
1.483000018726123026e-03 4.541666565152506149e-03
1.484000018723598269e-03 4.083333242063721252e-03
1.485000018721073511e-03 5.249999882653355772e-03
1.486000018718548754e-03 4.624999896623194391e-03
1.487000018716023997e-03 5.583333208536108740e-03
1.488000018713499240e-03 4.083333242063721252e-03
1.489000018710974482e-03 4.166666573534409494e-03
1.490000018708449725e-03 4.833333225299914562e-03
1.491000018705924968e-03 4.166666573534409494e-03
1.492000018703400210e-03 4.458333233681817907e-03
1.493000018700875453e-03 5.374999879859387701e-03
1.494000018698350696e-03 4.374999902211129665e-03
1.495000018695825938e-03 5.124999885447322975e-03
1.496000018693301181e-03 4.958333222505947359e-03
1.497000018690776424e-03 4.458333233681817907e-03
1.498000018688251667e-03 5.333333214124044014e-03
1.499000018685726909e-03 4.541666565152506149e-03
1.500000018683202152e-03 5.208333216918012085e-03
1.501000018680677395e-03 3.958333244857688456e-03
1.502000018678152637e-03 2.541666609855989644e-03
1.503000018675627880e-03 5.458333211330075943e-03
1.504000018673103123e-03 5.416666545594731388e-03
1.505000018670578366e-03 4.166666573534409494e-03
1.506000018668053608e-03 3.999999910593033010e-03
1.507000018665528851e-03 5.499999877065420498e-03
1.508000018663004094e-03 3.291666593092183388e-03
1.509000018660479336e-03 3.374999924562871630e-03
1.510000018657954579e-03 3.749999916180968285e-03
1.511000018655429822e-03 2.916666601474086733e-03
1.512000018652905065e-03 4.791666559564570875e-03
1.513000018650380307e-03 3.249999927356839267e-03
1.514000018647855550e-03 3.416666590298215751e-03
1.515000018645330793e-03 3.583333253239591801e-03
1.516000018642806035e-03 3.583333253239591801e-03
1.517000018640281278e-03 3.999999910593033010e-03
1.518000018637756521e-03 2.499999944120645523e-03
1.519000018635231763e-03 2.749999938532710249e-03
1.520000018632707006e-03 3.458333256033559438e-03
1.521000018630182249e-03 1.583333297943075512e-03
1.522000018627657492e-03 3.416666590298215751e-03
1.523000018625132734e-03 3.374999924562871630e-03
1.524000018622607977e-03 4.499999899417162462e-03
1.525000018620083220e-03 2.583333275591333765e-03
1.526000018617558462e-03 3.874999913387000647e-03
1.527000018615033705e-03 2.541666609855989644e-03
1.528000018612508948e-03 3.291666593092183388e-03
1.529000018609984191e-03 1.624999963678419633e-03
1.530000018607459433e-03 3.333333258827527075e-03
1.531000018604934676e-03 2.374999946914613160e-03
1.532000018602409919e-03 3.041666598680118662e-03
1.533000018599885161e-03 2.791666604268054370e-03
1.534000018597360404e-03 2.791666604268054370e-03
1.535000018594835647e-03 3.458333256033559438e-03
1.536000018592310890e-03 2.749999938532710249e-03
1.537000018589786132e-03 2.833333270003398057e-03
1.538000018587261375e-03 2.458333278385301402e-03
1.539000018584736618e-03 2.749999938532710249e-03
1.540000018582211860e-03 1.541666632207731391e-03
1.541000018579687103e-03 3.499999921768903559e-03
1.542000018577162346e-03 3.208333261621495146e-03
1.543000018574637588e-03 2.374999946914613160e-03
1.544000018572112831e-03 2.291666615443924918e-03
1.545000018569588074e-03 2.083333286767204747e-03
1.546000018567063317e-03 3.416666590298215751e-03
1.547000018564538559e-03 2.708333272797365694e-03
1.548000018562013802e-03 1.624999963678419633e-03
1.549000018559489045e-03 2.916666601474086733e-03
1.550000018556964287e-03 2.958333267209430420e-03
1.551000018554439530e-03 2.166666618237892989e-03
1.552000018551914773e-03 1.458333300737043366e-03
1.553000018549390016e-03 1.833333292355140021e-03
1.554000018546865258e-03 2.291666615443924918e-03
1.555000018544340501e-03 1.874999958090484142e-03
1.556000018541815744e-03 2.416666612649957281e-03
1.557000018539290986e-03 2.333333281179269039e-03
1.558000018536766229e-03 2.833333270003398057e-03
1.559000018534241472e-03 2.833333270003398057e-03
1.560000018531716715e-03 1.249999972060322762e-03
1.561000018529191957e-03 2.291666615443924918e-03
1.562000018526667200e-03 2.833333270003398057e-03
1.563000018524142443e-03 2.541666609855989644e-03
1.564000018521617685e-03 2.166666618237892989e-03
1.565000018519092928e-03 2.333333281179269039e-03
1.566000018516568171e-03 1.958333289561172384e-03
1.567000018514043413e-03 9.583333119129141316e-04
1.568000018511518656e-03 1.624999963678419633e-03
1.569000018508993899e-03 1.999999955296516505e-03
1.570000018506469142e-03 1.249999972060322762e-03
1.571000018503944384e-03 2.374999946914613160e-03
1.572000018501419627e-03 1.083333309118946495e-03
1.573000018498894870e-03 1.833333292355140021e-03
1.574000018496370112e-03 2.708333272797365694e-03
1.575000018493845355e-03 1.791666626619795900e-03
1.576000018491320598e-03 1.374999969266355124e-03
1.577000018488795841e-03 3.249999927356839267e-03
1.578000018486271083e-03 2.416666612649957281e-03
1.579000018483746326e-03 2.458333278385301402e-03
1.580000018481221569e-03 8.333333147068818772e-05
1.581000018478696811e-03 2.541666609855989644e-03
1.582000018476172054e-03 2.749999938532710249e-03
1.583000018473647297e-03 2.249999949708581231e-03
1.584000018471122539e-03 1.666666629413763537e-03
1.585000018468597782e-03 1.791666626619795900e-03
1.586000018466073025e-03 2.291666615443924918e-03
1.587000018463548268e-03 2.374999946914613160e-03
1.588000018461023510e-03 2.708333272797365694e-03
1.589000018458498753e-03 2.124999952502548434e-03
1.590000018455973996e-03 2.916666601474086733e-03
1.591000018453449238e-03 2.791666604268054370e-03
1.592000018450924481e-03 2.708333272797365694e-03
1.593000018448399724e-03 3.499999921768903559e-03
1.594000018445874967e-03 2.541666609855989644e-03
1.595000018443350209e-03 3.666666584710280043e-03
1.596000018440825452e-03 3.166666595886151025e-03
1.597000018438300695e-03 1.916666623825828263e-03
1.598000018435775937e-03 2.499999944120645523e-03
1.599000018433251180e-03 2.666666607062022007e-03
1.600000018430726423e-03 3.374999924562871630e-03
1.601000018428201666e-03 3.458333256033559438e-03
1.602000018425676908e-03 3.249999927356839267e-03
1.603000018423152151e-03 3.333333258827527075e-03
1.604000018420627394e-03 3.374999924562871630e-03
1.605000018418102636e-03 2.083333286767204747e-03
1.606000018415577879e-03 2.458333278385301402e-03
1.607000018413053122e-03 3.958333244857688456e-03
1.608000018410528364e-03 3.124999930150806904e-03
1.609000018408003607e-03 3.083333264415462783e-03
1.610000018405478850e-03 3.541666587504248113e-03
1.611000018402954093e-03 3.374999924562871630e-03
1.612000018400429335e-03 2.624999941326677886e-03
1.613000018397904578e-03 2.624999941326677886e-03
1.614000018395379821e-03 2.833333270003398057e-03
1.615000018392855063e-03 4.333333236475785978e-03
1.616000018390330306e-03 4.958333222505947359e-03
1.617000018387805549e-03 4.583333230887849837e-03
1.618000018385280792e-03 3.916666579122344768e-03
1.619000018382756034e-03 3.791666581916312406e-03
1.620000018380231277e-03 4.416666567946473353e-03
1.621000018377706520e-03 3.833333247651656527e-03
1.622000018375181762e-03 3.999999910593033010e-03
1.623000018372657005e-03 3.458333256033559438e-03
1.624000018370132248e-03 3.833333247651656527e-03
1.625000018367607491e-03 4.208333239269753182e-03
1.626000018365082733e-03 4.333333236475785978e-03
1.627000018362557976e-03 4.541666565152506149e-03
1.628000018360033219e-03 2.916666601474086733e-03
1.629000018357508461e-03 4.041666576328376698e-03
1.630000018354983704e-03 3.833333247651656527e-03
1.631000018352458947e-03 3.916666579122344768e-03
1.632000018349934189e-03 4.499999899417162462e-03
1.633000018347409432e-03 4.374999902211129665e-03
1.634000018344884675e-03 3.999999910593033010e-03
1.635000018342359918e-03 5.083333219711979288e-03
1.636000018339835160e-03 5.916666534418860840e-03
1.637000018337310403e-03 5.041666553976634733e-03
1.638000018334785646e-03 3.958333244857688456e-03
1.639000018332260888e-03 5.083333219711979288e-03
1.640000018329736131e-03 4.833333225299914562e-03
1.641000018327211374e-03 4.083333242063721252e-03
1.642000018324686617e-03 5.166666551182667530e-03
1.643000018322161859e-03 5.208333216918012085e-03
1.644000018319637102e-03 4.166666573534409494e-03
1.645000018317112345e-03 3.874999913387000647e-03
1.646000018314587587e-03 3.749999916180968285e-03
1.647000018312062830e-03 4.791666559564570875e-03
1.648000018309538073e-03 3.958333244857688456e-03
1.649000018307013316e-03 4.083333242063721252e-03
1.650000018304488558e-03 4.499999899417162462e-03
1.651000018301963801e-03 5.541666542800764185e-03
1.652000018299439044e-03 4.041666576328376698e-03
1.653000018296914286e-03 4.166666573534409494e-03
1.654000018294389529e-03 4.999999888241291046e-03
1.655000018291864772e-03 4.583333230887849837e-03
1.656000018289340014e-03 3.999999910593033010e-03
1.657000018286815257e-03 4.708333228093882633e-03
1.658000018284290500e-03 4.708333228093882633e-03
1.659000018281765743e-03 3.249999927356839267e-03
1.660000018279240985e-03 3.958333244857688456e-03
1.661000018276716228e-03 4.499999899417162462e-03
1.662000018274191471e-03 4.291666570740441423e-03
1.663000018271666713e-03 4.541666565152506149e-03
1.664000018269141956e-03 3.583333253239591801e-03
1.665000018266617199e-03 4.833333225299914562e-03
1.666000018264092442e-03 4.124999907799064940e-03
1.667000018261567684e-03 4.416666567946473353e-03
1.668000018259042927e-03 5.208333216918012085e-03
1.669000018256518170e-03 4.333333236475785978e-03
1.670000018253993412e-03 4.291666570740441423e-03
1.671000018251468655e-03 2.999999932944774541e-03
1.672000018248943898e-03 4.333333236475785978e-03
1.673000018246419140e-03 4.291666570740441423e-03
1.674000018243894383e-03 3.041666598680118662e-03
1.675000018241369626e-03 5.458333211330075943e-03
1.676000018238844869e-03 3.624999918974935922e-03
1.677000018236320111e-03 5.166666551182667530e-03
1.678000018233795354e-03 4.166666573534409494e-03
1.679000018231270597e-03 4.458333233681817907e-03
1.680000018228745839e-03 5.041666553976634733e-03
1.681000018226221082e-03 2.916666601474086733e-03
1.682000018223696325e-03 4.166666573534409494e-03
1.683000018221171568e-03 3.749999916180968285e-03
1.684000018218646810e-03 3.791666581916312406e-03
1.685000018216122053e-03 3.708333250445624164e-03
1.686000018213597296e-03 3.624999918974935922e-03
1.687000018211072538e-03 3.916666579122344768e-03
1.688000018208547781e-03 4.416666567946473353e-03
1.689000018206023024e-03 2.874999935738742178e-03
1.690000018203498267e-03 3.458333256033559438e-03
1.691000018200973509e-03 3.749999916180968285e-03
1.692000018198448752e-03 2.458333278385301402e-03
1.693000018195923995e-03 3.249999927356839267e-03
1.694000018193399237e-03 3.291666593092183388e-03
1.695000018190874480e-03 3.833333247651656527e-03
1.696000018188349723e-03 2.291666615443924918e-03
1.697000018185824965e-03 2.166666618237892989e-03
1.698000018183300208e-03 2.916666601474086733e-03
1.699000018180775451e-03 2.458333278385301402e-03
1.700000018178250694e-03 3.833333247651656527e-03
1.701000018175725936e-03 2.291666615443924918e-03
1.702000018173201179e-03 2.541666609855989644e-03
1.703000018170676422e-03 4.291666570740441423e-03
1.704000018168151664e-03 2.791666604268054370e-03
1.705000018165626907e-03 2.874999935738742178e-03
1.706000018163102150e-03 2.749999938532710249e-03
1.707000018160577393e-03 1.874999958090484142e-03
1.708000018158052635e-03 2.749999938532710249e-03
1.709000018155527878e-03 2.791666604268054370e-03
1.710000018153003121e-03 3.374999924562871630e-03
1.711000018150478363e-03 2.708333272797365694e-03
1.712000018147953606e-03 2.083333286767204747e-03
1.713000018145428849e-03 3.416666590298215751e-03
1.714000018142905826e-03 1.583333297943075512e-03
1.715000018140381069e-03 2.249999949708581231e-03
1.716000018137856312e-03 3.083333264415462783e-03
1.717000018135331554e-03 2.958333267209430420e-03
1.718000018132806797e-03 2.708333272797365694e-03
1.719000018130282040e-03 2.749999938532710249e-03
1.720000018127757282e-03 2.541666609855989644e-03
1.721000018125232525e-03 2.333333281179269039e-03
1.722000018122707768e-03 2.541666609855989644e-03
1.723000018120183011e-03 2.416666612649957281e-03
1.724000018117658253e-03 2.791666604268054370e-03
1.725000018115133496e-03 2.333333281179269039e-03
1.726000018112608739e-03 2.916666601474086733e-03
1.727000018110083981e-03 2.624999941326677886e-03
1.728000018107559224e-03 2.708333272797365694e-03
1.729000018105034467e-03 3.333333258827527075e-03
1.730000018102509710e-03 2.333333281179269039e-03
1.731000018099984952e-03 2.291666615443924918e-03
1.732000018097460195e-03 1.916666623825828263e-03
1.733000018094935438e-03 3.249999927356839267e-03
1.734000018092410680e-03 2.333333281179269039e-03
1.735000018089885923e-03 1.791666626619795900e-03
1.736000018087361166e-03 2.666666607062022007e-03
1.737000018084836409e-03 2.916666601474086733e-03
1.738000018082311651e-03 2.374999946914613160e-03
1.739000018079786894e-03 1.708333295149107875e-03
1.740000018077262137e-03 3.666666584710280043e-03
1.741000018074737379e-03 2.291666615443924918e-03
1.742000018072212622e-03 3.499999921768903559e-03
1.743000018069687865e-03 2.208333283973236676e-03
1.744000018067163107e-03 1.916666623825828263e-03
1.745000018064638350e-03 1.458333300737043366e-03
1.746000018062113593e-03 3.249999927356839267e-03
1.747000018059588836e-03 2.749999938532710249e-03
1.748000018057064078e-03 2.041666621031860626e-03
1.749000018054539321e-03 3.083333264415462783e-03
1.750000018052014564e-03 2.249999949708581231e-03
1.751000018049489806e-03 1.749999960884451779e-03
1.752000018046965049e-03 3.458333256033559438e-03
1.753000018044440292e-03 2.958333267209430420e-03
1.754000018041915535e-03 1.708333295149107875e-03
1.755000018039390777e-03 2.999999932944774541e-03
1.756000018036866020e-03 2.249999949708581231e-03
1.757000018034341263e-03 3.499999921768903559e-03
1.758000018031816505e-03 3.416666590298215751e-03
1.759000018029291748e-03 1.583333297943075512e-03
1.760000018026766991e-03 2.791666604268054370e-03
1.761000018024242234e-03 2.124999952502548434e-03
1.762000018021717476e-03 2.374999946914613160e-03
1.763000018019192719e-03 1.958333289561172384e-03
1.764000018016667962e-03 3.958333244857688456e-03
1.765000018014143204e-03 3.041666598680118662e-03
1.766000018011618447e-03 2.291666615443924918e-03
1.767000018009093690e-03 2.624999941326677886e-03
1.768000018006568932e-03 2.874999935738742178e-03
1.769000018004044175e-03 2.458333278385301402e-03
1.770000018001519418e-03 3.166666595886151025e-03
1.771000017998994661e-03 2.749999938532710249e-03
1.772000017996469903e-03 3.291666593092183388e-03
1.773000017993945146e-03 3.916666579122344768e-03
1.774000017991420389e-03 3.249999927356839267e-03
1.775000017988895631e-03 2.624999941326677886e-03
1.776000017986370874e-03 3.083333264415462783e-03
1.777000017983846117e-03 3.458333256033559438e-03
1.778000017981321360e-03 3.833333247651656527e-03
1.779000017978796602e-03 2.541666609855989644e-03
1.780000017976271845e-03 3.583333253239591801e-03
1.781000017973747088e-03 3.416666590298215751e-03
1.782000017971222330e-03 3.499999921768903559e-03
1.783000017968697573e-03 2.583333275591333765e-03
1.784000017966172816e-03 2.499999944120645523e-03
1.785000017963648059e-03 3.124999930150806904e-03
1.786000017961123301e-03 3.124999930150806904e-03
1.787000017958598544e-03 2.624999941326677886e-03
1.788000017956073787e-03 3.874999913387000647e-03
1.789000017953549029e-03 4.041666576328376698e-03
1.790000017951024272e-03 3.833333247651656527e-03
1.791000017948499515e-03 2.624999941326677886e-03
1.792000017945974757e-03 2.958333267209430420e-03
1.793000017943450000e-03 3.374999924562871630e-03
1.794000017940925243e-03 3.874999913387000647e-03
1.795000017938400486e-03 2.916666601474086733e-03
1.796000017935875728e-03 3.291666593092183388e-03
1.797000017933350971e-03 4.166666573534409494e-03
1.798000017930826214e-03 3.999999910593033010e-03
1.799000017928301456e-03 3.749999916180968285e-03
1.800000017925776699e-03 3.499999921768903559e-03
1.801000017923251942e-03 3.374999924562871630e-03
1.802000017920727185e-03 4.708333228093882633e-03
1.803000017918202427e-03 4.041666576328376698e-03
1.804000017915677670e-03 4.083333242063721252e-03
1.805000017913152913e-03 2.666666607062022007e-03
1.806000017910628155e-03 3.166666595886151025e-03
1.807000017908103398e-03 4.499999899417162462e-03
1.808000017905578641e-03 2.958333267209430420e-03
1.809000017903053883e-03 3.624999918974935922e-03
1.810000017900529126e-03 3.791666581916312406e-03
1.811000017898004369e-03 3.708333250445624164e-03
1.812000017895479612e-03 4.124999907799064940e-03
1.813000017892954854e-03 3.541666587504248113e-03
1.814000017890430097e-03 4.291666570740441423e-03
1.815000017887905340e-03 4.083333242063721252e-03
1.816000017885380582e-03 5.166666551182667530e-03
1.817000017882855825e-03 3.749999916180968285e-03
1.818000017880331068e-03 4.583333230887849837e-03
1.819000017877806311e-03 3.499999921768903559e-03
1.820000017875281553e-03 2.958333267209430420e-03
1.821000017872756796e-03 5.208333216918012085e-03
1.822000017870232039e-03 4.458333233681817907e-03
1.823000017867707281e-03 3.333333258827527075e-03
1.824000017865182524e-03 4.291666570740441423e-03
1.825000017862657767e-03 4.208333239269753182e-03
1.826000017860133010e-03 3.624999918974935922e-03
1.827000017857608252e-03 4.249999905005096869e-03
1.828000017855083495e-03 3.499999921768903559e-03
1.829000017852558738e-03 3.374999924562871630e-03
1.830000017850033980e-03 3.749999916180968285e-03
1.831000017847509223e-03 3.999999910593033010e-03
1.832000017844984466e-03 4.458333233681817907e-03
1.833000017842459708e-03 2.749999938532710249e-03
1.834000017839934951e-03 4.458333233681817907e-03
1.835000017837410194e-03 4.916666556770602804e-03
1.836000017834885437e-03 2.999999932944774541e-03
1.837000017832360679e-03 4.249999905005096869e-03
1.838000017829835922e-03 3.874999913387000647e-03
1.839000017827311165e-03 3.416666590298215751e-03
1.840000017824786407e-03 3.583333253239591801e-03
1.841000017822261650e-03 2.833333270003398057e-03
1.842000017819736893e-03 4.749999893829226320e-03
1.843000017817212136e-03 3.666666584710280043e-03
1.844000017814687378e-03 3.458333256033559438e-03
1.845000017812162621e-03 3.333333258827527075e-03
1.846000017809637864e-03 4.249999905005096869e-03
1.847000017807113106e-03 5.374999879859387701e-03
1.848000017804588349e-03 3.999999910593033010e-03
1.849000017802063592e-03 4.833333225299914562e-03
1.850000017799538835e-03 5.124999885447322975e-03
1.851000017797014077e-03 2.624999941326677886e-03
1.852000017794489320e-03 4.374999902211129665e-03
1.853000017791964563e-03 3.791666581916312406e-03
1.854000017789439805e-03 3.874999913387000647e-03
1.855000017786915048e-03 3.958333244857688456e-03
1.856000017784390291e-03 4.708333228093882633e-03
1.857000017781865533e-03 3.541666587504248113e-03
1.858000017779340776e-03 3.708333250445624164e-03
1.859000017776816019e-03 3.791666581916312406e-03
1.860000017774291262e-03 2.999999932944774541e-03
1.861000017771766504e-03 3.083333264415462783e-03
1.862000017769241747e-03 3.833333247651656527e-03
1.863000017766716990e-03 3.874999913387000647e-03
1.864000017764192232e-03 2.374999946914613160e-03
1.865000017761667475e-03 3.083333264415462783e-03
1.866000017759142718e-03 3.958333244857688456e-03
1.867000017756617961e-03 2.999999932944774541e-03
1.868000017754093203e-03 3.291666593092183388e-03
1.869000017751568446e-03 2.958333267209430420e-03
1.870000017749043689e-03 4.041666576328376698e-03
1.871000017746518931e-03 4.624999896623194391e-03
1.872000017743994174e-03 3.458333256033559438e-03
1.873000017741469417e-03 4.208333239269753182e-03
1.874000017738944660e-03 2.458333278385301402e-03
1.875000017736419902e-03 4.083333242063721252e-03
1.876000017733895145e-03 4.083333242063721252e-03
1.877000017731370388e-03 2.916666601474086733e-03
1.878000017728845630e-03 1.916666623825828263e-03
1.879000017726320873e-03 2.166666618237892989e-03
1.880000017723796116e-03 3.916666579122344768e-03
1.881000017721271358e-03 3.083333264415462783e-03
1.882000017718746601e-03 3.833333247651656527e-03
1.883000017716221844e-03 3.499999921768903559e-03
1.884000017713697087e-03 2.916666601474086733e-03
1.885000017711172329e-03 3.583333253239591801e-03
1.886000017708647572e-03 3.124999930150806904e-03
1.887000017706122815e-03 3.333333258827527075e-03
1.888000017703598057e-03 3.333333258827527075e-03
1.889000017701073300e-03 3.791666581916312406e-03
1.890000017698548543e-03 2.458333278385301402e-03
1.891000017696023786e-03 3.499999921768903559e-03
1.892000017693499028e-03 2.291666615443924918e-03
1.893000017690974271e-03 2.541666609855989644e-03
1.894000017688449514e-03 2.666666607062022007e-03
1.895000017685924756e-03 2.833333270003398057e-03
1.896000017683399999e-03 3.958333244857688456e-03
1.897000017680875242e-03 1.708333295149107875e-03
1.898000017678350484e-03 3.041666598680118662e-03
1.899000017675825727e-03 3.916666579122344768e-03
1.900000017673300970e-03 2.166666618237892989e-03
1.901000017670776213e-03 1.874999958090484142e-03
1.902000017668251455e-03 3.458333256033559438e-03
1.903000017665726698e-03 2.541666609855989644e-03
1.904000017663201941e-03 1.666666629413763537e-03
1.905000017660677183e-03 2.833333270003398057e-03
1.906000017658152426e-03 2.124999952502548434e-03
1.907000017655627669e-03 3.541666587504248113e-03
1.908000017653102912e-03 2.708333272797365694e-03
1.909000017650578154e-03 3.499999921768903559e-03
1.910000017648053397e-03 3.083333264415462783e-03
1.911000017645528640e-03 1.791666626619795900e-03
1.912000017643003882e-03 3.291666593092183388e-03
1.913000017640479125e-03 2.333333281179269039e-03
1.914000017637954368e-03 2.583333275591333765e-03
1.915000017635429611e-03 2.749999938532710249e-03
1.916000017632904853e-03 1.916666623825828263e-03
1.917000017630380096e-03 1.499999966472387270e-03
1.918000017627855339e-03 2.458333278385301402e-03
1.919000017625330581e-03 2.499999944120645523e-03
1.920000017622805824e-03 3.166666595886151025e-03
1.921000017620281067e-03 3.333333258827527075e-03
1.922000017617756309e-03 2.124999952502548434e-03
1.923000017615231552e-03 2.958333267209430420e-03
1.924000017612706795e-03 2.291666615443924918e-03
1.925000017610182038e-03 2.749999938532710249e-03
1.926000017607657280e-03 2.249999949708581231e-03
1.927000017605132523e-03 2.541666609855989644e-03
1.928000017602607766e-03 3.208333261621495146e-03
1.929000017600083008e-03 2.749999938532710249e-03
1.930000017597558251e-03 2.416666612649957281e-03
1.931000017595033494e-03 3.249999927356839267e-03
1.932000017592508737e-03 1.708333295149107875e-03
1.933000017589983979e-03 3.166666595886151025e-03
1.934000017587459222e-03 2.499999944120645523e-03
1.935000017584934465e-03 2.208333283973236676e-03
1.936000017582409707e-03 3.333333258827527075e-03
1.937000017579884950e-03 3.541666587504248113e-03
1.938000017577360193e-03 2.291666615443924918e-03
1.939000017574835436e-03 1.666666629413763537e-03
1.940000017572310678e-03 2.749999938532710249e-03
1.941000017569785921e-03 2.333333281179269039e-03
1.942000017567261164e-03 3.249999927356839267e-03
1.943000017564736406e-03 3.249999927356839267e-03
1.944000017562211649e-03 2.499999944120645523e-03
1.945000017559686892e-03 3.791666581916312406e-03
1.946000017557162134e-03 2.499999944120645523e-03
1.947000017554637377e-03 2.458333278385301402e-03
1.948000017552112620e-03 2.458333278385301402e-03
1.949000017549587863e-03 3.999999910593033010e-03
1.950000017547063105e-03 3.041666598680118662e-03
1.951000017544538348e-03 2.416666612649957281e-03
1.952000017542013591e-03 2.499999944120645523e-03
1.953000017539488833e-03 3.541666587504248113e-03
1.954000017536964076e-03 2.374999946914613160e-03
1.955000017534439319e-03 4.041666576328376698e-03
1.956000017531914562e-03 3.833333247651656527e-03
1.957000017529389804e-03 2.041666621031860626e-03
1.958000017526865047e-03 3.499999921768903559e-03
1.959000017524340290e-03 3.916666579122344768e-03
1.960000017521815532e-03 3.208333261621495146e-03
1.961000017519290775e-03 2.166666618237892989e-03
1.962000017516766018e-03 2.583333275591333765e-03
1.963000017514241261e-03 4.208333239269753182e-03
1.964000017511716503e-03 3.874999913387000647e-03
1.965000017509191746e-03 2.791666604268054370e-03
1.966000017506666989e-03 3.208333261621495146e-03
1.967000017504142231e-03 4.499999899417162462e-03
1.968000017501617474e-03 3.333333258827527075e-03
1.969000017499092717e-03 2.958333267209430420e-03
1.970000017496567959e-03 3.333333258827527075e-03
1.971000017494043202e-03 3.624999918974935922e-03
1.972000017491518445e-03 3.166666595886151025e-03
1.973000017488993688e-03 3.166666595886151025e-03
1.974000017486468930e-03 3.166666595886151025e-03
1.975000017483944173e-03 2.166666618237892989e-03
1.976000017481419416e-03 3.124999930150806904e-03
1.977000017478894658e-03 3.874999913387000647e-03
1.978000017476369901e-03 3.583333253239591801e-03
1.979000017473845144e-03 3.874999913387000647e-03
1.980000017471320387e-03 4.083333242063721252e-03
1.981000017468795629e-03 3.916666579122344768e-03
1.982000017466270872e-03 4.083333242063721252e-03
1.983000017463746115e-03 1.708333295149107875e-03
1.984000017461221357e-03 3.499999921768903559e-03
1.985000017458696600e-03 2.708333272797365694e-03
1.986000017456171843e-03 3.874999913387000647e-03
1.987000017453647085e-03 3.499999921768903559e-03
1.988000017451122328e-03 4.124999907799064940e-03
1.989000017448597571e-03 3.666666584710280043e-03
1.990000017446072814e-03 2.624999941326677886e-03
1.991000017443548056e-03 3.499999921768903559e-03
1.992000017441023299e-03 3.999999910593033010e-03
1.993000017438498542e-03 3.416666590298215751e-03
1.994000017435973784e-03 3.499999921768903559e-03
1.995000017433449027e-03 2.749999938532710249e-03
1.996000017430924270e-03 2.916666601474086733e-03
1.997000017428399513e-03 2.541666609855989644e-03
1.998000017425874755e-03 4.999999888241291046e-03
1.999000017423349998e-03 2.583333275591333765e-03
2.000000017420825241e-03 3.416666590298215751e-03
2.001000017418300483e-03 3.958333244857688456e-03
2.002000017415775726e-03 3.749999916180968285e-03
2.003000017413250969e-03 4.583333230887849837e-03
2.004000017410726212e-03 3.666666584710280043e-03
2.005000017408201454e-03 3.041666598680118662e-03
2.006000017405676697e-03 3.416666590298215751e-03
2.007000017403151940e-03 4.958333222505947359e-03
2.008000017400627182e-03 4.416666567946473353e-03
2.009000017398102425e-03 3.083333264415462783e-03
2.010000017395577668e-03 3.624999918974935922e-03
2.011000017393052910e-03 4.166666573534409494e-03
2.012000017390528153e-03 4.416666567946473353e-03
2.013000017388003396e-03 3.416666590298215751e-03
2.014000017385478639e-03 3.666666584710280043e-03
2.015000017382953881e-03 3.874999913387000647e-03
2.016000017380429124e-03 3.708333250445624164e-03
2.017000017377904367e-03 3.333333258827527075e-03
2.018000017375379609e-03 5.166666551182667530e-03
2.019000017372854852e-03 3.083333264415462783e-03
2.020000017370330095e-03 3.166666595886151025e-03
2.021000017367805338e-03 3.541666587504248113e-03
2.022000017365280580e-03 4.208333239269753182e-03
2.023000017362755823e-03 3.791666581916312406e-03
2.024000017360231066e-03 2.833333270003398057e-03
2.025000017357706308e-03 3.666666584710280043e-03
2.026000017355181551e-03 3.833333247651656527e-03
2.027000017352656794e-03 3.833333247651656527e-03
2.028000017350132037e-03 3.541666587504248113e-03
2.029000017347607279e-03 3.458333256033559438e-03
2.030000017345082522e-03 3.416666590298215751e-03
2.031000017342557765e-03 2.666666607062022007e-03
2.032000017340033007e-03 2.833333270003398057e-03
2.033000017337508250e-03 3.249999927356839267e-03
2.034000017334983493e-03 2.749999938532710249e-03
2.035000017332458735e-03 2.999999932944774541e-03
2.036000017329933978e-03 3.916666579122344768e-03
2.037000017327409221e-03 2.499999944120645523e-03
2.038000017324884464e-03 3.749999916180968285e-03
2.039000017322359706e-03 2.916666601474086733e-03
2.040000017319834949e-03 3.249999927356839267e-03
2.041000017317310192e-03 4.208333239269753182e-03
2.042000017314785434e-03 3.958333244857688456e-03
2.043000017312260677e-03 3.249999927356839267e-03
2.044000017309735920e-03 2.249999949708581231e-03
2.045000017307211163e-03 3.291666593092183388e-03
2.046000017304686405e-03 3.416666590298215751e-03
2.047000017302161648e-03 4.166666573534409494e-03
2.048000017299636891e-03 4.083333242063721252e-03
2.049000017297112133e-03 3.166666595886151025e-03
2.050000017294587376e-03 3.083333264415462783e-03
2.051000017292062619e-03 4.874999891035258250e-03
2.052000017289537862e-03 2.249999949708581231e-03
2.053000017287013104e-03 3.583333253239591801e-03
2.054000017284488347e-03 3.541666587504248113e-03
2.055000017281963590e-03 2.666666607062022007e-03
2.056000017279438832e-03 3.458333256033559438e-03
2.057000017276914075e-03 3.208333261621495146e-03
2.058000017274389318e-03 2.333333281179269039e-03
2.059000017271864560e-03 1.624999963678419633e-03
2.060000017269339803e-03 3.041666598680118662e-03
2.061000017266815046e-03 3.416666590298215751e-03
2.062000017264290289e-03 2.624999941326677886e-03
2.063000017261765531e-03 4.374999902211129665e-03
2.064000017259240774e-03 3.583333253239591801e-03
2.065000017256716017e-03 3.458333256033559438e-03
2.066000017254191259e-03 1.999999955296516505e-03
2.067000017251666502e-03 2.749999938532710249e-03
2.068000017249141745e-03 2.958333267209430420e-03
2.069000017246616988e-03 2.874999935738742178e-03
2.070000017244092230e-03 2.458333278385301402e-03
2.071000017241567473e-03 3.291666593092183388e-03
2.072000017239042716e-03 2.333333281179269039e-03
2.073000017236517958e-03 3.958333244857688456e-03
2.074000017233993201e-03 2.916666601474086733e-03
2.075000017231468444e-03 2.458333278385301402e-03
2.076000017228943686e-03 2.291666615443924918e-03
2.077000017226418929e-03 3.833333247651656527e-03
2.078000017223894172e-03 2.666666607062022007e-03
2.079000017221369415e-03 2.749999938532710249e-03
2.080000017218844657e-03 1.458333300737043366e-03
2.081000017216319900e-03 2.874999935738742178e-03
2.082000017213795143e-03 3.708333250445624164e-03
2.083000017211270385e-03 2.749999938532710249e-03
2.084000017208745628e-03 3.458333256033559438e-03
2.085000017206220871e-03 4.291666570740441423e-03
2.086000017203696114e-03 2.249999949708581231e-03
2.087000017201171356e-03 3.083333264415462783e-03
2.088000017198646599e-03 3.208333261621495146e-03
2.089000017196121842e-03 2.749999938532710249e-03
2.090000017193597084e-03 2.583333275591333765e-03
2.091000017191072327e-03 2.916666601474086733e-03
2.092000017188547570e-03 2.416666612649957281e-03
2.093000017186022813e-03 2.083333286767204747e-03
2.094000017183498055e-03 2.166666618237892989e-03
2.095000017180973298e-03 3.499999921768903559e-03
2.096000017178448541e-03 2.624999941326677886e-03
2.097000017175923783e-03 2.666666607062022007e-03
2.098000017173399026e-03 2.541666609855989644e-03
2.099000017170874269e-03 3.374999924562871630e-03
2.100000017168349511e-03 3.916666579122344768e-03
2.101000017165824754e-03 3.291666593092183388e-03
2.102000017163299997e-03 4.708333228093882633e-03
2.103000017160775240e-03 2.166666618237892989e-03
2.104000017158250482e-03 2.083333286767204747e-03
2.105000017155725725e-03 2.333333281179269039e-03
2.106000017153200968e-03 2.666666607062022007e-03
2.107000017150676210e-03 2.666666607062022007e-03
2.108000017148151453e-03 2.958333267209430420e-03
2.109000017145626696e-03 2.874999935738742178e-03
2.110000017143101939e-03 3.749999916180968285e-03
2.111000017140577181e-03 2.333333281179269039e-03
2.112000017138052424e-03 2.999999932944774541e-03
2.113000017135527667e-03 2.958333267209430420e-03
2.114000017133002909e-03 3.333333258827527075e-03
2.115000017130478152e-03 2.624999941326677886e-03
2.116000017127953395e-03 2.916666601474086733e-03
2.117000017125428638e-03 3.041666598680118662e-03
2.118000017122903880e-03 2.249999949708581231e-03
2.119000017120379123e-03 4.166666573534409494e-03
2.120000017117854366e-03 3.124999930150806904e-03
2.121000017115329608e-03 3.166666595886151025e-03
2.122000017112804851e-03 2.666666607062022007e-03
2.123000017110280094e-03 2.374999946914613160e-03
2.124000017107755336e-03 3.166666595886151025e-03
2.125000017105230579e-03 3.166666595886151025e-03
2.126000017102705822e-03 2.583333275591333765e-03
2.127000017100181065e-03 3.374999924562871630e-03
2.128000017097656307e-03 2.291666615443924918e-03
2.129000017095131550e-03 3.249999927356839267e-03
2.130000017092606793e-03 3.416666590298215751e-03
2.131000017090082035e-03 3.666666584710280043e-03
2.132000017087557278e-03 2.708333272797365694e-03
2.133000017085032521e-03 2.666666607062022007e-03
2.134000017082507764e-03 3.416666590298215751e-03
2.135000017079983006e-03 3.249999927356839267e-03
2.136000017077458249e-03 3.791666581916312406e-03
2.137000017074933492e-03 4.166666573534409494e-03
2.138000017072408734e-03 2.666666607062022007e-03
2.139000017069883977e-03 3.124999930150806904e-03
2.140000017067359220e-03 3.374999924562871630e-03
2.141000017064834463e-03 2.791666604268054370e-03
2.142000017062309705e-03 3.833333247651656527e-03
2.143000017059784948e-03 2.333333281179269039e-03
2.144000017057260191e-03 3.083333264415462783e-03
2.145000017054735433e-03 2.291666615443924918e-03
2.146000017052210676e-03 3.041666598680118662e-03
2.147000017049685919e-03 2.458333278385301402e-03
2.148000017047161161e-03 3.124999930150806904e-03
2.149000017044636404e-03 3.124999930150806904e-03
2.150000017042111647e-03 1.874999958090484142e-03
2.151000017039586890e-03 3.124999930150806904e-03
2.152000017037062132e-03 3.624999918974935922e-03
2.153000017034537375e-03 2.541666609855989644e-03
2.154000017032012618e-03 3.333333258827527075e-03
2.155000017029487860e-03 3.708333250445624164e-03
2.156000017026963103e-03 3.249999927356839267e-03
2.157000017024438346e-03 4.041666576328376698e-03
2.158000017021913589e-03 4.458333233681817907e-03
2.159000017019388831e-03 2.541666609855989644e-03
2.160000017016864074e-03 3.916666579122344768e-03
2.161000017014339317e-03 3.416666590298215751e-03
2.162000017011814559e-03 3.791666581916312406e-03
2.163000017009289802e-03 3.666666584710280043e-03
2.164000017006765045e-03 3.499999921768903559e-03
2.165000017004240287e-03 3.541666587504248113e-03
2.166000017001715530e-03 3.791666581916312406e-03
2.167000016999190773e-03 3.166666595886151025e-03
2.168000016996666016e-03 3.416666590298215751e-03
2.169000016994141258e-03 3.749999916180968285e-03
2.170000016991616501e-03 3.041666598680118662e-03
2.171000016989091744e-03 3.333333258827527075e-03
2.172000016986566986e-03 4.499999899417162462e-03
2.173000016984042229e-03 4.458333233681817907e-03
2.174000016981517472e-03 3.749999916180968285e-03
2.175000016978992715e-03 2.999999932944774541e-03
2.176000016976467957e-03 4.666666562358538078e-03
2.177000016973943200e-03 3.583333253239591801e-03
2.178000016971418443e-03 3.374999924562871630e-03
2.179000016968893685e-03 2.958333267209430420e-03
2.180000016966368928e-03 2.249999949708581231e-03
2.181000016963844171e-03 3.249999927356839267e-03
2.182000016961319414e-03 3.958333244857688456e-03
2.183000016958794656e-03 3.374999924562871630e-03
2.184000016956269899e-03 3.499999921768903559e-03
2.185000016953745142e-03 2.916666601474086733e-03
2.186000016951220384e-03 4.249999905005096869e-03
2.187000016948695627e-03 3.291666593092183388e-03
2.188000016946170870e-03 3.999999910593033010e-03
2.189000016943646112e-03 3.166666595886151025e-03
2.190000016941121355e-03 3.291666593092183388e-03
2.191000016938596598e-03 3.083333264415462783e-03
2.192000016936071841e-03 3.208333261621495146e-03
2.193000016933547083e-03 4.249999905005096869e-03
2.194000016931022326e-03 3.249999927356839267e-03
2.195000016928497569e-03 3.333333258827527075e-03
2.196000016925972811e-03 3.458333256033559438e-03
2.197000016923448054e-03 4.624999896623194391e-03
2.198000016920923297e-03 2.333333281179269039e-03
2.199000016918398540e-03 2.624999941326677886e-03
2.200000016915873782e-03 3.541666587504248113e-03
2.201000016913349025e-03 3.458333256033559438e-03
2.202000016910824268e-03 3.083333264415462783e-03
2.203000016908299510e-03 3.666666584710280043e-03
2.204000016905774753e-03 3.624999918974935922e-03
2.205000016903249996e-03 3.666666584710280043e-03
2.206000016900725239e-03 3.083333264415462783e-03
2.207000016898200481e-03 2.958333267209430420e-03
2.208000016895675724e-03 3.333333258827527075e-03
2.209000016893150967e-03 3.541666587504248113e-03
2.210000016890626209e-03 3.624999918974935922e-03
2.211000016888101452e-03 4.541666565152506149e-03
2.212000016885576695e-03 2.458333278385301402e-03
2.213000016883051937e-03 3.624999918974935922e-03
2.214000016880527180e-03 2.958333267209430420e-03
2.215000016878002423e-03 4.041666576328376698e-03
2.216000016875477666e-03 3.166666595886151025e-03
2.217000016872952908e-03 3.041666598680118662e-03
2.218000016870428151e-03 3.874999913387000647e-03
2.219000016867903394e-03 4.124999907799064940e-03
2.220000016865378636e-03 4.208333239269753182e-03
2.221000016862853879e-03 2.499999944120645523e-03
2.222000016860329122e-03 3.166666595886151025e-03
2.223000016857804365e-03 3.333333258827527075e-03
2.224000016855279607e-03 2.999999932944774541e-03
2.225000016852754850e-03 3.749999916180968285e-03
2.226000016850230093e-03 2.999999932944774541e-03
2.227000016847705335e-03 3.916666579122344768e-03
2.228000016845180578e-03 3.333333258827527075e-03
2.229000016842655821e-03 2.874999935738742178e-03
2.230000016840131064e-03 2.624999941326677886e-03
2.231000016837606306e-03 3.874999913387000647e-03
2.232000016835081549e-03 2.833333270003398057e-03
2.233000016832556792e-03 3.208333261621495146e-03
2.234000016830032034e-03 3.416666590298215751e-03
2.235000016827507277e-03 3.041666598680118662e-03
2.236000016824982520e-03 2.499999944120645523e-03
2.237000016822457762e-03 2.999999932944774541e-03
2.238000016819933005e-03 3.041666598680118662e-03
2.239000016817408248e-03 2.124999952502548434e-03
2.240000016814883491e-03 3.416666590298215751e-03
2.241000016812358733e-03 2.041666621031860626e-03
2.242000016809833976e-03 2.916666601474086733e-03
2.243000016807309219e-03 3.166666595886151025e-03
2.244000016804784461e-03 2.749999938532710249e-03
2.245000016802259704e-03 4.124999907799064940e-03
2.246000016799734947e-03 2.583333275591333765e-03
2.247000016797210190e-03 3.249999927356839267e-03
2.248000016794685432e-03 4.083333242063721252e-03
2.249000016792160675e-03 3.791666581916312406e-03
2.250000016789635918e-03 3.249999927356839267e-03
2.251000016787111160e-03 2.458333278385301402e-03
2.252000016784586403e-03 2.499999944120645523e-03
2.253000016782061646e-03 3.291666593092183388e-03
2.254000016779536889e-03 2.666666607062022007e-03
2.255000016777012131e-03 2.208333283973236676e-03
2.256000016774487374e-03 2.208333283973236676e-03
2.257000016771962617e-03 3.416666590298215751e-03
2.258000016769437859e-03 3.208333261621495146e-03
2.259000016766913102e-03 3.249999927356839267e-03
2.260000016764388345e-03 4.249999905005096869e-03
2.261000016761863587e-03 3.458333256033559438e-03
2.262000016759338830e-03 3.291666593092183388e-03
2.263000016756814073e-03 2.916666601474086733e-03
2.264000016754289316e-03 3.124999930150806904e-03
2.265000016751764558e-03 3.666666584710280043e-03
2.266000016749239801e-03 2.583333275591333765e-03
2.267000016746715044e-03 3.291666593092183388e-03
2.268000016744190286e-03 3.666666584710280043e-03
2.269000016741665529e-03 1.874999958090484142e-03
2.270000016739140772e-03 3.416666590298215751e-03
2.271000016736616015e-03 2.624999941326677886e-03
2.272000016734091257e-03 2.583333275591333765e-03
2.273000016731566500e-03 2.249999949708581231e-03
2.274000016729041743e-03 2.541666609855989644e-03
2.275000016726516985e-03 2.416666612649957281e-03
2.276000016723992228e-03 3.541666587504248113e-03
2.277000016721467471e-03 3.416666590298215751e-03
2.278000016718942713e-03 3.624999918974935922e-03
2.279000016716417956e-03 3.458333256033559438e-03
2.280000016713893199e-03 2.374999946914613160e-03
2.281000016711368442e-03 3.583333253239591801e-03
2.282000016708843684e-03 3.708333250445624164e-03
2.283000016706318927e-03 4.458333233681817907e-03
2.284000016703794170e-03 2.541666609855989644e-03
2.285000016701269412e-03 3.666666584710280043e-03
2.286000016698744655e-03 3.499999921768903559e-03
2.287000016696219898e-03 2.833333270003398057e-03
2.288000016693695141e-03 3.333333258827527075e-03
2.289000016691170383e-03 4.499999899417162462e-03
2.290000016688645626e-03 3.124999930150806904e-03
2.291000016686120869e-03 2.916666601474086733e-03
2.292000016683596111e-03 3.333333258827527075e-03
2.293000016681071354e-03 3.249999927356839267e-03
2.294000016678546597e-03 3.208333261621495146e-03
2.295000016676021840e-03 3.374999924562871630e-03
2.296000016673497082e-03 2.416666612649957281e-03
2.297000016670972325e-03 2.791666604268054370e-03
2.298000016668447568e-03 3.583333253239591801e-03
2.299000016665922810e-03 4.041666576328376698e-03
2.300000016663398053e-03 2.458333278385301402e-03
2.301000016660873296e-03 3.124999930150806904e-03
2.302000016658348538e-03 3.624999918974935922e-03
2.303000016655823781e-03 3.624999918974935922e-03
2.304000016653299024e-03 3.499999921768903559e-03
2.305000016650774267e-03 2.499999944120645523e-03
2.306000016648249509e-03 3.041666598680118662e-03
2.307000016645724752e-03 3.041666598680118662e-03
2.308000016643199995e-03 4.208333239269753182e-03
2.309000016640675237e-03 3.458333256033559438e-03
2.310000016638150480e-03 4.124999907799064940e-03
2.311000016635625723e-03 1.416666635001699029e-03
2.312000016633100966e-03 2.958333267209430420e-03
2.313000016630576208e-03 2.708333272797365694e-03
2.314000016628051451e-03 3.208333261621495146e-03
2.315000016625526694e-03 2.583333275591333765e-03
2.316000016623001936e-03 3.624999918974935922e-03
2.317000016620477179e-03 3.333333258827527075e-03
2.318000016617952422e-03 3.541666587504248113e-03
2.319000016615427665e-03 4.041666576328376698e-03
2.320000016612902907e-03 2.999999932944774541e-03
2.321000016610378150e-03 2.708333272797365694e-03
2.322000016607853393e-03 4.541666565152506149e-03
2.323000016605328635e-03 4.124999907799064940e-03
2.324000016602803878e-03 2.874999935738742178e-03
2.325000016600279121e-03 2.749999938532710249e-03
2.326000016597754363e-03 2.833333270003398057e-03
2.327000016595229606e-03 3.916666579122344768e-03
2.328000016592704849e-03 3.249999927356839267e-03
2.329000016590180092e-03 3.583333253239591801e-03
2.330000016587655334e-03 3.624999918974935922e-03
2.331000016585130577e-03 3.249999927356839267e-03
2.332000016582605820e-03 2.666666607062022007e-03
2.333000016580081062e-03 3.166666595886151025e-03
2.334000016577556305e-03 3.749999916180968285e-03
2.335000016575031548e-03 3.374999924562871630e-03
2.336000016572506791e-03 3.083333264415462783e-03
2.337000016569982033e-03 2.916666601474086733e-03
2.338000016567457276e-03 2.958333267209430420e-03
2.339000016564932519e-03 3.124999930150806904e-03
2.340000016562407761e-03 2.833333270003398057e-03
2.341000016559883004e-03 3.791666581916312406e-03
2.342000016557358247e-03 2.666666607062022007e-03
2.343000016554833490e-03 3.291666593092183388e-03
2.344000016552308732e-03 3.291666593092183388e-03
2.345000016549783975e-03 3.916666579122344768e-03
2.346000016547259218e-03 3.416666590298215751e-03
2.347000016544734460e-03 3.124999930150806904e-03
2.348000016542209703e-03 4.041666576328376698e-03
2.349000016539684946e-03 3.249999927356839267e-03
2.350000016537160188e-03 4.458333233681817907e-03
2.351000016534635431e-03 2.708333272797365694e-03
2.352000016532110674e-03 2.874999935738742178e-03
2.353000016529585917e-03 3.708333250445624164e-03
2.354000016527061159e-03 3.124999930150806904e-03
2.355000016524536402e-03 4.166666573534409494e-03
2.356000016522011645e-03 4.041666576328376698e-03
2.357000016519486887e-03 3.083333264415462783e-03
2.358000016516962130e-03 4.583333230887849837e-03
2.359000016514437373e-03 4.249999905005096869e-03
2.360000016511912616e-03 3.416666590298215751e-03
2.361000016509387858e-03 3.958333244857688456e-03
2.362000016506863101e-03 4.249999905005096869e-03
2.363000016504338344e-03 4.666666562358538078e-03
2.364000016501813586e-03 4.333333236475785978e-03
2.365000016499288829e-03 4.124999907799064940e-03
2.366000016496764072e-03 4.749999893829226320e-03
2.367000016494239314e-03 3.374999924562871630e-03
2.368000016491714557e-03 3.333333258827527075e-03
2.369000016489189800e-03 2.749999938532710249e-03
2.370000016486665043e-03 3.958333244857688456e-03
2.371000016484140285e-03 3.791666581916312406e-03
2.372000016481615528e-03 4.458333233681817907e-03
2.373000016479090771e-03 4.833333225299914562e-03
2.374000016476566013e-03 3.333333258827527075e-03
2.375000016474041256e-03 2.999999932944774541e-03
2.376000016471516499e-03 3.791666581916312406e-03
2.377000016468991742e-03 3.749999916180968285e-03
2.378000016466466984e-03 3.541666587504248113e-03
2.379000016463942227e-03 3.666666584710280043e-03
2.380000016461417470e-03 4.791666559564570875e-03
2.381000016458892712e-03 4.666666562358538078e-03
2.382000016456367955e-03 3.041666598680118662e-03
2.383000016453843198e-03 3.374999924562871630e-03
2.384000016451318441e-03 3.416666590298215751e-03
2.385000016448793683e-03 3.749999916180968285e-03
2.386000016446268926e-03 4.208333239269753182e-03
2.387000016443744169e-03 3.666666584710280043e-03
2.388000016441219411e-03 3.874999913387000647e-03
2.389000016438694654e-03 3.499999921768903559e-03
2.390000016436169897e-03 3.624999918974935922e-03
2.391000016433645139e-03 3.291666593092183388e-03
2.392000016431120382e-03 4.208333239269753182e-03
2.393000016428595625e-03 3.749999916180968285e-03
2.394000016426070868e-03 2.374999946914613160e-03
2.395000016423546110e-03 2.749999938532710249e-03
2.396000016421021353e-03 4.291666570740441423e-03
2.397000016418496596e-03 4.208333239269753182e-03
2.398000016415971838e-03 3.374999924562871630e-03
2.399000016413447081e-03 3.208333261621495146e-03
2.400000016410922324e-03 2.749999938532710249e-03
2.401000016408397567e-03 3.124999930150806904e-03
2.402000016405872809e-03 2.666666607062022007e-03
2.403000016403348052e-03 4.458333233681817907e-03
2.404000016400823295e-03 3.708333250445624164e-03
2.405000016398298537e-03 4.541666565152506149e-03
2.406000016395773780e-03 3.999999910593033010e-03
2.407000016393249023e-03 2.583333275591333765e-03
2.408000016390724266e-03 2.999999932944774541e-03
2.409000016388199508e-03 4.666666562358538078e-03
2.410000016385674751e-03 2.374999946914613160e-03
2.411000016383149994e-03 3.541666587504248113e-03
2.412000016380625236e-03 4.541666565152506149e-03
2.413000016378100479e-03 3.041666598680118662e-03
2.414000016375575722e-03 3.791666581916312406e-03
2.415000016373050964e-03 3.499999921768903559e-03
2.416000016370526207e-03 2.916666601474086733e-03
2.417000016368001450e-03 2.791666604268054370e-03
2.418000016365476693e-03 3.124999930150806904e-03
2.419000016362951935e-03 2.541666609855989644e-03
2.420000016360427178e-03 3.124999930150806904e-03
2.421000016357902421e-03 4.249999905005096869e-03
2.422000016355377663e-03 4.583333230887849837e-03
2.423000016352852906e-03 4.041666576328376698e-03
2.424000016350328149e-03 4.208333239269753182e-03
2.425000016347803392e-03 4.999999888241291046e-03
2.426000016345278634e-03 3.958333244857688456e-03
2.427000016342753877e-03 2.208333283973236676e-03
2.428000016340229120e-03 2.874999935738742178e-03
2.429000016337704362e-03 2.999999932944774541e-03
2.430000016335179605e-03 4.458333233681817907e-03
2.431000016332654848e-03 2.416666612649957281e-03
2.432000016330130091e-03 2.124999952502548434e-03
2.433000016327605333e-03 3.249999927356839267e-03
2.434000016325080576e-03 3.791666581916312406e-03
2.435000016322555819e-03 3.124999930150806904e-03
2.436000016320031061e-03 4.249999905005096869e-03
2.437000016317506304e-03 4.083333242063721252e-03
2.438000016314981547e-03 3.291666593092183388e-03
2.439000016312456789e-03 3.041666598680118662e-03
2.440000016309932032e-03 2.833333270003398057e-03
2.441000016307407275e-03 3.624999918974935922e-03
2.442000016304882518e-03 3.041666598680118662e-03
2.443000016302357760e-03 3.999999910593033010e-03
2.444000016299833003e-03 4.124999907799064940e-03
2.445000016297308246e-03 2.624999941326677886e-03
2.446000016294783488e-03 2.958333267209430420e-03
2.447000016292258731e-03 3.541666587504248113e-03
2.448000016289733974e-03 2.291666615443924918e-03
2.449000016287209217e-03 3.708333250445624164e-03
2.450000016284684459e-03 3.249999927356839267e-03
2.451000016282159702e-03 2.916666601474086733e-03
2.452000016279634945e-03 3.916666579122344768e-03
2.453000016277110187e-03 4.249999905005096869e-03
2.454000016274585430e-03 1.791666626619795900e-03
2.455000016272060673e-03 3.166666595886151025e-03
2.456000016269535915e-03 3.416666590298215751e-03
2.457000016267011158e-03 3.249999927356839267e-03
2.458000016264486401e-03 2.708333272797365694e-03
2.459000016261961644e-03 3.624999918974935922e-03
2.460000016259436886e-03 2.666666607062022007e-03
2.461000016256912129e-03 3.624999918974935922e-03
2.462000016254387372e-03 3.499999921768903559e-03
2.463000016251862614e-03 2.458333278385301402e-03
2.464000016249337857e-03 2.291666615443924918e-03
2.465000016246813100e-03 3.874999913387000647e-03
2.466000016244288343e-03 2.541666609855989644e-03
2.467000016241763585e-03 3.708333250445624164e-03
2.468000016239238828e-03 4.083333242063721252e-03
2.469000016236714071e-03 3.583333253239591801e-03
2.470000016234189313e-03 2.999999932944774541e-03
2.471000016231664556e-03 2.874999935738742178e-03
2.472000016229139799e-03 3.458333256033559438e-03
2.473000016226615042e-03 4.083333242063721252e-03
2.474000016224090284e-03 3.666666584710280043e-03
2.475000016221565527e-03 3.833333247651656527e-03
2.476000016219040770e-03 4.208333239269753182e-03
2.477000016216516012e-03 4.291666570740441423e-03
2.478000016213991255e-03 2.999999932944774541e-03
2.479000016211466498e-03 2.999999932944774541e-03
2.480000016208941740e-03 3.374999924562871630e-03
2.481000016206416983e-03 2.958333267209430420e-03
2.482000016203892226e-03 3.874999913387000647e-03
2.483000016201367469e-03 4.208333239269753182e-03
2.484000016198842711e-03 4.166666573534409494e-03
2.485000016196317954e-03 3.083333264415462783e-03
2.486000016193793197e-03 4.166666573534409494e-03
2.487000016191268439e-03 2.208333283973236676e-03
2.488000016188743682e-03 3.083333264415462783e-03
2.489000016186218925e-03 3.208333261621495146e-03
2.490000016183694168e-03 3.666666584710280043e-03
2.491000016181169410e-03 3.666666584710280043e-03
2.492000016178644653e-03 2.958333267209430420e-03
2.493000016176119896e-03 4.791666559564570875e-03
2.494000016173595138e-03 2.666666607062022007e-03
2.495000016171070381e-03 2.916666601474086733e-03
2.496000016168545624e-03 2.833333270003398057e-03
2.497000016166020867e-03 3.624999918974935922e-03
2.498000016163496109e-03 3.041666598680118662e-03
2.499000016160971352e-03 2.958333267209430420e-03
2.500000016158446595e-03 4.041666576328376698e-03
2.501000016155921837e-03 2.916666601474086733e-03
2.502000016153397080e-03 4.041666576328376698e-03
2.503000016150872323e-03 3.333333258827527075e-03
2.504000016148347565e-03 2.874999935738742178e-03
2.505000016145822808e-03 3.583333253239591801e-03
2.506000016143298051e-03 3.291666593092183388e-03
2.507000016140773294e-03 3.749999916180968285e-03
2.508000016138248536e-03 3.416666590298215751e-03
2.509000016135723779e-03 3.458333256033559438e-03
2.510000016133199022e-03 4.249999905005096869e-03
2.511000016130674264e-03 3.583333253239591801e-03
2.512000016128149507e-03 3.791666581916312406e-03
2.513000016125624750e-03 3.791666581916312406e-03
2.514000016123099993e-03 3.999999910593033010e-03
2.515000016120575235e-03 2.958333267209430420e-03
2.516000016118050478e-03 3.708333250445624164e-03
2.517000016115525721e-03 2.916666601474086733e-03
2.518000016113000963e-03 4.166666573534409494e-03
2.519000016110476206e-03 4.416666567946473353e-03
2.520000016107951449e-03 4.666666562358538078e-03
2.521000016105426692e-03 3.499999921768903559e-03
2.522000016102901934e-03 4.374999902211129665e-03
2.523000016100377177e-03 3.208333261621495146e-03
2.524000016097852420e-03 1.999999955296516505e-03
2.525000016095327662e-03 2.749999938532710249e-03
2.526000016092802905e-03 3.374999924562871630e-03
2.527000016090278148e-03 3.333333258827527075e-03
2.528000016087753390e-03 4.916666556770602804e-03
2.529000016085228633e-03 2.958333267209430420e-03
2.530000016082703876e-03 2.791666604268054370e-03
2.531000016080179119e-03 3.708333250445624164e-03
2.532000016077654361e-03 4.541666565152506149e-03
2.533000016075129604e-03 4.166666573534409494e-03
2.534000016072604847e-03 4.124999907799064940e-03
2.535000016070080089e-03 2.791666604268054370e-03
2.536000016067555332e-03 4.541666565152506149e-03
2.537000016065030575e-03 2.791666604268054370e-03
2.538000016062505818e-03 1.833333292355140021e-03
2.539000016059981060e-03 2.166666618237892989e-03
2.540000016057456303e-03 3.708333250445624164e-03
2.541000016054931546e-03 3.458333256033559438e-03
2.542000016052406788e-03 2.916666601474086733e-03
2.543000016049882031e-03 3.791666581916312406e-03
2.544000016047357274e-03 3.624999918974935922e-03
2.545000016044832516e-03 3.291666593092183388e-03
2.546000016042307759e-03 2.958333267209430420e-03
2.547000016039783002e-03 4.791666559564570875e-03
2.548000016037258245e-03 3.749999916180968285e-03
2.549000016034733487e-03 3.374999924562871630e-03
2.550000016032208730e-03 3.541666587504248113e-03
2.551000016029683973e-03 3.583333253239591801e-03
2.552000016027159215e-03 4.458333233681817907e-03
2.553000016024634458e-03 3.791666581916312406e-03
2.554000016022109701e-03 3.708333250445624164e-03
2.555000016019584944e-03 3.166666595886151025e-03
2.556000016017060186e-03 4.624999896623194391e-03
2.557000016014535429e-03 2.958333267209430420e-03
2.558000016012010672e-03 2.999999932944774541e-03
2.559000016009485914e-03 3.874999913387000647e-03
2.560000016006961157e-03 2.333333281179269039e-03
2.561000016004436400e-03 3.708333250445624164e-03
2.562000016001911643e-03 3.749999916180968285e-03
2.563000015999386885e-03 3.124999930150806904e-03
2.564000015996862128e-03 4.083333242063721252e-03
2.565000015994337371e-03 2.958333267209430420e-03
2.566000015991812613e-03 4.124999907799064940e-03
2.567000015989287856e-03 3.499999921768903559e-03
2.568000015986763099e-03 3.624999918974935922e-03
2.569000015984238341e-03 2.958333267209430420e-03
2.570000015981713584e-03 2.958333267209430420e-03
2.571000015979188827e-03 3.249999927356839267e-03
2.572000015976664070e-03 3.333333258827527075e-03
2.573000015974139312e-03 4.333333236475785978e-03
2.574000015971614555e-03 3.333333258827527075e-03
2.575000015969089798e-03 3.666666584710280043e-03
2.576000015966565040e-03 3.999999910593033010e-03
2.577000015964040283e-03 4.124999907799064940e-03
2.578000015961515526e-03 3.166666595886151025e-03
2.579000015958990769e-03 4.083333242063721252e-03
2.580000015956466011e-03 3.041666598680118662e-03
2.581000015953941254e-03 5.208333216918012085e-03
2.582000015951416497e-03 2.999999932944774541e-03
2.583000015948891739e-03 4.291666570740441423e-03
2.584000015946366982e-03 3.958333244857688456e-03
2.585000015943842225e-03 2.624999941326677886e-03
2.586000015941317468e-03 3.708333250445624164e-03
2.587000015938792710e-03 4.374999902211129665e-03
2.588000015936267953e-03 4.499999899417162462e-03
2.589000015933743196e-03 2.791666604268054370e-03
2.590000015931218438e-03 3.124999930150806904e-03
2.591000015928693681e-03 3.166666595886151025e-03
2.592000015926168924e-03 3.583333253239591801e-03
2.593000015923644166e-03 2.458333278385301402e-03
2.594000015921119409e-03 3.583333253239591801e-03
2.595000015918594652e-03 1.916666623825828263e-03
2.596000015916069895e-03 3.749999916180968285e-03
2.597000015913545137e-03 4.291666570740441423e-03
2.598000015911020380e-03 2.458333278385301402e-03
2.599000015908495623e-03 3.958333244857688456e-03
2.600000015905970865e-03 3.958333244857688456e-03
2.601000015903446108e-03 2.874999935738742178e-03
2.602000015900921351e-03 3.499999921768903559e-03
2.603000015898396594e-03 2.791666604268054370e-03
2.604000015895871836e-03 3.291666593092183388e-03
2.605000015893347079e-03 4.374999902211129665e-03
2.606000015890822322e-03 4.499999899417162462e-03
2.607000015888297564e-03 3.333333258827527075e-03
2.608000015885772807e-03 4.374999902211129665e-03
2.609000015883248050e-03 3.749999916180968285e-03
2.610000015880723293e-03 3.416666590298215751e-03
2.611000015878198535e-03 4.166666573534409494e-03
2.612000015875673778e-03 4.416666567946473353e-03
2.613000015873149021e-03 3.874999913387000647e-03
2.614000015870624263e-03 2.749999938532710249e-03
2.615000015868099506e-03 2.958333267209430420e-03
2.616000015865574749e-03 3.166666595886151025e-03
2.617000015863049991e-03 3.583333253239591801e-03
2.618000015860525234e-03 3.416666590298215751e-03
2.619000015858000477e-03 2.999999932944774541e-03
2.620000015855475720e-03 3.416666590298215751e-03
2.621000015852950962e-03 3.291666593092183388e-03
2.622000015850426205e-03 2.499999944120645523e-03
2.623000015847901448e-03 3.583333253239591801e-03
2.624000015845376690e-03 4.583333230887849837e-03
2.625000015842851933e-03 2.499999944120645523e-03
2.626000015840327176e-03 3.749999916180968285e-03
2.627000015837802419e-03 3.624999918974935922e-03
2.628000015835277661e-03 3.791666581916312406e-03
2.629000015832752904e-03 3.249999927356839267e-03
2.630000015830228147e-03 3.333333258827527075e-03
2.631000015827703389e-03 3.416666590298215751e-03
2.632000015825178632e-03 3.624999918974935922e-03
2.633000015822653875e-03 3.791666581916312406e-03
2.634000015820129117e-03 3.333333258827527075e-03
2.635000015817604360e-03 4.291666570740441423e-03
2.636000015815079603e-03 4.041666576328376698e-03
2.637000015812554846e-03 3.791666581916312406e-03
2.638000015810030088e-03 2.249999949708581231e-03
2.639000015807505331e-03 2.958333267209430420e-03
2.640000015804980574e-03 4.541666565152506149e-03
2.641000015802455816e-03 3.499999921768903559e-03
2.642000015799931059e-03 3.458333256033559438e-03
2.643000015797406302e-03 3.333333258827527075e-03
2.644000015794881545e-03 3.583333253239591801e-03
2.645000015792356787e-03 3.291666593092183388e-03
2.646000015789832030e-03 3.583333253239591801e-03
2.647000015787307273e-03 2.833333270003398057e-03
2.648000015784782515e-03 4.041666576328376698e-03
2.649000015782257758e-03 4.083333242063721252e-03
2.650000015779733001e-03 3.958333244857688456e-03
2.651000015777208244e-03 4.124999907799064940e-03
2.652000015774683486e-03 3.624999918974935922e-03
2.653000015772158729e-03 3.249999927356839267e-03
2.654000015769633972e-03 2.874999935738742178e-03
2.655000015767109214e-03 3.291666593092183388e-03
2.656000015764584457e-03 3.499999921768903559e-03
2.657000015762059700e-03 3.624999918974935922e-03
2.658000015759534942e-03 2.291666615443924918e-03
2.659000015757010185e-03 3.624999918974935922e-03
2.660000015754485428e-03 3.499999921768903559e-03
2.661000015751960671e-03 3.499999921768903559e-03
2.662000015749435913e-03 2.958333267209430420e-03
2.663000015746911156e-03 2.958333267209430420e-03
2.664000015744386399e-03 2.791666604268054370e-03
2.665000015741861641e-03 4.083333242063721252e-03
2.666000015739336884e-03 3.291666593092183388e-03
2.667000015736812127e-03 2.833333270003398057e-03
2.668000015734287370e-03 4.041666576328376698e-03
2.669000015731762612e-03 2.416666612649957281e-03
2.670000015729237855e-03 2.583333275591333765e-03
2.671000015726713098e-03 3.958333244857688456e-03
2.672000015724188340e-03 4.083333242063721252e-03
2.673000015721663583e-03 3.374999924562871630e-03
2.674000015719138826e-03 2.541666609855989644e-03
2.675000015716614069e-03 3.999999910593033010e-03
2.676000015714089311e-03 4.083333242063721252e-03
2.677000015711564554e-03 3.333333258827527075e-03
2.678000015709039797e-03 3.583333253239591801e-03
2.679000015706515039e-03 3.166666595886151025e-03
2.680000015703990282e-03 3.666666584710280043e-03
2.681000015701465525e-03 3.291666593092183388e-03
2.682000015698940767e-03 3.416666590298215751e-03
2.683000015696416010e-03 4.166666573534409494e-03
2.684000015693891253e-03 4.458333233681817907e-03
2.685000015691366496e-03 3.916666579122344768e-03
2.686000015688841738e-03 4.374999902211129665e-03
2.687000015686316981e-03 2.999999932944774541e-03
2.688000015683792224e-03 3.624999918974935922e-03
2.689000015681267466e-03 3.458333256033559438e-03
2.690000015678742709e-03 4.208333239269753182e-03
2.691000015676217952e-03 3.541666587504248113e-03
2.692000015673693195e-03 4.291666570740441423e-03
2.693000015671168437e-03 3.499999921768903559e-03
2.694000015668643680e-03 3.166666595886151025e-03
2.695000015666118923e-03 2.333333281179269039e-03
2.696000015663594165e-03 2.999999932944774541e-03
2.697000015661069408e-03 3.583333253239591801e-03
2.698000015658544651e-03 3.999999910593033010e-03
2.699000015656019894e-03 3.124999930150806904e-03
2.700000015653495136e-03 4.208333239269753182e-03
2.701000015650970379e-03 3.333333258827527075e-03
2.702000015648445622e-03 4.624999896623194391e-03
2.703000015645920864e-03 3.958333244857688456e-03
2.704000015643396107e-03 2.791666604268054370e-03
2.705000015640871350e-03 3.541666587504248113e-03
2.706000015638346592e-03 2.499999944120645523e-03
2.707000015635821835e-03 3.624999918974935922e-03
2.708000015633297078e-03 2.541666609855989644e-03
2.709000015630772321e-03 4.916666556770602804e-03
2.710000015628247563e-03 4.458333233681817907e-03
2.711000015625722806e-03 3.249999927356839267e-03
2.712000015623198049e-03 3.499999921768903559e-03
2.713000015620673291e-03 3.791666581916312406e-03
2.714000015618148534e-03 4.166666573534409494e-03
2.715000015615623777e-03 3.333333258827527075e-03
2.716000015613099020e-03 3.958333244857688456e-03
2.717000015610574262e-03 4.083333242063721252e-03
2.718000015608049505e-03 4.249999905005096869e-03
2.719000015605524748e-03 3.124999930150806904e-03
2.720000015602999990e-03 3.458333256033559438e-03
2.721000015600475233e-03 3.583333253239591801e-03
2.722000015597950476e-03 3.874999913387000647e-03
2.723000015595425718e-03 3.083333264415462783e-03
2.724000015592900961e-03 3.916666579122344768e-03
2.725000015590376204e-03 2.708333272797365694e-03
2.726000015587851447e-03 3.374999924562871630e-03
2.727000015585326689e-03 2.999999932944774541e-03
2.728000015582801932e-03 4.041666576328376698e-03
2.729000015580277175e-03 4.416666567946473353e-03
2.730000015577752417e-03 3.874999913387000647e-03
2.731000015575227660e-03 4.124999907799064940e-03
2.732000015572702903e-03 2.541666609855989644e-03
2.733000015570178146e-03 5.124999885447322975e-03
2.734000015567653388e-03 4.041666576328376698e-03
2.735000015565128631e-03 3.624999918974935922e-03
2.736000015562603874e-03 3.791666581916312406e-03
2.737000015560079116e-03 3.083333264415462783e-03
2.738000015557554359e-03 4.249999905005096869e-03
2.739000015555029602e-03 3.583333253239591801e-03
2.740000015552504845e-03 3.541666587504248113e-03
2.741000015549980087e-03 3.499999921768903559e-03
2.742000015547455330e-03 2.583333275591333765e-03
2.743000015544930573e-03 4.333333236475785978e-03
2.744000015542405815e-03 3.958333244857688456e-03
2.745000015539881058e-03 3.624999918974935922e-03
2.746000015537356301e-03 3.208333261621495146e-03
2.747000015534831543e-03 2.708333272797365694e-03
2.748000015532306786e-03 3.541666587504248113e-03
2.749000015529782029e-03 3.333333258827527075e-03
2.750000015527257272e-03 3.291666593092183388e-03
2.751000015524732514e-03 3.208333261621495146e-03
2.752000015522207757e-03 2.958333267209430420e-03
2.753000015519683000e-03 3.416666590298215751e-03
2.754000015517158242e-03 3.416666590298215751e-03
2.755000015514633485e-03 3.624999918974935922e-03
2.756000015512108728e-03 3.458333256033559438e-03
2.757000015509583971e-03 3.083333264415462783e-03
2.758000015507059213e-03 2.208333283973236676e-03
2.759000015504534456e-03 3.083333264415462783e-03
2.760000015502009699e-03 3.291666593092183388e-03
2.761000015499484941e-03 3.999999910593033010e-03
2.762000015496960184e-03 4.249999905005096869e-03
2.763000015494435427e-03 4.166666573534409494e-03
2.764000015491910670e-03 2.499999944120645523e-03
2.765000015489385912e-03 3.666666584710280043e-03
2.766000015486861155e-03 3.749999916180968285e-03
2.767000015484336398e-03 3.916666579122344768e-03
2.768000015481811640e-03 3.791666581916312406e-03
2.769000015479286883e-03 3.041666598680118662e-03
2.770000015476762126e-03 2.874999935738742178e-03
2.771000015474237368e-03 4.958333222505947359e-03
2.772000015471712611e-03 2.749999938532710249e-03
2.773000015469187854e-03 3.458333256033559438e-03
2.774000015466663097e-03 3.083333264415462783e-03
2.775000015464138339e-03 2.874999935738742178e-03
2.776000015461613582e-03 3.791666581916312406e-03
2.777000015459088825e-03 3.916666579122344768e-03
2.778000015456564067e-03 3.374999924562871630e-03
2.779000015454039310e-03 1.333333303531011003e-03
2.780000015451514553e-03 3.083333264415462783e-03
2.781000015448989796e-03 3.458333256033559438e-03
2.782000015446465038e-03 4.208333239269753182e-03
2.783000015443940281e-03 3.958333244857688456e-03
2.784000015441415524e-03 4.666666562358538078e-03
2.785000015438890766e-03 2.916666601474086733e-03
2.786000015436366009e-03 2.124999952502548434e-03
2.787000015433841252e-03 3.208333261621495146e-03
2.788000015431316495e-03 1.749999960884451779e-03
2.789000015428791737e-03 3.083333264415462783e-03
2.790000015426266980e-03 3.708333250445624164e-03
2.791000015423742223e-03 3.708333250445624164e-03
2.792000015421217465e-03 3.499999921768903559e-03
2.793000015418692708e-03 3.833333247651656527e-03
2.794000015416167951e-03 3.541666587504248113e-03
2.795000015413643193e-03 2.916666601474086733e-03
2.796000015411118436e-03 3.458333256033559438e-03
2.797000015408593679e-03 4.249999905005096869e-03
2.798000015406068922e-03 3.874999913387000647e-03
2.799000015403544164e-03 3.249999927356839267e-03
2.800000015401019407e-03 3.208333261621495146e-03
2.801000015398494650e-03 3.041666598680118662e-03
2.802000015395969892e-03 3.208333261621495146e-03
2.803000015393445135e-03 3.624999918974935922e-03
2.804000015390920378e-03 3.499999921768903559e-03
2.805000015388395621e-03 3.166666595886151025e-03
2.806000015385870863e-03 3.791666581916312406e-03
2.807000015383346106e-03 3.749999916180968285e-03
2.808000015380821349e-03 3.208333261621495146e-03
2.809000015378296591e-03 3.833333247651656527e-03
2.810000015375771834e-03 3.041666598680118662e-03
2.811000015373247077e-03 4.416666567946473353e-03
2.812000015370722319e-03 4.666666562358538078e-03
2.813000015368197562e-03 3.791666581916312406e-03
2.814000015365672805e-03 3.416666590298215751e-03
2.815000015363148048e-03 3.624999918974935922e-03
2.816000015360623290e-03 3.291666593092183388e-03
2.817000015358098533e-03 3.291666593092183388e-03
2.818000015355573776e-03 3.083333264415462783e-03
2.819000015353049018e-03 2.833333270003398057e-03
2.820000015350524261e-03 2.833333270003398057e-03
2.821000015347999504e-03 2.999999932944774541e-03
2.822000015345474747e-03 2.916666601474086733e-03
2.823000015342949989e-03 2.458333278385301402e-03
2.824000015340425232e-03 2.666666607062022007e-03
2.825000015337900475e-03 2.583333275591333765e-03
2.826000015335375717e-03 2.499999944120645523e-03
2.827000015332850960e-03 3.708333250445624164e-03
2.828000015330326203e-03 3.833333247651656527e-03
2.829000015327801446e-03 3.249999927356839267e-03
2.830000015325276688e-03 3.624999918974935922e-03
2.831000015322751931e-03 3.374999924562871630e-03
2.832000015320227174e-03 3.166666595886151025e-03
2.833000015317702416e-03 3.124999930150806904e-03
2.834000015315177659e-03 3.458333256033559438e-03
2.835000015312652902e-03 3.583333253239591801e-03
2.836000015310128144e-03 2.749999938532710249e-03
2.837000015307603387e-03 3.208333261621495146e-03
2.838000015305078630e-03 3.833333247651656527e-03
2.839000015302553873e-03 4.791666559564570875e-03
2.840000015300029115e-03 3.458333256033559438e-03
2.841000015297504358e-03 3.499999921768903559e-03
2.842000015294979601e-03 3.458333256033559438e-03
2.843000015292454843e-03 3.374999924562871630e-03
2.844000015289930086e-03 4.166666573534409494e-03
2.845000015287405329e-03 3.374999924562871630e-03
2.846000015284880572e-03 3.958333244857688456e-03
2.847000015282355814e-03 3.583333253239591801e-03
2.848000015279831057e-03 3.416666590298215751e-03
2.849000015277306300e-03 3.541666587504248113e-03
2.850000015274781542e-03 3.166666595886151025e-03
2.851000015272256785e-03 2.958333267209430420e-03
2.852000015269732028e-03 3.124999930150806904e-03
2.853000015267207271e-03 4.208333239269753182e-03
2.854000015264682513e-03 2.583333275591333765e-03
2.855000015262157756e-03 4.124999907799064940e-03
2.856000015259632999e-03 3.583333253239591801e-03
2.857000015257108241e-03 3.708333250445624164e-03
2.858000015254583484e-03 3.749999916180968285e-03
2.859000015252058727e-03 3.083333264415462783e-03
2.860000015249533969e-03 3.541666587504248113e-03
2.861000015247009212e-03 2.999999932944774541e-03
2.862000015244484455e-03 3.249999927356839267e-03
2.863000015241959698e-03 3.499999921768903559e-03
2.864000015239434940e-03 3.249999927356839267e-03
2.865000015236910183e-03 2.249999949708581231e-03
2.866000015234385426e-03 4.374999902211129665e-03
2.867000015231860668e-03 3.333333258827527075e-03
2.868000015229335911e-03 4.124999907799064940e-03
2.869000015226811154e-03 3.374999924562871630e-03
2.870000015224286397e-03 2.791666604268054370e-03
2.871000015221761639e-03 3.833333247651656527e-03
2.872000015219236882e-03 3.708333250445624164e-03
2.873000015216712125e-03 3.291666593092183388e-03
2.874000015214187367e-03 3.249999927356839267e-03
2.875000015211662610e-03 3.624999918974935922e-03
2.876000015209137853e-03 2.583333275591333765e-03
2.877000015206613096e-03 3.083333264415462783e-03
2.878000015204088338e-03 1.833333292355140021e-03
2.879000015201563581e-03 4.166666573534409494e-03
2.880000015199038824e-03 3.458333256033559438e-03
2.881000015196514066e-03 3.041666598680118662e-03
2.882000015193989309e-03 3.666666584710280043e-03
2.883000015191464552e-03 3.833333247651656527e-03
2.884000015188939794e-03 3.124999930150806904e-03
2.885000015186415037e-03 1.833333292355140021e-03
2.886000015183890280e-03 2.041666621031860626e-03
2.887000015181365523e-03 2.749999938532710249e-03
2.888000015178840765e-03 2.666666607062022007e-03
2.889000015176316008e-03 3.374999924562871630e-03
2.890000015173791251e-03 3.708333250445624164e-03
2.891000015171266493e-03 2.958333267209430420e-03
2.892000015168741736e-03 4.166666573534409494e-03
2.893000015166216979e-03 2.624999941326677886e-03
2.894000015163692222e-03 3.499999921768903559e-03
2.895000015161167464e-03 3.666666584710280043e-03
2.896000015158642707e-03 2.416666612649957281e-03
2.897000015156117950e-03 3.708333250445624164e-03
2.898000015153593192e-03 2.999999932944774541e-03
2.899000015151068435e-03 4.999999888241291046e-03
2.900000015148543678e-03 3.666666584710280043e-03
2.901000015146018920e-03 3.541666587504248113e-03
2.902000015143494163e-03 3.041666598680118662e-03
2.903000015140969406e-03 2.999999932944774541e-03
2.904000015138444649e-03 3.541666587504248113e-03
2.905000015135919891e-03 4.416666567946473353e-03
2.906000015133395134e-03 3.791666581916312406e-03
2.907000015130870377e-03 3.166666595886151025e-03
2.908000015128345619e-03 2.416666612649957281e-03
2.909000015125820862e-03 4.041666576328376698e-03
2.910000015123296105e-03 3.749999916180968285e-03
2.911000015120771348e-03 2.999999932944774541e-03
2.912000015118246590e-03 2.291666615443924918e-03
2.913000015115721833e-03 2.791666604268054370e-03
2.914000015113197076e-03 3.499999921768903559e-03
2.915000015110672318e-03 3.833333247651656527e-03
2.916000015108147561e-03 3.708333250445624164e-03
2.917000015105622804e-03 3.916666579122344768e-03
2.918000015103098047e-03 3.541666587504248113e-03
2.919000015100573289e-03 3.374999924562871630e-03
2.920000015098048532e-03 2.749999938532710249e-03
2.921000015095523775e-03 2.749999938532710249e-03
2.922000015092999017e-03 3.249999927356839267e-03
2.923000015090474260e-03 3.874999913387000647e-03
2.924000015087949503e-03 4.166666573534409494e-03
2.925000015085424745e-03 3.666666584710280043e-03
2.926000015082899988e-03 3.749999916180968285e-03
2.927000015080375231e-03 3.166666595886151025e-03
2.928000015077850474e-03 3.416666590298215751e-03
2.929000015075325716e-03 3.499999921768903559e-03
2.930000015072800959e-03 2.958333267209430420e-03
2.931000015070276202e-03 3.749999916180968285e-03
2.932000015067751444e-03 4.499999899417162462e-03
2.933000015065226687e-03 4.041666576328376698e-03
2.934000015062701930e-03 4.041666576328376698e-03
2.935000015060177173e-03 3.249999927356839267e-03
2.936000015057652415e-03 2.624999941326677886e-03
2.937000015055127658e-03 3.916666579122344768e-03
2.938000015052602901e-03 2.291666615443924918e-03
2.939000015050078143e-03 2.083333286767204747e-03
2.940000015047553386e-03 3.999999910593033010e-03
2.941000015045028629e-03 3.208333261621495146e-03
2.942000015042503872e-03 4.041666576328376698e-03
2.943000015039979114e-03 3.583333253239591801e-03
2.944000015037454357e-03 3.999999910593033010e-03
2.945000015034929600e-03 3.166666595886151025e-03
2.946000015032404842e-03 3.166666595886151025e-03
2.947000015029880085e-03 3.166666595886151025e-03
2.948000015027355328e-03 3.166666595886151025e-03
2.949000015024830570e-03 3.791666581916312406e-03
2.950000015022305813e-03 3.874999913387000647e-03
2.951000015019781056e-03 3.958333244857688456e-03
2.952000015017256299e-03 3.416666590298215751e-03
2.953000015014731541e-03 3.708333250445624164e-03
2.954000015012206784e-03 3.333333258827527075e-03
2.955000015009682027e-03 3.416666590298215751e-03
2.956000015007157269e-03 3.833333247651656527e-03
2.957000015004632512e-03 2.791666604268054370e-03
2.958000015002107755e-03 3.624999918974935922e-03
2.959000014999582998e-03 3.291666593092183388e-03
2.960000014997058240e-03 3.916666579122344768e-03
2.961000014994533483e-03 3.499999921768903559e-03
2.962000014992008726e-03 3.083333264415462783e-03
2.963000014989483968e-03 2.874999935738742178e-03
2.964000014986959211e-03 3.208333261621495146e-03
2.965000014984434454e-03 3.916666579122344768e-03
2.966000014981909697e-03 1.916666623825828263e-03
2.967000014979384939e-03 3.749999916180968285e-03
2.968000014976860182e-03 3.708333250445624164e-03
2.969000014974335425e-03 3.458333256033559438e-03
2.970000014971810667e-03 3.791666581916312406e-03
2.971000014969285910e-03 2.916666601474086733e-03
2.972000014966761153e-03 2.708333272797365694e-03
2.973000014964236395e-03 2.708333272797365694e-03
2.974000014961711638e-03 2.749999938532710249e-03
2.975000014959186881e-03 4.041666576328376698e-03
2.976000014956662124e-03 3.374999924562871630e-03
2.977000014954137366e-03 2.624999941326677886e-03
2.978000014951612609e-03 2.041666621031860626e-03
2.979000014949087852e-03 2.791666604268054370e-03
2.980000014946563094e-03 4.333333236475785978e-03
2.981000014944038337e-03 2.958333267209430420e-03
2.982000014941513580e-03 2.958333267209430420e-03
2.983000014938988823e-03 2.458333278385301402e-03
2.984000014936464065e-03 2.583333275591333765e-03
2.985000014933939308e-03 4.166666573534409494e-03
2.986000014931414551e-03 3.583333253239591801e-03
2.987000014928889793e-03 3.291666593092183388e-03
2.988000014926365036e-03 3.499999921768903559e-03
2.989000014923840279e-03 3.416666590298215751e-03
2.990000014921315521e-03 2.124999952502548434e-03
2.991000014918790764e-03 3.291666593092183388e-03
2.992000014916266007e-03 4.583333230887849837e-03
2.993000014913741250e-03 3.708333250445624164e-03
2.994000014911216492e-03 3.416666590298215751e-03
2.995000014908691735e-03 2.833333270003398057e-03
2.996000014906166978e-03 4.583333230887849837e-03
2.997000014903642220e-03 3.416666590298215751e-03
2.998000014901117463e-03 2.916666601474086733e-03
2.999000014898592706e-03 3.666666584710280043e-03
3.000000014896067949e-03 2.791666604268054370e-03
3.001000014893543191e-03 3.249999927356839267e-03
3.002000014891018434e-03 2.666666607062022007e-03
3.003000014888493677e-03 3.249999927356839267e-03
3.004000014885968919e-03 3.374999924562871630e-03
3.005000014883444162e-03 3.874999913387000647e-03
3.006000014880919405e-03 3.249999927356839267e-03
3.007000014878394648e-03 3.291666593092183388e-03
3.008000014875869890e-03 3.791666581916312406e-03
3.009000014873345133e-03 2.958333267209430420e-03
3.010000014870820376e-03 2.541666609855989644e-03
3.011000014868295618e-03 2.999999932944774541e-03
3.012000014865770861e-03 3.624999918974935922e-03
3.013000014863246104e-03 2.541666609855989644e-03
3.014000014860721346e-03 2.458333278385301402e-03
3.015000014858196589e-03 2.874999935738742178e-03
3.016000014855671832e-03 4.541666565152506149e-03
3.017000014853147075e-03 3.833333247651656527e-03
3.018000014850622317e-03 3.083333264415462783e-03
3.019000014848097560e-03 3.374999924562871630e-03
3.020000014845572803e-03 2.749999938532710249e-03
3.021000014843048045e-03 3.416666590298215751e-03
3.022000014840523288e-03 3.166666595886151025e-03
3.023000014837998531e-03 3.749999916180968285e-03
3.024000014835473774e-03 2.833333270003398057e-03
3.025000014832949016e-03 3.166666595886151025e-03
3.026000014830424259e-03 3.374999924562871630e-03
3.027000014827899502e-03 4.124999907799064940e-03
3.028000014825374744e-03 3.249999927356839267e-03
3.029000014822849987e-03 2.374999946914613160e-03
3.030000014820325230e-03 2.958333267209430420e-03
3.031000014817800473e-03 4.041666576328376698e-03
3.032000014815275715e-03 2.749999938532710249e-03
3.033000014812750958e-03 2.624999941326677886e-03
3.034000014810226201e-03 4.374999902211129665e-03
3.035000014807701443e-03 3.416666590298215751e-03
3.036000014805176686e-03 3.666666584710280043e-03
3.037000014802651929e-03 3.458333256033559438e-03
3.038000014800127171e-03 3.416666590298215751e-03
3.039000014797602414e-03 3.624999918974935922e-03
3.040000014795077657e-03 2.749999938532710249e-03
3.041000014792552900e-03 1.833333292355140021e-03
3.042000014790028142e-03 2.583333275591333765e-03
3.043000014787503385e-03 3.041666598680118662e-03
3.044000014784978628e-03 2.749999938532710249e-03
3.045000014782453870e-03 3.583333253239591801e-03
3.046000014779929113e-03 4.624999896623194391e-03
3.047000014777404356e-03 3.666666584710280043e-03
3.048000014774879599e-03 3.541666587504248113e-03
3.049000014772354841e-03 4.624999896623194391e-03
3.050000014769830084e-03 3.791666581916312406e-03
3.051000014767305327e-03 2.624999941326677886e-03
3.052000014764780569e-03 2.916666601474086733e-03
3.053000014762255812e-03 3.666666584710280043e-03
3.054000014759731055e-03 3.416666590298215751e-03
3.055000014757206298e-03 4.291666570740441423e-03
3.056000014754681540e-03 4.124999907799064940e-03
3.057000014752156783e-03 2.791666604268054370e-03
3.058000014749632026e-03 3.166666595886151025e-03
3.059000014747107268e-03 3.458333256033559438e-03
3.060000014744582511e-03 3.416666590298215751e-03
3.061000014742057754e-03 2.833333270003398057e-03
3.062000014739532996e-03 2.999999932944774541e-03
3.063000014737008239e-03 3.791666581916312406e-03
3.064000014734483482e-03 3.374999924562871630e-03
3.065000014731958725e-03 2.624999941326677886e-03
3.066000014729433967e-03 4.083333242063721252e-03
3.067000014726909210e-03 2.958333267209430420e-03
3.068000014724384453e-03 4.208333239269753182e-03
3.069000014721859695e-03 2.916666601474086733e-03
3.070000014719334938e-03 3.791666581916312406e-03
3.071000014716810181e-03 3.249999927356839267e-03
3.072000014714285424e-03 3.249999927356839267e-03
3.073000014711760666e-03 3.458333256033559438e-03
3.074000014709235909e-03 2.916666601474086733e-03
3.075000014706711152e-03 3.958333244857688456e-03
3.076000014704186394e-03 3.374999924562871630e-03
3.077000014701661637e-03 2.624999941326677886e-03
3.078000014699136880e-03 2.833333270003398057e-03
3.079000014696612123e-03 2.833333270003398057e-03
3.080000014694087365e-03 4.374999902211129665e-03
3.081000014691562608e-03 2.416666612649957281e-03
3.082000014689037851e-03 3.499999921768903559e-03
3.083000014686513093e-03 3.208333261621495146e-03
3.084000014683988336e-03 3.833333247651656527e-03
3.085000014681463579e-03 3.708333250445624164e-03
3.086000014678938821e-03 2.291666615443924918e-03
3.087000014676414064e-03 3.833333247651656527e-03
3.088000014673889307e-03 3.833333247651656527e-03
3.089000014671364550e-03 3.208333261621495146e-03
3.090000014668839792e-03 3.833333247651656527e-03
3.091000014666315035e-03 3.416666590298215751e-03
3.092000014663790278e-03 3.583333253239591801e-03
3.093000014661265520e-03 3.958333244857688456e-03
3.094000014658740763e-03 2.416666612649957281e-03
3.095000014656216006e-03 3.791666581916312406e-03
3.096000014653691249e-03 3.874999913387000647e-03
3.097000014651166491e-03 3.124999930150806904e-03
3.098000014648641734e-03 3.333333258827527075e-03
3.099000014646116977e-03 3.333333258827527075e-03
3.100000014643592219e-03 3.541666587504248113e-03
3.101000014641067462e-03 2.458333278385301402e-03
3.102000014638542705e-03 3.666666584710280043e-03
3.103000014636017947e-03 4.083333242063721252e-03
3.104000014633493190e-03 3.833333247651656527e-03
3.105000014630968433e-03 3.666666584710280043e-03
3.106000014628443676e-03 4.708333228093882633e-03
3.107000014625918918e-03 3.166666595886151025e-03
3.108000014623394161e-03 3.458333256033559438e-03
3.109000014620869404e-03 3.416666590298215751e-03
3.110000014618344646e-03 3.374999924562871630e-03
3.111000014615819889e-03 4.374999902211129665e-03
3.112000014613295132e-03 3.791666581916312406e-03
3.113000014610770375e-03 2.958333267209430420e-03
3.114000014608245617e-03 3.291666593092183388e-03
3.115000014605720860e-03 2.874999935738742178e-03
3.116000014603196103e-03 2.416666612649957281e-03
3.117000014600671345e-03 3.541666587504248113e-03
3.118000014598146588e-03 2.708333272797365694e-03
3.119000014595621831e-03 3.666666584710280043e-03
3.120000014593097074e-03 3.583333253239591801e-03
3.121000014590572316e-03 2.624999941326677886e-03
3.122000014588047559e-03 3.541666587504248113e-03
3.123000014585522802e-03 2.666666607062022007e-03
3.124000014582998044e-03 2.708333272797365694e-03
3.125000014580473287e-03 4.499999899417162462e-03
3.126000014577948530e-03 2.624999941326677886e-03
3.127000014575423772e-03 2.833333270003398057e-03
3.128000014572899015e-03 3.458333256033559438e-03
3.129000014570374258e-03 3.958333244857688456e-03
3.130000014567849501e-03 3.666666584710280043e-03
3.131000014565324743e-03 3.291666593092183388e-03
3.132000014562799986e-03 2.416666612649957281e-03
3.133000014560275229e-03 2.874999935738742178e-03
3.134000014557750471e-03 2.958333267209430420e-03
3.135000014555225714e-03 3.499999921768903559e-03
3.136000014552700957e-03 3.833333247651656527e-03
3.137000014550176200e-03 2.833333270003398057e-03
3.138000014547651442e-03 3.874999913387000647e-03
3.139000014545126685e-03 3.208333261621495146e-03
3.140000014542601928e-03 3.083333264415462783e-03
3.141000014540077170e-03 2.916666601474086733e-03
3.142000014537552413e-03 3.666666584710280043e-03
3.143000014535027656e-03 3.583333253239591801e-03
3.144000014532502899e-03 3.208333261621495146e-03
3.145000014529978141e-03 4.249999905005096869e-03
3.146000014527453384e-03 3.666666584710280043e-03
3.147000014524928627e-03 4.083333242063721252e-03
3.148000014522403869e-03 4.499999899417162462e-03
3.149000014519879112e-03 3.291666593092183388e-03
3.150000014517354355e-03 2.666666607062022007e-03
3.151000014514829597e-03 3.624999918974935922e-03
3.152000014512304840e-03 3.583333253239591801e-03
3.153000014509780083e-03 3.249999927356839267e-03
3.154000014507255326e-03 3.374999924562871630e-03
3.155000014504730568e-03 3.208333261621495146e-03
3.156000014502205811e-03 3.416666590298215751e-03
3.157000014499681054e-03 2.916666601474086733e-03
3.158000014497156296e-03 2.749999938532710249e-03
3.159000014494631539e-03 3.083333264415462783e-03
3.160000014492106782e-03 3.208333261621495146e-03
3.161000014489582025e-03 3.291666593092183388e-03
3.162000014487057267e-03 2.624999941326677886e-03
3.163000014484532510e-03 3.791666581916312406e-03
3.164000014482007753e-03 3.708333250445624164e-03
3.165000014479482995e-03 3.124999930150806904e-03
3.166000014476958238e-03 3.624999918974935922e-03
3.167000014474433481e-03 3.541666587504248113e-03
3.168000014471908724e-03 2.208333283973236676e-03
3.169000014469383966e-03 2.333333281179269039e-03
3.170000014466859209e-03 3.458333256033559438e-03
3.171000014464334452e-03 3.458333256033559438e-03
3.172000014461809694e-03 2.791666604268054370e-03
3.173000014459284937e-03 2.999999932944774541e-03
3.174000014456760180e-03 2.541666609855989644e-03
3.175000014454235422e-03 3.416666590298215751e-03
3.176000014451710665e-03 3.166666595886151025e-03
3.177000014449185908e-03 2.958333267209430420e-03
3.178000014446661151e-03 3.958333244857688456e-03
3.179000014444136393e-03 3.208333261621495146e-03
3.180000014441611636e-03 1.874999958090484142e-03
3.181000014439086879e-03 3.916666579122344768e-03
3.182000014436562121e-03 3.291666593092183388e-03
3.183000014434037364e-03 3.833333247651656527e-03
3.184000014431512607e-03 3.583333253239591801e-03
3.185000014428987850e-03 3.541666587504248113e-03
3.186000014426463092e-03 3.624999918974935922e-03
3.187000014423938335e-03 3.708333250445624164e-03
3.188000014421413578e-03 3.624999918974935922e-03
3.189000014418888820e-03 2.958333267209430420e-03
3.190000014416364063e-03 3.416666590298215751e-03
3.191000014413839306e-03 2.791666604268054370e-03
3.192000014411314548e-03 3.874999913387000647e-03
3.193000014408789791e-03 2.583333275591333765e-03
3.194000014406265034e-03 2.916666601474086733e-03
3.195000014403740277e-03 3.291666593092183388e-03
3.196000014401215519e-03 2.791666604268054370e-03
3.197000014398690762e-03 2.666666607062022007e-03
3.198000014396166005e-03 3.124999930150806904e-03
3.199000014393641247e-03 3.541666587504248113e-03
3.200000014391116490e-03 2.916666601474086733e-03
3.201000014388591733e-03 4.249999905005096869e-03
3.202000014386066976e-03 3.291666593092183388e-03
3.203000014383542218e-03 2.833333270003398057e-03
3.204000014381017461e-03 4.083333242063721252e-03
3.205000014378492704e-03 2.666666607062022007e-03
3.206000014375967946e-03 3.291666593092183388e-03
3.207000014373443189e-03 3.583333253239591801e-03
3.208000014370918432e-03 3.374999924562871630e-03
3.209000014368393675e-03 4.166666573534409494e-03
3.210000014365868917e-03 3.916666579122344768e-03
3.211000014363344160e-03 3.958333244857688456e-03
3.212000014360819403e-03 3.041666598680118662e-03
3.213000014358294645e-03 2.874999935738742178e-03
3.214000014355769888e-03 3.708333250445624164e-03
3.215000014353245131e-03 2.749999938532710249e-03
3.216000014350720373e-03 3.833333247651656527e-03
3.217000014348195616e-03 3.666666584710280043e-03
3.218000014345670859e-03 4.833333225299914562e-03
3.219000014343146102e-03 3.083333264415462783e-03
3.220000014340621344e-03 3.124999930150806904e-03
3.221000014338096587e-03 3.124999930150806904e-03
3.222000014335571830e-03 3.708333250445624164e-03
3.223000014333047072e-03 3.083333264415462783e-03
3.224000014330522315e-03 3.458333256033559438e-03
3.225000014327997558e-03 3.166666595886151025e-03
3.226000014325472801e-03 3.291666593092183388e-03
3.227000014322948043e-03 3.541666587504248113e-03
3.228000014320423286e-03 3.083333264415462783e-03
3.229000014317898529e-03 1.499999966472387270e-03
3.230000014315373771e-03 3.874999913387000647e-03
3.231000014312849014e-03 3.666666584710280043e-03
3.232000014310324257e-03 4.083333242063721252e-03
3.233000014307799500e-03 2.583333275591333765e-03
3.234000014305274742e-03 3.708333250445624164e-03
3.235000014302749985e-03 2.916666601474086733e-03
3.236000014300225228e-03 2.541666609855989644e-03
3.237000014297700470e-03 3.208333261621495146e-03
3.238000014295175713e-03 2.916666601474086733e-03
3.239000014292650956e-03 3.333333258827527075e-03
3.240000014290126198e-03 3.833333247651656527e-03
3.241000014287601441e-03 2.458333278385301402e-03
3.242000014285076684e-03 2.041666621031860626e-03
3.243000014282551927e-03 3.541666587504248113e-03
3.244000014280027169e-03 2.166666618237892989e-03
3.245000014277502412e-03 3.499999921768903559e-03
3.246000014274977655e-03 3.166666595886151025e-03
3.247000014272452897e-03 2.624999941326677886e-03
3.248000014269928140e-03 3.666666584710280043e-03
3.249000014267403383e-03 3.333333258827527075e-03
3.250000014264878626e-03 3.833333247651656527e-03
3.251000014262353868e-03 3.458333256033559438e-03
3.252000014259829111e-03 2.708333272797365694e-03
3.253000014257304354e-03 3.916666579122344768e-03
3.254000014254779596e-03 3.416666590298215751e-03
3.255000014252254839e-03 3.749999916180968285e-03
3.256000014249730082e-03 3.166666595886151025e-03
3.257000014247205325e-03 2.208333283973236676e-03
3.258000014244680567e-03 3.041666598680118662e-03
3.259000014242155810e-03 3.666666584710280043e-03
3.260000014239631053e-03 2.833333270003398057e-03
3.261000014237106295e-03 3.166666595886151025e-03
3.262000014234581538e-03 3.666666584710280043e-03
3.263000014232056781e-03 2.874999935738742178e-03
3.264000014229532023e-03 1.958333289561172384e-03
3.265000014227007266e-03 2.583333275591333765e-03
3.266000014224482509e-03 3.166666595886151025e-03
3.267000014221957752e-03 3.416666590298215751e-03
3.268000014219432994e-03 3.249999927356839267e-03
3.269000014216908237e-03 3.041666598680118662e-03
3.270000014214383480e-03 2.249999949708581231e-03
3.271000014211858722e-03 2.624999941326677886e-03
3.272000014209333965e-03 3.749999916180968285e-03
3.273000014206809208e-03 3.749999916180968285e-03
3.274000014204284451e-03 2.291666615443924918e-03
3.275000014201759693e-03 3.041666598680118662e-03
3.276000014199234936e-03 2.333333281179269039e-03
3.277000014196710179e-03 4.041666576328376698e-03
3.278000014194185421e-03 2.499999944120645523e-03
3.279000014191660664e-03 2.624999941326677886e-03
3.280000014189135907e-03 3.124999930150806904e-03
3.281000014186611149e-03 2.708333272797365694e-03
3.282000014184086392e-03 2.333333281179269039e-03
3.283000014181561635e-03 3.208333261621495146e-03
3.284000014179036878e-03 2.874999935738742178e-03
3.285000014176512120e-03 3.958333244857688456e-03
3.286000014173987363e-03 2.583333275591333765e-03
3.287000014171462606e-03 4.249999905005096869e-03
3.288000014168937848e-03 2.708333272797365694e-03
3.289000014166413091e-03 2.291666615443924918e-03
3.290000014163888334e-03 3.541666587504248113e-03
3.291000014161363577e-03 3.166666595886151025e-03
3.292000014158838819e-03 4.041666576328376698e-03
3.293000014156314062e-03 2.541666609855989644e-03
3.294000014153789305e-03 3.583333253239591801e-03
3.295000014151264547e-03 3.416666590298215751e-03
3.296000014148739790e-03 5.499999877065420498e-03
3.297000014146215033e-03 3.124999930150806904e-03
3.298000014143690276e-03 3.791666581916312406e-03
3.299000014141165518e-03 3.166666595886151025e-03
3.300000014138640761e-03 2.166666618237892989e-03
3.301000014136116004e-03 2.249999949708581231e-03
3.302000014133591246e-03 3.124999930150806904e-03
3.303000014131066489e-03 2.874999935738742178e-03
3.304000014128541732e-03 4.249999905005096869e-03
3.305000014126016974e-03 2.499999944120645523e-03
3.306000014123492217e-03 3.249999927356839267e-03
3.307000014120967460e-03 3.874999913387000647e-03
3.308000014118442703e-03 3.458333256033559438e-03
3.309000014115917945e-03 2.458333278385301402e-03
3.310000014113393188e-03 3.208333261621495146e-03
3.311000014110868431e-03 3.791666581916312406e-03
3.312000014108343673e-03 3.166666595886151025e-03
3.313000014105818916e-03 2.666666607062022007e-03
3.314000014103294159e-03 4.083333242063721252e-03
3.315000014100769402e-03 3.416666590298215751e-03
3.316000014098244644e-03 3.916666579122344768e-03
3.317000014095719887e-03 2.708333272797365694e-03
3.318000014093195130e-03 3.791666581916312406e-03
3.319000014090670372e-03 3.249999927356839267e-03
3.320000014088145615e-03 3.916666579122344768e-03
3.321000014085620858e-03 3.541666587504248113e-03
3.322000014083096101e-03 3.458333256033559438e-03
3.323000014080571343e-03 3.874999913387000647e-03
3.324000014078046586e-03 3.708333250445624164e-03
3.325000014075521829e-03 3.958333244857688456e-03
3.326000014072997071e-03 3.958333244857688456e-03
3.327000014070472314e-03 3.374999924562871630e-03
3.328000014067947557e-03 3.249999927356839267e-03
3.329000014065422799e-03 4.291666570740441423e-03
3.330000014062898042e-03 3.374999924562871630e-03
3.331000014060373285e-03 2.666666607062022007e-03
3.332000014057848528e-03 3.083333264415462783e-03
3.333000014055323770e-03 2.624999941326677886e-03
3.334000014052799013e-03 4.291666570740441423e-03
3.335000014050274256e-03 3.374999924562871630e-03
3.336000014047749498e-03 2.666666607062022007e-03
3.337000014045224741e-03 3.541666587504248113e-03
3.338000014042699984e-03 2.958333267209430420e-03
3.339000014040175227e-03 2.999999932944774541e-03
3.340000014037650469e-03 3.916666579122344768e-03
3.341000014035125712e-03 3.333333258827527075e-03
3.342000014032600955e-03 3.541666587504248113e-03
3.343000014030076197e-03 3.124999930150806904e-03
3.344000014027551440e-03 3.166666595886151025e-03
3.345000014025026683e-03 2.166666618237892989e-03
3.346000014022501926e-03 2.208333283973236676e-03
3.347000014019977168e-03 3.666666584710280043e-03
3.348000014017452411e-03 4.458333233681817907e-03
3.349000014014927654e-03 3.416666590298215751e-03
3.350000014012402896e-03 3.458333256033559438e-03
3.351000014009878139e-03 3.124999930150806904e-03
3.352000014007353382e-03 3.374999924562871630e-03
3.353000014004828624e-03 2.624999941326677886e-03
3.354000014002303867e-03 2.708333272797365694e-03
3.355000013999779110e-03 2.333333281179269039e-03
3.356000013997254353e-03 3.041666598680118662e-03
3.357000013994729595e-03 3.291666593092183388e-03
3.358000013992204838e-03 3.499999921768903559e-03
3.359000013989680081e-03 3.416666590298215751e-03
3.360000013987155323e-03 3.708333250445624164e-03
3.361000013984630566e-03 2.374999946914613160e-03
3.362000013982105809e-03 3.208333261621495146e-03
3.363000013979581052e-03 2.916666601474086733e-03
3.364000013977056294e-03 1.374999969266355124e-03
3.365000013974531537e-03 3.249999927356839267e-03
3.366000013972006780e-03 3.541666587504248113e-03
3.367000013969482022e-03 3.749999916180968285e-03
3.368000013966957265e-03 3.416666590298215751e-03
3.369000013964432508e-03 3.749999916180968285e-03
3.370000013961907750e-03 2.458333278385301402e-03
3.371000013959382993e-03 2.916666601474086733e-03
3.372000013956858236e-03 3.333333258827527075e-03
3.373000013954333479e-03 3.166666595886151025e-03
3.374000013951808721e-03 2.583333275591333765e-03
3.375000013949283964e-03 3.374999924562871630e-03
3.376000013946759207e-03 2.874999935738742178e-03
3.377000013944234449e-03 2.124999952502548434e-03
3.378000013941709692e-03 3.874999913387000647e-03
3.379000013939184935e-03 4.291666570740441423e-03
3.380000013936660178e-03 3.416666590298215751e-03
3.381000013934135420e-03 3.458333256033559438e-03
3.382000013931610663e-03 3.124999930150806904e-03
3.383000013929085906e-03 3.249999927356839267e-03
3.384000013926561148e-03 2.124999952502548434e-03
3.385000013924036391e-03 2.916666601474086733e-03
3.386000013921511634e-03 2.791666604268054370e-03
3.387000013918986877e-03 2.333333281179269039e-03
3.388000013916462119e-03 3.166666595886151025e-03
3.389000013913937362e-03 4.208333239269753182e-03
3.390000013911412605e-03 3.416666590298215751e-03
3.391000013908887847e-03 3.791666581916312406e-03
3.392000013906363090e-03 3.541666587504248113e-03
3.393000013903838333e-03 3.583333253239591801e-03
3.394000013901313575e-03 2.833333270003398057e-03
3.395000013898788818e-03 3.458333256033559438e-03
3.396000013896264061e-03 4.083333242063721252e-03
3.397000013893739304e-03 3.041666598680118662e-03
3.398000013891214546e-03 3.249999927356839267e-03
3.399000013888689789e-03 3.458333256033559438e-03
3.400000013886165032e-03 2.541666609855989644e-03
3.401000013883640274e-03 3.041666598680118662e-03
3.402000013881115517e-03 3.374999924562871630e-03
3.403000013878590760e-03 3.708333250445624164e-03
3.404000013876066003e-03 3.916666579122344768e-03
3.405000013873541245e-03 2.791666604268054370e-03
3.406000013871016488e-03 3.541666587504248113e-03
3.407000013868491731e-03 2.874999935738742178e-03
3.408000013865966973e-03 3.208333261621495146e-03
3.409000013863442216e-03 3.041666598680118662e-03
3.410000013860917459e-03 3.666666584710280043e-03
3.411000013858392702e-03 3.833333247651656527e-03
3.412000013855867944e-03 3.499999921768903559e-03
3.413000013853343187e-03 3.999999910593033010e-03
3.414000013850818430e-03 3.208333261621495146e-03
3.415000013848293672e-03 3.291666593092183388e-03
3.416000013845768915e-03 4.708333228093882633e-03
3.417000013843244158e-03 3.208333261621495146e-03
3.418000013840719400e-03 2.958333267209430420e-03
3.419000013838194643e-03 2.916666601474086733e-03
3.420000013835669886e-03 3.166666595886151025e-03
3.421000013833145129e-03 3.083333264415462783e-03
3.422000013830620371e-03 2.874999935738742178e-03
3.423000013828095614e-03 2.833333270003398057e-03
3.424000013825570857e-03 4.708333228093882633e-03
3.425000013823046099e-03 4.083333242063721252e-03
3.426000013820521342e-03 3.833333247651656527e-03
3.427000013817996585e-03 2.166666618237892989e-03
3.428000013815471828e-03 3.374999924562871630e-03
3.429000013812947070e-03 3.041666598680118662e-03
3.430000013810422313e-03 3.583333253239591801e-03
3.431000013807897556e-03 3.458333256033559438e-03
3.432000013805372798e-03 3.041666598680118662e-03
3.433000013802848041e-03 3.208333261621495146e-03
3.434000013800323284e-03 2.833333270003398057e-03
3.435000013797798527e-03 3.791666581916312406e-03
3.436000013795273769e-03 2.874999935738742178e-03
3.437000013792749012e-03 3.749999916180968285e-03
3.438000013790224255e-03 3.666666584710280043e-03
3.439000013787699497e-03 3.166666595886151025e-03
3.440000013785174740e-03 3.124999930150806904e-03
3.441000013782649983e-03 2.541666609855989644e-03
3.442000013780125225e-03 3.083333264415462783e-03
3.443000013777600468e-03 2.958333267209430420e-03
3.444000013775075711e-03 3.249999927356839267e-03
3.445000013772550954e-03 2.583333275591333765e-03
3.446000013770026196e-03 3.291666593092183388e-03
3.447000013767501439e-03 2.208333283973236676e-03
3.448000013764976682e-03 3.166666595886151025e-03
3.449000013762451924e-03 3.499999921768903559e-03
3.450000013759927167e-03 3.749999916180968285e-03
3.451000013757402410e-03 2.666666607062022007e-03
3.452000013754877653e-03 2.499999944120645523e-03
3.453000013752352895e-03 3.374999924562871630e-03
3.454000013749828138e-03 3.499999921768903559e-03
3.455000013747303381e-03 3.624999918974935922e-03
3.456000013744778623e-03 3.333333258827527075e-03
3.457000013742253866e-03 4.083333242063721252e-03
3.458000013739729109e-03 3.416666590298215751e-03
3.459000013737204351e-03 3.416666590298215751e-03
3.460000013734679594e-03 2.541666609855989644e-03
3.461000013732154837e-03 3.374999924562871630e-03
3.462000013729630080e-03 2.666666607062022007e-03
3.463000013727105322e-03 3.666666584710280043e-03
3.464000013724580565e-03 1.874999958090484142e-03
3.465000013722055808e-03 2.708333272797365694e-03
3.466000013719531050e-03 3.541666587504248113e-03
3.467000013717006293e-03 4.916666556770602804e-03
3.468000013714481536e-03 3.124999930150806904e-03
3.469000013711956779e-03 3.624999918974935922e-03
3.470000013709432021e-03 3.291666593092183388e-03
3.471000013706907264e-03 3.499999921768903559e-03
3.472000013704382507e-03 3.291666593092183388e-03
3.473000013701857749e-03 4.166666573534409494e-03
3.474000013699332992e-03 2.916666601474086733e-03
3.475000013696808235e-03 4.041666576328376698e-03
3.476000013694283478e-03 3.291666593092183388e-03
3.477000013691758720e-03 2.791666604268054370e-03
3.478000013689233963e-03 3.333333258827527075e-03
3.479000013686709206e-03 3.124999930150806904e-03
3.480000013684184448e-03 4.416666567946473353e-03
3.481000013681659691e-03 3.291666593092183388e-03
3.482000013679134934e-03 4.499999899417162462e-03
3.483000013676610176e-03 3.874999913387000647e-03
3.484000013674085419e-03 3.124999930150806904e-03
3.485000013671560662e-03 2.749999938532710249e-03
3.486000013669035905e-03 3.041666598680118662e-03
3.487000013666511147e-03 3.249999927356839267e-03
3.488000013663986390e-03 2.333333281179269039e-03
3.489000013661461633e-03 3.166666595886151025e-03
3.490000013658936875e-03 3.291666593092183388e-03
3.491000013656412118e-03 1.916666623825828263e-03
3.492000013653887361e-03 4.333333236475785978e-03
3.493000013651362604e-03 2.666666607062022007e-03
3.494000013648837846e-03 3.749999916180968285e-03
3.495000013646313089e-03 3.041666598680118662e-03
3.496000013643788332e-03 3.249999927356839267e-03
3.497000013641263574e-03 3.333333258827527075e-03
3.498000013638738817e-03 2.916666601474086733e-03
3.499000013636214060e-03 2.958333267209430420e-03
3.500000013633689303e-03 3.166666595886151025e-03
3.501000013631164545e-03 2.624999941326677886e-03
3.502000013628639788e-03 3.083333264415462783e-03
3.503000013626115031e-03 3.374999924562871630e-03
3.504000013623590273e-03 3.041666598680118662e-03
3.505000013621065516e-03 3.999999910593033010e-03
3.506000013618540759e-03 4.333333236475785978e-03
3.507000013616016001e-03 3.749999916180968285e-03
3.508000013613491244e-03 2.333333281179269039e-03
3.509000013610966487e-03 3.291666593092183388e-03
3.510000013608441730e-03 3.041666598680118662e-03
3.511000013605916972e-03 4.958333222505947359e-03
3.512000013603392215e-03 3.291666593092183388e-03
3.513000013600867458e-03 3.416666590298215751e-03
3.514000013598342700e-03 3.333333258827527075e-03
3.515000013595817943e-03 2.874999935738742178e-03
3.516000013593293186e-03 3.999999910593033010e-03
3.517000013590768429e-03 3.499999921768903559e-03
3.518000013588243671e-03 2.416666612649957281e-03
3.519000013585718914e-03 3.541666587504248113e-03
3.520000013583194157e-03 3.208333261621495146e-03
3.521000013580669399e-03 2.916666601474086733e-03
3.522000013578144642e-03 2.624999941326677886e-03
3.523000013575619885e-03 3.583333253239591801e-03
3.524000013573095128e-03 3.499999921768903559e-03
3.525000013570570370e-03 2.833333270003398057e-03
3.526000013568045613e-03 5.041666553976634733e-03
3.527000013565520856e-03 4.041666576328376698e-03
3.528000013562996098e-03 3.874999913387000647e-03
3.529000013560471341e-03 2.541666609855989644e-03
3.530000013557946584e-03 4.458333233681817907e-03
3.531000013555421826e-03 3.708333250445624164e-03
3.532000013552897069e-03 3.124999930150806904e-03
3.533000013550372312e-03 3.749999916180968285e-03
3.534000013547847555e-03 3.416666590298215751e-03
3.535000013545322797e-03 3.499999921768903559e-03
3.536000013542798040e-03 4.083333242063721252e-03
3.537000013540273283e-03 2.374999946914613160e-03
3.538000013537748525e-03 3.374999924562871630e-03
3.539000013535223768e-03 2.958333267209430420e-03
3.540000013532699011e-03 3.624999918974935922e-03
3.541000013530174254e-03 2.916666601474086733e-03
3.542000013527649496e-03 2.999999932944774541e-03
3.543000013525124739e-03 3.416666590298215751e-03
3.544000013522599982e-03 4.166666573534409494e-03
3.545000013520075224e-03 2.791666604268054370e-03
3.546000013517550467e-03 3.333333258827527075e-03
3.547000013515025710e-03 4.958333222505947359e-03
3.548000013512500952e-03 3.916666579122344768e-03
3.549000013509976195e-03 2.708333272797365694e-03
3.550000013507451438e-03 4.374999902211129665e-03
3.551000013504926681e-03 3.916666579122344768e-03
3.552000013502401923e-03 4.291666570740441423e-03
3.553000013499877166e-03 4.291666570740441423e-03
3.554000013497352409e-03 2.958333267209430420e-03
3.555000013494827651e-03 4.583333230887849837e-03
3.556000013492302894e-03 3.583333253239591801e-03
3.557000013489778137e-03 3.458333256033559438e-03
3.558000013487253380e-03 3.291666593092183388e-03
3.559000013484728622e-03 3.999999910593033010e-03
3.560000013482203865e-03 2.458333278385301402e-03
3.561000013479679108e-03 3.666666584710280043e-03
3.562000013477154350e-03 3.708333250445624164e-03
3.563000013474629593e-03 2.749999938532710249e-03
3.564000013472104836e-03 3.499999921768903559e-03
3.565000013469580079e-03 2.999999932944774541e-03
3.566000013467055321e-03 3.416666590298215751e-03
3.567000013464530564e-03 3.166666595886151025e-03
3.568000013462005807e-03 3.624999918974935922e-03
3.569000013459481049e-03 3.499999921768903559e-03
3.570000013456956292e-03 4.249999905005096869e-03
3.571000013454431535e-03 2.958333267209430420e-03
3.572000013451906777e-03 4.083333242063721252e-03
3.573000013449382020e-03 3.333333258827527075e-03
3.574000013446857263e-03 2.874999935738742178e-03
3.575000013444332506e-03 3.541666587504248113e-03
3.576000013441807748e-03 2.874999935738742178e-03
3.577000013439282991e-03 4.124999907799064940e-03
3.578000013436758234e-03 3.333333258827527075e-03
3.579000013434233476e-03 3.499999921768903559e-03
3.580000013431708719e-03 3.124999930150806904e-03
3.581000013429183962e-03 3.249999927356839267e-03
3.582000013426659205e-03 4.041666576328376698e-03
3.583000013424134447e-03 2.624999941326677886e-03
3.584000013421609690e-03 2.666666607062022007e-03
3.585000013419084933e-03 3.666666584710280043e-03
3.586000013416560175e-03 3.833333247651656527e-03
3.587000013414035418e-03 3.791666581916312406e-03
3.588000013411510661e-03 3.583333253239591801e-03
3.589000013408985904e-03 2.583333275591333765e-03
3.590000013406461146e-03 2.791666604268054370e-03
3.591000013403936389e-03 3.166666595886151025e-03
3.592000013401411632e-03 3.083333264415462783e-03
3.593000013398886874e-03 3.999999910593033010e-03
3.594000013396362117e-03 2.666666607062022007e-03
3.595000013393837360e-03 3.124999930150806904e-03
3.596000013391312602e-03 2.708333272797365694e-03
3.597000013388787845e-03 3.833333247651656527e-03
3.598000013386263088e-03 2.083333286767204747e-03
3.599000013383738331e-03 3.333333258827527075e-03
3.600000013381213573e-03 3.416666590298215751e-03
3.601000013378688816e-03 4.208333239269753182e-03
3.602000013376164059e-03 4.083333242063721252e-03
3.603000013373639301e-03 3.583333253239591801e-03
3.604000013371114544e-03 3.666666584710280043e-03
3.605000013368589787e-03 3.833333247651656527e-03
3.606000013366065030e-03 2.916666601474086733e-03
3.607000013363540272e-03 2.999999932944774541e-03
3.608000013361015515e-03 3.874999913387000647e-03
3.609000013358490758e-03 3.208333261621495146e-03
3.610000013355966000e-03 3.499999921768903559e-03
3.611000013353441243e-03 3.916666579122344768e-03
3.612000013350916486e-03 3.083333264415462783e-03
3.613000013348391729e-03 3.333333258827527075e-03
3.614000013345866971e-03 3.208333261621495146e-03
3.615000013343342214e-03 3.499999921768903559e-03
3.616000013340817457e-03 3.208333261621495146e-03
3.617000013338292699e-03 3.541666587504248113e-03
3.618000013335767942e-03 3.833333247651656527e-03
3.619000013333243185e-03 2.916666601474086733e-03
3.620000013330718427e-03 3.208333261621495146e-03
3.621000013328193670e-03 2.916666601474086733e-03
3.622000013325668913e-03 3.583333253239591801e-03
3.623000013323144156e-03 2.791666604268054370e-03
3.624000013320619398e-03 3.458333256033559438e-03
3.625000013318094641e-03 4.249999905005096869e-03
3.626000013315569884e-03 3.874999913387000647e-03
3.627000013313045126e-03 4.291666570740441423e-03
3.628000013310520369e-03 2.791666604268054370e-03
3.629000013307995612e-03 3.416666590298215751e-03
3.630000013305470855e-03 2.958333267209430420e-03
3.631000013302946097e-03 2.374999946914613160e-03
3.632000013300421340e-03 3.208333261621495146e-03
3.633000013297896583e-03 4.083333242063721252e-03
3.634000013295371825e-03 3.791666581916312406e-03
3.635000013292847068e-03 3.416666590298215751e-03
3.636000013290322311e-03 3.124999930150806904e-03
3.637000013287797553e-03 3.583333253239591801e-03
3.638000013285272796e-03 3.833333247651656527e-03
3.639000013282748039e-03 2.916666601474086733e-03
3.640000013280223282e-03 3.208333261621495146e-03
3.641000013277698524e-03 3.791666581916312406e-03
3.642000013275173767e-03 3.958333244857688456e-03
3.643000013272649010e-03 3.291666593092183388e-03
3.644000013270124252e-03 3.916666579122344768e-03
3.645000013267599495e-03 3.708333250445624164e-03
3.646000013265074738e-03 2.791666604268054370e-03
3.647000013262549981e-03 3.416666590298215751e-03
3.648000013260025223e-03 3.666666584710280043e-03
3.649000013257500466e-03 2.958333267209430420e-03
3.650000013254975709e-03 2.541666609855989644e-03
3.651000013252450951e-03 2.874999935738742178e-03
3.652000013249926194e-03 3.708333250445624164e-03
3.653000013247401437e-03 2.583333275591333765e-03
3.654000013244876680e-03 3.416666590298215751e-03
3.655000013242351922e-03 3.499999921768903559e-03
3.656000013239827165e-03 2.999999932944774541e-03
3.657000013237302408e-03 3.041666598680118662e-03
3.658000013234777650e-03 2.708333272797365694e-03
3.659000013232252893e-03 3.041666598680118662e-03
3.660000013229728136e-03 3.749999916180968285e-03
3.661000013227203378e-03 3.041666598680118662e-03
3.662000013224678621e-03 3.124999930150806904e-03
3.663000013222153864e-03 4.333333236475785978e-03
3.664000013219629107e-03 3.083333264415462783e-03
3.665000013217104349e-03 4.541666565152506149e-03
3.666000013214579592e-03 3.291666593092183388e-03
3.667000013212054835e-03 3.624999918974935922e-03
3.668000013209530077e-03 2.333333281179269039e-03
3.669000013207005320e-03 4.583333230887849837e-03
3.670000013204480563e-03 3.874999913387000647e-03
3.671000013201955806e-03 3.916666579122344768e-03
3.672000013199431048e-03 2.791666604268054370e-03
3.673000013196906291e-03 4.291666570740441423e-03
3.674000013194381534e-03 3.791666581916312406e-03
3.675000013191856776e-03 4.541666565152506149e-03
3.676000013189332019e-03 2.958333267209430420e-03
3.677000013186807262e-03 4.374999902211129665e-03
3.678000013184282505e-03 2.833333270003398057e-03
3.679000013181757747e-03 3.124999930150806904e-03
3.680000013179232990e-03 4.041666576328376698e-03
3.681000013176708233e-03 3.583333253239591801e-03
3.682000013174183475e-03 3.333333258827527075e-03
3.683000013171658718e-03 3.541666587504248113e-03
3.684000013169133961e-03 2.291666615443924918e-03
3.685000013166609203e-03 4.041666576328376698e-03
3.686000013164084446e-03 3.124999930150806904e-03
3.687000013161559689e-03 2.541666609855989644e-03
3.688000013159034932e-03 2.916666601474086733e-03
3.689000013156510174e-03 4.374999902211129665e-03
3.690000013153985417e-03 3.874999913387000647e-03
3.691000013151460660e-03 4.541666565152506149e-03
3.692000013148935902e-03 3.041666598680118662e-03
3.693000013146411145e-03 3.458333256033559438e-03
3.694000013143886388e-03 3.749999916180968285e-03
3.695000013141361631e-03 3.499999921768903559e-03
3.696000013138836873e-03 3.291666593092183388e-03
3.697000013136312116e-03 3.499999921768903559e-03
3.698000013133787359e-03 3.499999921768903559e-03
3.699000013131262601e-03 2.958333267209430420e-03
3.700000013128737844e-03 2.749999938532710249e-03
3.701000013126213087e-03 3.666666584710280043e-03
3.702000013123688330e-03 3.291666593092183388e-03
3.703000013121163572e-03 2.999999932944774541e-03
3.704000013118638815e-03 4.124999907799064940e-03
3.705000013116114058e-03 3.249999927356839267e-03
3.706000013113589300e-03 4.124999907799064940e-03
3.707000013111064543e-03 3.249999927356839267e-03
3.708000013108539786e-03 3.666666584710280043e-03
3.709000013106015028e-03 3.458333256033559438e-03
3.710000013103490271e-03 3.999999910593033010e-03
3.711000013100965514e-03 3.583333253239591801e-03
3.712000013098440757e-03 3.583333253239591801e-03
3.713000013095915999e-03 3.541666587504248113e-03
3.714000013093391242e-03 4.583333230887849837e-03
3.715000013090866485e-03 3.583333253239591801e-03
3.716000013088341727e-03 3.791666581916312406e-03
3.717000013085816970e-03 2.666666607062022007e-03
3.718000013083292213e-03 2.124999952502548434e-03
3.719000013080767456e-03 2.499999944120645523e-03
3.720000013078242698e-03 3.458333256033559438e-03
3.721000013075717941e-03 2.999999932944774541e-03
3.722000013073193184e-03 3.833333247651656527e-03
3.723000013070668426e-03 3.958333244857688456e-03
3.724000013068143669e-03 2.999999932944774541e-03
3.725000013065618912e-03 1.833333292355140021e-03
3.726000013063094154e-03 4.291666570740441423e-03
3.727000013060569397e-03 3.708333250445624164e-03
3.728000013058044640e-03 3.583333253239591801e-03
3.729000013055519883e-03 3.333333258827527075e-03
3.730000013052995125e-03 9.166666461775700107e-04
3.731000013050470368e-03 3.541666587504248113e-03
3.732000013047945611e-03 3.208333261621495146e-03
3.733000013045420853e-03 2.416666612649957281e-03
3.734000013042896096e-03 4.916666556770602804e-03
3.735000013040371339e-03 3.124999930150806904e-03
3.736000013037846582e-03 4.041666576328376698e-03
3.737000013035321824e-03 4.541666565152506149e-03
3.738000013032797067e-03 3.374999924562871630e-03
3.739000013030272310e-03 2.458333278385301402e-03
3.740000013027747552e-03 3.166666595886151025e-03
3.741000013025222795e-03 4.249999905005096869e-03
3.742000013022698038e-03 4.374999902211129665e-03
3.743000013020173281e-03 3.874999913387000647e-03
3.744000013017648523e-03 2.541666609855989644e-03
3.745000013015123766e-03 4.041666576328376698e-03
3.746000013012599009e-03 3.208333261621495146e-03
3.747000013010074251e-03 3.666666584710280043e-03
3.748000013007549494e-03 2.958333267209430420e-03
3.749000013005024737e-03 3.833333247651656527e-03
3.750000013002499979e-03 4.416666567946473353e-03
3.751000012999975222e-03 2.874999935738742178e-03
3.752000012997450465e-03 4.041666576328376698e-03
3.753000012994925708e-03 4.333333236475785978e-03
3.754000012992400950e-03 3.374999924562871630e-03
3.755000012989876193e-03 4.749999893829226320e-03
3.756000012987351436e-03 3.124999930150806904e-03
3.757000012984826678e-03 3.708333250445624164e-03
3.758000012982301921e-03 3.583333253239591801e-03
3.759000012979777164e-03 3.541666587504248113e-03
3.760000012977252407e-03 3.333333258827527075e-03
3.761000012974727649e-03 2.958333267209430420e-03
3.762000012972202892e-03 3.499999921768903559e-03
3.763000012969678135e-03 3.458333256033559438e-03
3.764000012967153377e-03 3.583333253239591801e-03
3.765000012964628620e-03 3.291666593092183388e-03
3.766000012962103863e-03 3.541666587504248113e-03
3.767000012959579106e-03 3.374999924562871630e-03
3.768000012957054348e-03 2.666666607062022007e-03
3.769000012954529591e-03 1.999999955296516505e-03
3.770000012952004834e-03 3.833333247651656527e-03
3.771000012949480076e-03 4.416666567946473353e-03
3.772000012946955319e-03 2.749999938532710249e-03
3.773000012944430562e-03 3.916666579122344768e-03
3.774000012941905804e-03 3.416666590298215751e-03
3.775000012939381047e-03 2.999999932944774541e-03
3.776000012936856290e-03 3.708333250445624164e-03
3.777000012934331533e-03 3.124999930150806904e-03
3.778000012931806775e-03 3.374999924562871630e-03
3.779000012929282018e-03 3.374999924562871630e-03
3.780000012926757261e-03 3.291666593092183388e-03
3.781000012924232503e-03 3.124999930150806904e-03
3.782000012921707746e-03 3.041666598680118662e-03
3.783000012919182989e-03 3.249999927356839267e-03
3.784000012916658232e-03 3.541666587504248113e-03
3.785000012914133474e-03 3.249999927356839267e-03
3.786000012911608717e-03 3.708333250445624164e-03
3.787000012909083960e-03 3.541666587504248113e-03
3.788000012906559202e-03 3.583333253239591801e-03
3.789000012904034445e-03 2.958333267209430420e-03
3.790000012901509688e-03 3.249999927356839267e-03
3.791000012898984931e-03 3.083333264415462783e-03
3.792000012896460173e-03 3.083333264415462783e-03
3.793000012893935416e-03 4.124999907799064940e-03
3.794000012891410659e-03 4.333333236475785978e-03
3.795000012888885901e-03 2.708333272797365694e-03
3.796000012886361144e-03 4.291666570740441423e-03
3.797000012883836387e-03 2.999999932944774541e-03
3.798000012881311629e-03 2.624999941326677886e-03
3.799000012878786872e-03 2.708333272797365694e-03
3.800000012876262115e-03 3.208333261621495146e-03
3.801000012873737358e-03 2.916666601474086733e-03
3.802000012871212600e-03 3.874999913387000647e-03
3.803000012868687843e-03 4.208333239269753182e-03
3.804000012866163086e-03 4.666666562358538078e-03
3.805000012863638328e-03 3.249999927356839267e-03
3.806000012861113571e-03 2.833333270003398057e-03
3.807000012858588814e-03 3.874999913387000647e-03
3.808000012856064057e-03 3.458333256033559438e-03
3.809000012853539299e-03 3.041666598680118662e-03
3.810000012851014542e-03 3.083333264415462783e-03
3.811000012848489785e-03 2.916666601474086733e-03
3.812000012845965027e-03 3.083333264415462783e-03
3.813000012843440270e-03 2.958333267209430420e-03
3.814000012840915513e-03 3.999999910593033010e-03
3.815000012838390755e-03 3.583333253239591801e-03
3.816000012835865998e-03 3.666666584710280043e-03
3.817000012833341241e-03 2.999999932944774541e-03
3.818000012830816484e-03 3.624999918974935922e-03
3.819000012828291726e-03 3.666666584710280043e-03
3.820000012825766969e-03 3.791666581916312406e-03
3.821000012823242212e-03 3.708333250445624164e-03
3.822000012820717454e-03 3.416666590298215751e-03
3.823000012818192697e-03 3.666666584710280043e-03
3.824000012815667940e-03 3.791666581916312406e-03
3.825000012813143183e-03 3.499999921768903559e-03
3.826000012810618425e-03 3.624999918974935922e-03
3.827000012808093668e-03 2.958333267209430420e-03
3.828000012805568911e-03 4.249999905005096869e-03
3.829000012803044153e-03 4.291666570740441423e-03
3.830000012800519396e-03 3.624999918974935922e-03
3.831000012797994639e-03 3.041666598680118662e-03
3.832000012795469882e-03 3.166666595886151025e-03
3.833000012792945124e-03 4.749999893829226320e-03
3.834000012790420367e-03 4.708333228093882633e-03
3.835000012787895610e-03 2.749999938532710249e-03
3.836000012785370852e-03 3.291666593092183388e-03
3.837000012782846095e-03 3.291666593092183388e-03
3.838000012780321338e-03 2.916666601474086733e-03
3.839000012777796580e-03 3.208333261621495146e-03
3.840000012775271823e-03 3.791666581916312406e-03
3.841000012772747066e-03 3.583333253239591801e-03
3.842000012770222309e-03 2.374999946914613160e-03
3.843000012767697551e-03 3.791666581916312406e-03
3.844000012765172794e-03 2.583333275591333765e-03
3.845000012762648037e-03 2.624999941326677886e-03
3.846000012760123279e-03 3.666666584710280043e-03
3.847000012757598522e-03 3.499999921768903559e-03
3.848000012755073765e-03 3.624999918974935922e-03
3.849000012752549008e-03 3.291666593092183388e-03
3.850000012750024250e-03 3.833333247651656527e-03
3.851000012747499493e-03 3.708333250445624164e-03
3.852000012744974736e-03 3.249999927356839267e-03
3.853000012742449978e-03 3.208333261621495146e-03
3.854000012739925221e-03 2.916666601474086733e-03
3.855000012737400464e-03 3.499999921768903559e-03
3.856000012734875707e-03 3.916666579122344768e-03
3.857000012732350949e-03 2.833333270003398057e-03
3.858000012729826192e-03 2.333333281179269039e-03
3.859000012727301435e-03 3.458333256033559438e-03
3.860000012724776677e-03 1.958333289561172384e-03
3.861000012722251920e-03 3.124999930150806904e-03
3.862000012719727163e-03 3.291666593092183388e-03
3.863000012717202405e-03 2.916666601474086733e-03
3.864000012714677648e-03 2.958333267209430420e-03
3.865000012712152891e-03 2.583333275591333765e-03
3.866000012709628134e-03 2.458333278385301402e-03
3.867000012707103376e-03 2.958333267209430420e-03
3.868000012704578619e-03 3.083333264415462783e-03
3.869000012702053862e-03 3.124999930150806904e-03
3.870000012699529104e-03 3.583333253239591801e-03
3.871000012697004347e-03 3.333333258827527075e-03
3.872000012694479590e-03 2.916666601474086733e-03
3.873000012691954833e-03 2.999999932944774541e-03
3.874000012689430075e-03 4.166666573534409494e-03
3.875000012686905318e-03 4.041666576328376698e-03
3.876000012684380561e-03 3.374999924562871630e-03
3.877000012681855803e-03 3.916666579122344768e-03
3.878000012679331046e-03 3.999999910593033010e-03
3.879000012676806289e-03 4.291666570740441423e-03
3.880000012674281532e-03 3.041666598680118662e-03
3.881000012671756774e-03 3.749999916180968285e-03
3.882000012669232017e-03 3.958333244857688456e-03
3.883000012666707260e-03 3.249999927356839267e-03
3.884000012664182502e-03 2.999999932944774541e-03
3.885000012661657745e-03 3.416666590298215751e-03
3.886000012659132988e-03 3.208333261621495146e-03
3.887000012656608230e-03 2.499999944120645523e-03
3.888000012654083473e-03 2.916666601474086733e-03
3.889000012651558716e-03 4.333333236475785978e-03
3.890000012649033959e-03 3.874999913387000647e-03
3.891000012646509201e-03 4.083333242063721252e-03
3.892000012643984444e-03 4.208333239269753182e-03
3.893000012641459687e-03 4.499999899417162462e-03
3.894000012638934929e-03 2.666666607062022007e-03
3.895000012636410172e-03 2.749999938532710249e-03
3.896000012633885415e-03 4.416666567946473353e-03
3.897000012631360658e-03 3.624999918974935922e-03
3.898000012628835900e-03 4.333333236475785978e-03
3.899000012626311143e-03 3.374999924562871630e-03
3.900000012623786386e-03 3.916666579122344768e-03
3.901000012621261628e-03 4.291666570740441423e-03
3.902000012618736871e-03 3.208333261621495146e-03
3.903000012616212114e-03 3.416666590298215751e-03
3.904000012613687356e-03 3.458333256033559438e-03
3.905000012611162599e-03 3.166666595886151025e-03
3.906000012608637842e-03 3.708333250445624164e-03
3.907000012606113085e-03 2.458333278385301402e-03
3.908000012603588327e-03 2.083333286767204747e-03
3.909000012601063570e-03 3.916666579122344768e-03
3.910000012598538813e-03 3.749999916180968285e-03
3.911000012596014055e-03 4.416666567946473353e-03
3.912000012593489298e-03 3.333333258827527075e-03
3.913000012590964541e-03 3.124999930150806904e-03
3.914000012588439784e-03 3.874999913387000647e-03
3.915000012585915026e-03 4.291666570740441423e-03
3.916000012583390269e-03 2.874999935738742178e-03
3.917000012580865512e-03 3.458333256033559438e-03
3.918000012578340754e-03 3.791666581916312406e-03
3.919000012575815997e-03 3.833333247651656527e-03
3.920000012573291240e-03 2.958333267209430420e-03
3.921000012570766483e-03 3.291666593092183388e-03
3.922000012568241725e-03 3.458333256033559438e-03
3.923000012565716968e-03 3.874999913387000647e-03
3.924000012563192211e-03 3.624999918974935922e-03
3.925000012560667453e-03 3.124999930150806904e-03
3.926000012558142696e-03 3.124999930150806904e-03
3.927000012555617939e-03 3.499999921768903559e-03
3.928000012553093181e-03 3.166666595886151025e-03
3.929000012550568424e-03 3.083333264415462783e-03
3.930000012548043667e-03 3.499999921768903559e-03
3.931000012545518910e-03 2.958333267209430420e-03
3.932000012542994152e-03 4.208333239269753182e-03
3.933000012540469395e-03 3.666666584710280043e-03
3.934000012537944638e-03 2.999999932944774541e-03
3.935000012535419880e-03 4.124999907799064940e-03
3.936000012532895123e-03 4.041666576328376698e-03
3.937000012530370366e-03 2.749999938532710249e-03
3.938000012527845609e-03 3.499999921768903559e-03
3.939000012525320851e-03 3.916666579122344768e-03
3.940000012522796094e-03 2.416666612649957281e-03
3.941000012520271337e-03 3.708333250445624164e-03
3.942000012517746579e-03 4.749999893829226320e-03
3.943000012515221822e-03 3.999999910593033010e-03
3.944000012512697065e-03 3.624999918974935922e-03
3.945000012510172308e-03 2.874999935738742178e-03
3.946000012507647550e-03 3.749999916180968285e-03
3.947000012505122793e-03 2.541666609855989644e-03
3.948000012502598036e-03 3.166666595886151025e-03
3.949000012500073278e-03 3.208333261621495146e-03
3.950000012497548521e-03 3.458333256033559438e-03
3.951000012495023764e-03 3.208333261621495146e-03
3.952000012492499006e-03 3.416666590298215751e-03
3.953000012489974249e-03 2.791666604268054370e-03
3.954000012487449492e-03 3.833333247651656527e-03
3.955000012484924735e-03 3.541666587504248113e-03
3.956000012482399977e-03 3.291666593092183388e-03
3.957000012479875220e-03 3.166666595886151025e-03
3.958000012477350463e-03 3.333333258827527075e-03
3.959000012474825705e-03 3.458333256033559438e-03
3.960000012472300948e-03 3.041666598680118662e-03
3.961000012469776191e-03 3.291666593092183388e-03
3.962000012467251434e-03 4.291666570740441423e-03
3.963000012464726676e-03 2.749999938532710249e-03
3.964000012462201919e-03 3.249999927356839267e-03
3.965000012459677162e-03 3.458333256033559438e-03
3.966000012457152404e-03 3.458333256033559438e-03
3.967000012454627647e-03 3.749999916180968285e-03
3.968000012452102890e-03 2.958333267209430420e-03
3.969000012449578133e-03 2.291666615443924918e-03
3.970000012447053375e-03 4.458333233681817907e-03
3.971000012444528618e-03 1.958333289561172384e-03
3.972000012442003861e-03 4.416666567946473353e-03
3.973000012439479103e-03 3.999999910593033010e-03
3.974000012436954346e-03 3.208333261621495146e-03
3.975000012434429589e-03 3.624999918974935922e-03
3.976000012431904831e-03 4.374999902211129665e-03
3.977000012429380074e-03 2.749999938532710249e-03
3.978000012426855317e-03 4.166666573534409494e-03
3.979000012424330560e-03 3.833333247651656527e-03
3.980000012421805802e-03 2.833333270003398057e-03
3.981000012419281045e-03 4.333333236475785978e-03
3.982000012416756288e-03 3.249999927356839267e-03
3.983000012414231530e-03 3.416666590298215751e-03
3.984000012411706773e-03 3.083333264415462783e-03
3.985000012409182016e-03 3.583333253239591801e-03
3.986000012406657259e-03 3.708333250445624164e-03
3.987000012404132501e-03 2.958333267209430420e-03
3.988000012401607744e-03 3.416666590298215751e-03
3.989000012399082987e-03 3.833333247651656527e-03
3.990000012396558229e-03 3.708333250445624164e-03
3.991000012394033472e-03 2.916666601474086733e-03
3.992000012391508715e-03 3.166666595886151025e-03
3.993000012388983958e-03 3.291666593092183388e-03
3.994000012386459200e-03 3.333333258827527075e-03
3.995000012383934443e-03 3.124999930150806904e-03
3.996000012381409686e-03 2.166666618237892989e-03
3.997000012378884928e-03 3.249999927356839267e-03
3.998000012376360171e-03 3.333333258827527075e-03
3.999000012373835414e-03 3.999999910593033010e-03
4.000000012371310656e-03 2.624999941326677886e-03
4.001000012368785899e-03 3.124999930150806904e-03
4.002000012366261142e-03 3.916666579122344768e-03
4.003000012363736385e-03 2.874999935738742178e-03
4.004000012361211627e-03 3.499999921768903559e-03
4.005000012358686870e-03 3.958333244857688456e-03
4.006000012356162113e-03 3.124999930150806904e-03
4.007000012353637355e-03 2.416666612649957281e-03
4.008000012351112598e-03 4.374999902211129665e-03
4.009000012348587841e-03 2.999999932944774541e-03
4.010000012346063084e-03 3.458333256033559438e-03
4.011000012343538326e-03 3.333333258827527075e-03
4.012000012341013569e-03 3.499999921768903559e-03
4.013000012338488812e-03 3.958333244857688456e-03
4.014000012335964054e-03 2.916666601474086733e-03
4.015000012333439297e-03 3.291666593092183388e-03
4.016000012330914540e-03 2.624999941326677886e-03
4.017000012328389782e-03 1.833333292355140021e-03
4.018000012325865025e-03 3.249999927356839267e-03
4.019000012323340268e-03 5.041666553976634733e-03
4.020000012320815511e-03 4.458333233681817907e-03
4.021000012318290753e-03 2.249999949708581231e-03
4.022000012315765996e-03 3.666666584710280043e-03
4.023000012313241239e-03 3.041666598680118662e-03
4.024000012310716481e-03 2.666666607062022007e-03
4.025000012308191724e-03 3.958333244857688456e-03
4.026000012305666967e-03 3.749999916180968285e-03
4.027000012303142210e-03 3.333333258827527075e-03
4.028000012300617452e-03 4.291666570740441423e-03
4.029000012298092695e-03 3.416666590298215751e-03
4.030000012295567938e-03 2.791666604268054370e-03
4.031000012293043180e-03 3.666666584710280043e-03
4.032000012290518423e-03 4.124999907799064940e-03
4.033000012287993666e-03 3.249999927356839267e-03
4.034000012285468909e-03 2.999999932944774541e-03
4.035000012282944151e-03 4.041666576328376698e-03
4.036000012280419394e-03 3.166666595886151025e-03
4.037000012277894637e-03 3.166666595886151025e-03
4.038000012275369879e-03 3.458333256033559438e-03
4.039000012272845122e-03 2.791666604268054370e-03
4.040000012270320365e-03 2.791666604268054370e-03
4.041000012267795607e-03 2.958333267209430420e-03
4.042000012265270850e-03 3.291666593092183388e-03
4.043000012262746093e-03 3.499999921768903559e-03
4.044000012260221336e-03 3.916666579122344768e-03
4.045000012257696578e-03 1.958333289561172384e-03
4.046000012255171821e-03 2.708333272797365694e-03
4.047000012252647064e-03 1.916666623825828263e-03
4.048000012250122306e-03 3.458333256033559438e-03
4.049000012247597549e-03 2.999999932944774541e-03
4.050000012245072792e-03 3.458333256033559438e-03
4.051000012242548035e-03 3.708333250445624164e-03
4.052000012240023277e-03 3.249999927356839267e-03
4.053000012237498520e-03 3.833333247651656527e-03
4.054000012234973763e-03 3.624999918974935922e-03
4.055000012232449005e-03 3.499999921768903559e-03
4.056000012229924248e-03 2.458333278385301402e-03
4.057000012227399491e-03 2.999999932944774541e-03
4.058000012224874734e-03 4.749999893829226320e-03
4.059000012222349976e-03 3.791666581916312406e-03
4.060000012219825219e-03 3.208333261621495146e-03
4.061000012217300462e-03 2.791666604268054370e-03
4.062000012214775704e-03 3.124999930150806904e-03
4.063000012212250947e-03 3.041666598680118662e-03
4.064000012209726190e-03 4.083333242063721252e-03
4.065000012207201432e-03 2.208333283973236676e-03
4.066000012204676675e-03 3.791666581916312406e-03
4.067000012202151918e-03 3.499999921768903559e-03
4.068000012199627161e-03 3.833333247651656527e-03
4.069000012197102403e-03 2.624999941326677886e-03
4.070000012194577646e-03 4.624999896623194391e-03
4.071000012192052889e-03 2.874999935738742178e-03
4.072000012189528131e-03 2.416666612649957281e-03
4.073000012187003374e-03 4.041666576328376698e-03
4.074000012184478617e-03 3.333333258827527075e-03
4.075000012181953860e-03 3.249999927356839267e-03
4.076000012179429102e-03 2.958333267209430420e-03
4.077000012176904345e-03 3.333333258827527075e-03
4.078000012174379588e-03 2.958333267209430420e-03
4.079000012171854830e-03 3.416666590298215751e-03
4.080000012169330073e-03 3.874999913387000647e-03
4.081000012166805316e-03 2.958333267209430420e-03
4.082000012164280559e-03 3.249999927356839267e-03
4.083000012161755801e-03 3.166666595886151025e-03
4.084000012159231044e-03 1.749999960884451779e-03
4.085000012156706287e-03 3.499999921768903559e-03
4.086000012154181529e-03 3.499999921768903559e-03
4.087000012151656772e-03 4.499999899417162462e-03
4.088000012149132015e-03 2.874999935738742178e-03
4.089000012146607257e-03 2.958333267209430420e-03
4.090000012144082500e-03 4.124999907799064940e-03
4.091000012141557743e-03 3.708333250445624164e-03
4.092000012139032986e-03 2.999999932944774541e-03
4.093000012136508228e-03 4.249999905005096869e-03
4.094000012133983471e-03 4.124999907799064940e-03
4.095000012131458714e-03 3.916666579122344768e-03
4.096000012128933956e-03 3.333333258827527075e-03
4.097000012126409199e-03 3.374999924562871630e-03
4.098000012123884442e-03 3.791666581916312406e-03
4.099000012121359685e-03 2.541666609855989644e-03
4.100000012118834927e-03 4.041666576328376698e-03
4.101000012116310170e-03 2.791666604268054370e-03
4.102000012113785413e-03 2.333333281179269039e-03
4.103000012111260655e-03 4.708333228093882633e-03
4.104000012108735898e-03 4.374999902211129665e-03
4.105000012106211141e-03 4.041666576328376698e-03
4.106000012103686383e-03 3.749999916180968285e-03
4.107000012101161626e-03 2.124999952502548434e-03
4.108000012098636869e-03 3.374999924562871630e-03
4.109000012096112112e-03 4.249999905005096869e-03
4.110000012093587354e-03 3.124999930150806904e-03
4.111000012091062597e-03 3.791666581916312406e-03
4.112000012088537840e-03 2.583333275591333765e-03
4.113000012086013082e-03 3.499999921768903559e-03
4.114000012083488325e-03 3.374999924562871630e-03
4.115000012080963568e-03 2.791666604268054370e-03
4.116000012078438811e-03 3.166666595886151025e-03
4.117000012075914053e-03 3.666666584710280043e-03
4.118000012073389296e-03 3.916666579122344768e-03
4.119000012070864539e-03 3.583333253239591801e-03
4.120000012068339781e-03 2.416666612649957281e-03
4.121000012065815024e-03 3.166666595886151025e-03
4.122000012063290267e-03 3.416666590298215751e-03
4.123000012060765510e-03 3.958333244857688456e-03
4.124000012058240752e-03 2.999999932944774541e-03
4.125000012055715995e-03 3.833333247651656527e-03
4.126000012053191238e-03 2.874999935738742178e-03
4.127000012050666480e-03 3.499999921768903559e-03
4.128000012048141723e-03 4.291666570740441423e-03
4.129000012045616966e-03 3.541666587504248113e-03
4.130000012043092208e-03 3.249999927356839267e-03
4.131000012040567451e-03 3.374999924562871630e-03
4.132000012038042694e-03 3.708333250445624164e-03
4.133000012035517937e-03 4.083333242063721252e-03
4.134000012032993179e-03 3.749999916180968285e-03
4.135000012030468422e-03 3.499999921768903559e-03
4.136000012027943665e-03 2.958333267209430420e-03
4.137000012025418907e-03 3.208333261621495146e-03
4.138000012022894150e-03 3.166666595886151025e-03
4.139000012020369393e-03 1.916666623825828263e-03
4.140000012017844636e-03 3.541666587504248113e-03
4.141000012015319878e-03 3.458333256033559438e-03
4.142000012012795121e-03 3.166666595886151025e-03
4.143000012010270364e-03 4.166666573534409494e-03
4.144000012007745606e-03 2.958333267209430420e-03
4.145000012005220849e-03 3.041666598680118662e-03
4.146000012002696092e-03 2.958333267209430420e-03
4.147000012000171335e-03 3.874999913387000647e-03
4.148000011997646577e-03 4.041666576328376698e-03
4.149000011995121820e-03 3.166666595886151025e-03
4.150000011992597063e-03 4.374999902211129665e-03
4.151000011990072305e-03 3.583333253239591801e-03
4.152000011987547548e-03 3.208333261621495146e-03
4.153000011985022791e-03 4.083333242063721252e-03
4.154000011982498033e-03 2.999999932944774541e-03
4.155000011979973276e-03 2.958333267209430420e-03
4.156000011977448519e-03 3.874999913387000647e-03
4.157000011974923762e-03 3.916666579122344768e-03
4.158000011972399004e-03 3.708333250445624164e-03
4.159000011969874247e-03 4.166666573534409494e-03
4.160000011967349490e-03 3.458333256033559438e-03
4.161000011964824732e-03 3.708333250445624164e-03
4.162000011962299975e-03 4.083333242063721252e-03
4.163000011959775218e-03 3.208333261621495146e-03
4.164000011957250461e-03 2.666666607062022007e-03
4.165000011954725703e-03 3.749999916180968285e-03
4.166000011952200946e-03 2.874999935738742178e-03
4.167000011949676189e-03 2.791666604268054370e-03
4.168000011947151431e-03 2.083333286767204747e-03
4.169000011944626674e-03 2.666666607062022007e-03
4.170000011942101917e-03 2.833333270003398057e-03
4.171000011939577160e-03 3.666666584710280043e-03
4.172000011937052402e-03 3.249999927356839267e-03
4.173000011934527645e-03 3.208333261621495146e-03
4.174000011932002888e-03 2.499999944120645523e-03
4.175000011929478130e-03 3.874999913387000647e-03
4.176000011926953373e-03 3.583333253239591801e-03
4.177000011924428616e-03 2.708333272797365694e-03
4.178000011921903858e-03 3.416666590298215751e-03
4.179000011919379101e-03 4.166666573534409494e-03
4.180000011916854344e-03 3.208333261621495146e-03
4.181000011914329587e-03 3.541666587504248113e-03
4.182000011911804829e-03 2.999999932944774541e-03
4.183000011909280072e-03 4.124999907799064940e-03
4.184000011906755315e-03 2.333333281179269039e-03
4.185000011904230557e-03 3.124999930150806904e-03
4.186000011901705800e-03 2.999999932944774541e-03
4.187000011899181043e-03 3.666666584710280043e-03
4.188000011896656286e-03 3.333333258827527075e-03
4.189000011894131528e-03 3.708333250445624164e-03
4.190000011891606771e-03 2.374999946914613160e-03
4.191000011889082014e-03 3.708333250445624164e-03
4.192000011886557256e-03 2.624999941326677886e-03
4.193000011884032499e-03 3.249999927356839267e-03
4.194000011881507742e-03 2.916666601474086733e-03
4.195000011878982984e-03 3.208333261621495146e-03
4.196000011876458227e-03 3.333333258827527075e-03
4.197000011873933470e-03 2.874999935738742178e-03
4.198000011871408713e-03 3.374999924562871630e-03
4.199000011868883955e-03 3.583333253239591801e-03
4.200000011866359198e-03 4.333333236475785978e-03
4.201000011863834441e-03 3.958333244857688456e-03
4.202000011861309683e-03 4.874999891035258250e-03
4.203000011858784926e-03 3.583333253239591801e-03
4.204000011856260169e-03 3.374999924562871630e-03
4.205000011853735412e-03 2.958333267209430420e-03
4.206000011851210654e-03 3.166666595886151025e-03
4.207000011848685897e-03 3.124999930150806904e-03
4.208000011846161140e-03 3.541666587504248113e-03
4.209000011843636382e-03 3.291666593092183388e-03
4.210000011841111625e-03 3.583333253239591801e-03
4.211000011838586868e-03 3.458333256033559438e-03
4.212000011836062111e-03 3.416666590298215751e-03
4.213000011833537353e-03 2.666666607062022007e-03
4.214000011831012596e-03 3.791666581916312406e-03
4.215000011828487839e-03 2.958333267209430420e-03
4.216000011825963081e-03 3.249999927356839267e-03
4.217000011823438324e-03 1.874999958090484142e-03
4.218000011820913567e-03 3.208333261621495146e-03
4.219000011818388809e-03 3.499999921768903559e-03
4.220000011815864052e-03 3.249999927356839267e-03
4.221000011813339295e-03 2.791666604268054370e-03
4.222000011810814538e-03 4.166666573534409494e-03
4.223000011808289780e-03 3.333333258827527075e-03
4.224000011805765023e-03 3.624999918974935922e-03
4.225000011803240266e-03 2.874999935738742178e-03
4.226000011800715508e-03 3.208333261621495146e-03
4.227000011798190751e-03 2.333333281179269039e-03
4.228000011795665994e-03 2.208333283973236676e-03
4.229000011793141237e-03 2.583333275591333765e-03
4.230000011790616479e-03 3.708333250445624164e-03
4.231000011788091722e-03 3.791666581916312406e-03
4.232000011785566965e-03 2.999999932944774541e-03
4.233000011783042207e-03 4.249999905005096869e-03
4.234000011780517450e-03 3.708333250445624164e-03
4.235000011777992693e-03 3.791666581916312406e-03
4.236000011775467936e-03 3.583333253239591801e-03
4.237000011772943178e-03 4.583333230887849837e-03
4.238000011770418421e-03 2.083333286767204747e-03
4.239000011767893664e-03 4.416666567946473353e-03
4.240000011765368906e-03 4.249999905005096869e-03
4.241000011762844149e-03 3.458333256033559438e-03
4.242000011760319392e-03 2.416666612649957281e-03
4.243000011757794634e-03 3.124999930150806904e-03
4.244000011755269877e-03 2.583333275591333765e-03
4.245000011752745120e-03 3.166666595886151025e-03
4.246000011750220363e-03 3.208333261621495146e-03
4.247000011747695605e-03 2.708333272797365694e-03
4.248000011745170848e-03 3.291666593092183388e-03
4.249000011742646091e-03 3.249999927356839267e-03
4.250000011740121333e-03 3.791666581916312406e-03
4.251000011737596576e-03 3.333333258827527075e-03
4.252000011735071819e-03 3.541666587504248113e-03
4.253000011732547062e-03 3.416666590298215751e-03
4.254000011730022304e-03 2.333333281179269039e-03
4.255000011727497547e-03 2.708333272797365694e-03
4.256000011724972790e-03 3.624999918974935922e-03
4.257000011722448032e-03 2.833333270003398057e-03
4.258000011719923275e-03 3.249999927356839267e-03
4.259000011717398518e-03 2.541666609855989644e-03
4.260000011714873761e-03 3.583333253239591801e-03
4.261000011712349003e-03 2.958333267209430420e-03
4.262000011709824246e-03 2.999999932944774541e-03
4.263000011707299489e-03 3.083333264415462783e-03
4.264000011704774731e-03 3.208333261621495146e-03
4.265000011702249974e-03 3.458333256033559438e-03
4.266000011699725217e-03 2.583333275591333765e-03
4.267000011697200459e-03 3.499999921768903559e-03
4.268000011694675702e-03 4.291666570740441423e-03
4.269000011692150945e-03 3.166666595886151025e-03
4.270000011689626188e-03 4.374999902211129665e-03
4.271000011687101430e-03 3.541666587504248113e-03
4.272000011684576673e-03 3.416666590298215751e-03
4.273000011682051916e-03 3.833333247651656527e-03
4.274000011679527158e-03 3.291666593092183388e-03
4.275000011677002401e-03 3.416666590298215751e-03
4.276000011674477644e-03 3.666666584710280043e-03
4.277000011671952887e-03 4.124999907799064940e-03
4.278000011669428129e-03 2.958333267209430420e-03
4.279000011666903372e-03 3.874999913387000647e-03
4.280000011664378615e-03 3.249999927356839267e-03
4.281000011661853857e-03 4.083333242063721252e-03
4.282000011659329100e-03 4.541666565152506149e-03
4.283000011656804343e-03 4.124999907799064940e-03
4.284000011654279585e-03 4.291666570740441423e-03
4.285000011651754828e-03 3.291666593092183388e-03
4.286000011649230071e-03 2.833333270003398057e-03
4.287000011646705314e-03 2.624999941326677886e-03
4.288000011644180556e-03 2.374999946914613160e-03
4.289000011641655799e-03 3.624999918974935922e-03
4.290000011639131042e-03 3.166666595886151025e-03
4.291000011636606284e-03 3.041666598680118662e-03
4.292000011634081527e-03 2.749999938532710249e-03
4.293000011631556770e-03 2.791666604268054370e-03
4.294000011629032013e-03 3.749999916180968285e-03
4.295000011626507255e-03 3.291666593092183388e-03
4.296000011623982498e-03 4.041666576328376698e-03
4.297000011621457741e-03 3.374999924562871630e-03
4.298000011618932983e-03 3.958333244857688456e-03
4.299000011616408226e-03 4.249999905005096869e-03
4.300000011613883469e-03 2.833333270003398057e-03
4.301000011611358712e-03 3.833333247651656527e-03
4.302000011608833954e-03 3.124999930150806904e-03
4.303000011606309197e-03 3.833333247651656527e-03
4.304000011603784440e-03 3.624999918974935922e-03
4.305000011601259682e-03 4.208333239269753182e-03
4.306000011598734925e-03 3.124999930150806904e-03
4.307000011596210168e-03 3.249999927356839267e-03
4.308000011593685410e-03 4.249999905005096869e-03
4.309000011591160653e-03 2.249999949708581231e-03
4.310000011588635896e-03 3.124999930150806904e-03
4.311000011586111139e-03 4.208333239269753182e-03
4.312000011583586381e-03 2.958333267209430420e-03
4.313000011581061624e-03 2.666666607062022007e-03
4.314000011578536867e-03 3.541666587504248113e-03
4.315000011576012109e-03 3.624999918974935922e-03
4.316000011573487352e-03 4.333333236475785978e-03
4.317000011570962595e-03 3.874999913387000647e-03
4.318000011568437838e-03 4.041666576328376698e-03
4.319000011565913080e-03 3.416666590298215751e-03
4.320000011563388323e-03 3.249999927356839267e-03
4.321000011560863566e-03 3.083333264415462783e-03
4.322000011558338808e-03 4.374999902211129665e-03
4.323000011555814051e-03 2.958333267209430420e-03
4.324000011553289294e-03 3.749999916180968285e-03
4.325000011550764537e-03 3.999999910593033010e-03
4.326000011548239779e-03 3.874999913387000647e-03
4.327000011545715022e-03 3.791666581916312406e-03
4.328000011543190265e-03 4.624999896623194391e-03
4.329000011540665507e-03 3.708333250445624164e-03
4.330000011538140750e-03 3.583333253239591801e-03
4.331000011535615993e-03 4.791666559564570875e-03
4.332000011533091235e-03 3.458333256033559438e-03
4.333000011530566478e-03 2.624999941326677886e-03
4.334000011528041721e-03 2.666666607062022007e-03
4.335000011525516964e-03 3.166666595886151025e-03
4.336000011522992206e-03 3.416666590298215751e-03
4.337000011520467449e-03 3.124999930150806904e-03
4.338000011517942692e-03 2.999999932944774541e-03
4.339000011515417934e-03 2.749999938532710249e-03
4.340000011512893177e-03 2.958333267209430420e-03
4.341000011510368420e-03 3.874999913387000647e-03
4.342000011507843663e-03 3.458333256033559438e-03
4.343000011505318905e-03 3.291666593092183388e-03
4.344000011502794148e-03 3.083333264415462783e-03
4.345000011500269391e-03 2.541666609855989644e-03
4.346000011497744633e-03 4.083333242063721252e-03
4.347000011495219876e-03 3.499999921768903559e-03
4.348000011492695119e-03 3.374999924562871630e-03
4.349000011490170362e-03 3.874999913387000647e-03
4.350000011487645604e-03 4.166666573534409494e-03
4.351000011485120847e-03 2.541666609855989644e-03
4.352000011482596090e-03 3.666666584710280043e-03
4.353000011480071332e-03 4.041666576328376698e-03
4.354000011477546575e-03 4.083333242063721252e-03
4.355000011475021818e-03 3.124999930150806904e-03
4.356000011472497060e-03 3.124999930150806904e-03
4.357000011469972303e-03 4.291666570740441423e-03
4.358000011467447546e-03 2.708333272797365694e-03
4.359000011464922789e-03 3.416666590298215751e-03
4.360000011462398031e-03 3.541666587504248113e-03
4.361000011459873274e-03 2.874999935738742178e-03
4.362000011457348517e-03 3.291666593092183388e-03
4.363000011454823759e-03 3.999999910593033010e-03
4.364000011452299002e-03 3.374999924562871630e-03
4.365000011449774245e-03 3.583333253239591801e-03
4.366000011447249488e-03 3.458333256033559438e-03
4.367000011444724730e-03 2.708333272797365694e-03
4.368000011442199973e-03 3.666666584710280043e-03
4.369000011439675216e-03 3.083333264415462783e-03
4.370000011437150458e-03 2.999999932944774541e-03
4.371000011434625701e-03 3.874999913387000647e-03
4.372000011432100944e-03 3.416666590298215751e-03
4.373000011429576186e-03 3.166666595886151025e-03
4.374000011427051429e-03 4.249999905005096869e-03
4.375000011424526672e-03 3.291666593092183388e-03
4.376000011422001915e-03 2.999999932944774541e-03
4.377000011419477157e-03 2.791666604268054370e-03
4.378000011416952400e-03 2.791666604268054370e-03
4.379000011414427643e-03 3.208333261621495146e-03
4.380000011411902885e-03 4.708333228093882633e-03
4.381000011409378128e-03 3.041666598680118662e-03
4.382000011406853371e-03 2.791666604268054370e-03
4.383000011404328614e-03 2.958333267209430420e-03
4.384000011401803856e-03 4.083333242063721252e-03
4.385000011399279099e-03 3.333333258827527075e-03
4.386000011396754342e-03 3.958333244857688456e-03
4.387000011394229584e-03 4.291666570740441423e-03
4.388000011391704827e-03 3.499999921768903559e-03
4.389000011389180070e-03 3.208333261621495146e-03
4.390000011386655313e-03 3.624999918974935922e-03
4.391000011384130555e-03 3.083333264415462783e-03
4.392000011381605798e-03 3.583333253239591801e-03
4.393000011379081041e-03 3.583333253239591801e-03
4.394000011376556283e-03 3.583333253239591801e-03
4.395000011374031526e-03 2.874999935738742178e-03
4.396000011371506769e-03 3.708333250445624164e-03
4.397000011368982011e-03 4.333333236475785978e-03
4.398000011366457254e-03 4.583333230887849837e-03
4.399000011363932497e-03 3.958333244857688456e-03
4.400000011361407740e-03 3.708333250445624164e-03
4.401000011358882982e-03 2.874999935738742178e-03
4.402000011356358225e-03 3.874999913387000647e-03
4.403000011353833468e-03 3.624999918974935922e-03
4.404000011351308710e-03 2.833333270003398057e-03
4.405000011348783953e-03 3.083333264415462783e-03
4.406000011346259196e-03 2.958333267209430420e-03
4.407000011343734439e-03 3.791666581916312406e-03
4.408000011341209681e-03 3.166666595886151025e-03
4.409000011338684924e-03 2.624999941326677886e-03
4.410000011336160167e-03 2.666666607062022007e-03
4.411000011333635409e-03 3.416666590298215751e-03
4.412000011331110652e-03 4.333333236475785978e-03
4.413000011328585895e-03 3.458333256033559438e-03
4.414000011326061138e-03 3.208333261621495146e-03
4.415000011323536380e-03 3.416666590298215751e-03
4.416000011321011623e-03 5.208333216918012085e-03
4.417000011318486866e-03 2.999999932944774541e-03
4.418000011315962108e-03 3.624999918974935922e-03
4.419000011313437351e-03 4.416666567946473353e-03
4.420000011310912594e-03 3.124999930150806904e-03
4.421000011308387836e-03 4.249999905005096869e-03
4.422000011305863079e-03 3.249999927356839267e-03
4.423000011303338322e-03 2.666666607062022007e-03
4.424000011300813565e-03 2.833333270003398057e-03
4.425000011298288807e-03 2.749999938532710249e-03
4.426000011295764050e-03 3.541666587504248113e-03
4.427000011293239293e-03 2.708333272797365694e-03
4.428000011290714535e-03 3.208333261621495146e-03
4.429000011288189778e-03 2.833333270003398057e-03
4.430000011285665021e-03 3.333333258827527075e-03
4.431000011283140264e-03 3.333333258827527075e-03
4.432000011280615506e-03 3.333333258827527075e-03
4.433000011278090749e-03 3.416666590298215751e-03
4.434000011275565992e-03 3.458333256033559438e-03
4.435000011273041234e-03 3.041666598680118662e-03
4.436000011270516477e-03 3.624999918974935922e-03
4.437000011267991720e-03 3.041666598680118662e-03
4.438000011265466963e-03 2.791666604268054370e-03
4.439000011262942205e-03 4.541666565152506149e-03
4.440000011260417448e-03 2.499999944120645523e-03
4.441000011257892691e-03 3.416666590298215751e-03
4.442000011255367933e-03 3.666666584710280043e-03
4.443000011252843176e-03 3.958333244857688456e-03
4.444000011250318419e-03 3.166666595886151025e-03
4.445000011247793661e-03 2.833333270003398057e-03
4.446000011245268904e-03 3.124999930150806904e-03
4.447000011242744147e-03 2.833333270003398057e-03
4.448000011240219390e-03 3.291666593092183388e-03
4.449000011237694632e-03 2.374999946914613160e-03
4.450000011235169875e-03 4.333333236475785978e-03
4.451000011232645118e-03 3.916666579122344768e-03
4.452000011230120360e-03 2.624999941326677886e-03
4.453000011227595603e-03 2.416666612649957281e-03
4.454000011225070846e-03 3.583333253239591801e-03
4.455000011222546089e-03 3.791666581916312406e-03
4.456000011220021331e-03 3.124999930150806904e-03
4.457000011217496574e-03 3.416666590298215751e-03
4.458000011214971817e-03 3.374999924562871630e-03
4.459000011212447059e-03 2.124999952502548434e-03
4.460000011209922302e-03 2.791666604268054370e-03
4.461000011207397545e-03 2.666666607062022007e-03
4.462000011204872787e-03 3.874999913387000647e-03
4.463000011202348030e-03 3.958333244857688456e-03
4.464000011199823273e-03 3.458333256033559438e-03
4.465000011197298516e-03 3.333333258827527075e-03
4.466000011194773758e-03 2.833333270003398057e-03
4.467000011192249001e-03 4.041666576328376698e-03
4.468000011189724244e-03 1.833333292355140021e-03
4.469000011187199486e-03 3.416666590298215751e-03
4.470000011184674729e-03 2.249999949708581231e-03
4.471000011182149972e-03 3.458333256033559438e-03
4.472000011179625215e-03 3.416666590298215751e-03
4.473000011177100457e-03 3.166666595886151025e-03
4.474000011174575700e-03 3.249999927356839267e-03
4.475000011172050943e-03 3.999999910593033010e-03
4.476000011169526185e-03 3.458333256033559438e-03
4.477000011167001428e-03 3.041666598680118662e-03
4.478000011164476671e-03 3.458333256033559438e-03
4.479000011161951914e-03 3.166666595886151025e-03
4.480000011159427156e-03 2.333333281179269039e-03
4.481000011156902399e-03 3.416666590298215751e-03
4.482000011154377642e-03 3.249999927356839267e-03
4.483000011151852884e-03 3.166666595886151025e-03
4.484000011149328127e-03 2.624999941326677886e-03
4.485000011146803370e-03 2.624999941326677886e-03
4.486000011144278612e-03 3.666666584710280043e-03
4.487000011141753855e-03 3.124999930150806904e-03
4.488000011139229098e-03 1.999999955296516505e-03
4.489000011136704341e-03 2.708333272797365694e-03
4.490000011134179583e-03 3.749999916180968285e-03
4.491000011131654826e-03 2.249999949708581231e-03
4.492000011129130069e-03 2.708333272797365694e-03
4.493000011126605311e-03 3.208333261621495146e-03
4.494000011124080554e-03 3.499999921768903559e-03
4.495000011121555797e-03 3.624999918974935922e-03
4.496000011119031040e-03 2.499999944120645523e-03
4.497000011116506282e-03 2.208333283973236676e-03
4.498000011113981525e-03 3.249999927356839267e-03
4.499000011111456768e-03 3.541666587504248113e-03
4.500000011108932010e-03 2.541666609855989644e-03
4.501000011106407253e-03 3.416666590298215751e-03
4.502000011103882496e-03 2.916666601474086733e-03
4.503000011101357739e-03 3.624999918974935922e-03
4.504000011098832981e-03 3.249999927356839267e-03
4.505000011096308224e-03 3.249999927356839267e-03
4.506000011093783467e-03 2.958333267209430420e-03
4.507000011091258709e-03 3.999999910593033010e-03
4.508000011088733952e-03 3.124999930150806904e-03
4.509000011086209195e-03 2.333333281179269039e-03
4.510000011083684437e-03 2.833333270003398057e-03
4.511000011081159680e-03 2.999999932944774541e-03
4.512000011078634923e-03 4.124999907799064940e-03
4.513000011076110166e-03 3.833333247651656527e-03
4.514000011073585408e-03 1.916666623825828263e-03
4.515000011071060651e-03 2.916666601474086733e-03
4.516000011068535894e-03 3.916666579122344768e-03
4.517000011066011136e-03 2.416666612649957281e-03
4.518000011063486379e-03 2.833333270003398057e-03
4.519000011060961622e-03 2.583333275591333765e-03
4.520000011058436865e-03 2.874999935738742178e-03
4.521000011055912107e-03 3.124999930150806904e-03
4.522000011053387350e-03 2.083333286767204747e-03
4.523000011050862593e-03 3.874999913387000647e-03
4.524000011048337835e-03 4.124999907799064940e-03
4.525000011045813078e-03 3.833333247651656527e-03
4.526000011043288321e-03 2.708333272797365694e-03
4.527000011040763564e-03 2.791666604268054370e-03
4.528000011038238806e-03 3.833333247651656527e-03
4.529000011035714049e-03 3.541666587504248113e-03
4.530000011033189292e-03 2.749999938532710249e-03
4.531000011030664534e-03 2.999999932944774541e-03
4.532000011028139777e-03 3.458333256033559438e-03
4.533000011025615020e-03 2.666666607062022007e-03
4.534000011023090262e-03 2.249999949708581231e-03
4.535000011020565505e-03 4.833333225299914562e-03
4.536000011018040748e-03 2.874999935738742178e-03
4.537000011015515991e-03 2.374999946914613160e-03
4.538000011012991233e-03 2.458333278385301402e-03
4.539000011010466476e-03 3.124999930150806904e-03
4.540000011007941719e-03 3.583333253239591801e-03
4.541000011005416961e-03 3.499999921768903559e-03
4.542000011002892204e-03 3.124999930150806904e-03
4.543000011000367447e-03 2.874999935738742178e-03
4.544000010997842690e-03 2.749999938532710249e-03
4.545000010995317932e-03 3.749999916180968285e-03
4.546000010992793175e-03 4.083333242063721252e-03
4.547000010990268418e-03 2.791666604268054370e-03
4.548000010987743660e-03 3.291666593092183388e-03
4.549000010985218903e-03 4.583333230887849837e-03
4.550000010982694146e-03 3.624999918974935922e-03
4.551000010980169388e-03 3.166666595886151025e-03
4.552000010977644631e-03 3.041666598680118662e-03
4.553000010975119874e-03 3.083333264415462783e-03
4.554000010972595117e-03 2.624999941326677886e-03
4.555000010970070359e-03 3.583333253239591801e-03
4.556000010967545602e-03 3.416666590298215751e-03
4.557000010965020845e-03 3.291666593092183388e-03
4.558000010962496087e-03 2.249999949708581231e-03
4.559000010959971330e-03 2.916666601474086733e-03
4.560000010957446573e-03 3.166666595886151025e-03
4.561000010954921816e-03 2.416666612649957281e-03
4.562000010952397058e-03 3.708333250445624164e-03
4.563000010949872301e-03 3.374999924562871630e-03
4.564000010947347544e-03 3.416666590298215751e-03
4.565000010944822786e-03 3.791666581916312406e-03
4.566000010942298029e-03 3.208333261621495146e-03
4.567000010939773272e-03 2.916666601474086733e-03
4.568000010937248515e-03 3.583333253239591801e-03
4.569000010934723757e-03 2.833333270003398057e-03
4.570000010932199000e-03 2.833333270003398057e-03
4.571000010929674243e-03 3.499999921768903559e-03
4.572000010927149485e-03 2.666666607062022007e-03
4.573000010924624728e-03 3.374999924562871630e-03
4.574000010922099971e-03 3.124999930150806904e-03
4.575000010919575213e-03 2.999999932944774541e-03
4.576000010917050456e-03 3.166666595886151025e-03
4.577000010914525699e-03 2.666666607062022007e-03
4.578000010912000942e-03 3.583333253239591801e-03
4.579000010909476184e-03 3.874999913387000647e-03
4.580000010906951427e-03 2.833333270003398057e-03
4.581000010904426670e-03 2.999999932944774541e-03
4.582000010901901912e-03 2.916666601474086733e-03
4.583000010899377155e-03 4.124999907799064940e-03
4.584000010896852398e-03 3.583333253239591801e-03
4.585000010894327641e-03 3.291666593092183388e-03
4.586000010891802883e-03 2.874999935738742178e-03
4.587000010889278126e-03 2.916666601474086733e-03
4.588000010886753369e-03 2.499999944120645523e-03
4.589000010884228611e-03 4.416666567946473353e-03
4.590000010881703854e-03 3.333333258827527075e-03
4.591000010879179097e-03 3.458333256033559438e-03
4.592000010876654340e-03 2.124999952502548434e-03
4.593000010874129582e-03 3.458333256033559438e-03
4.594000010871604825e-03 4.208333239269753182e-03
4.595000010869080068e-03 3.374999924562871630e-03
4.596000010866555310e-03 3.458333256033559438e-03
4.597000010864030553e-03 3.624999918974935922e-03
4.598000010861505796e-03 3.583333253239591801e-03
4.599000010858981038e-03 3.124999930150806904e-03
4.600000010856456281e-03 3.166666595886151025e-03
4.601000010853931524e-03 3.333333258827527075e-03
4.602000010851406767e-03 3.208333261621495146e-03
4.603000010848882009e-03 2.124999952502548434e-03
4.604000010846357252e-03 3.916666579122344768e-03
4.605000010843832495e-03 3.499999921768903559e-03
4.606000010841307737e-03 3.083333264415462783e-03
4.607000010838782980e-03 3.416666590298215751e-03
4.608000010836258223e-03 2.333333281179269039e-03
4.609000010833733466e-03 2.958333267209430420e-03
4.610000010831208708e-03 2.999999932944774541e-03
4.611000010828683951e-03 3.249999927356839267e-03
4.612000010826159194e-03 3.499999921768903559e-03
4.613000010823634436e-03 1.624999963678419633e-03
4.614000010821109679e-03 2.874999935738742178e-03
4.615000010818584922e-03 3.124999930150806904e-03
4.616000010816060165e-03 3.416666590298215751e-03
4.617000010813535407e-03 2.916666601474086733e-03
4.618000010811010650e-03 2.874999935738742178e-03
4.619000010808485893e-03 2.041666621031860626e-03
4.620000010805961135e-03 2.749999938532710249e-03
4.621000010803436378e-03 3.499999921768903559e-03
4.622000010800911621e-03 3.041666598680118662e-03
4.623000010798386863e-03 3.124999930150806904e-03
4.624000010795862106e-03 3.333333258827527075e-03
4.625000010793337349e-03 2.416666612649957281e-03
4.626000010790812592e-03 3.416666590298215751e-03
4.627000010788287834e-03 2.249999949708581231e-03
4.628000010785763077e-03 2.999999932944774541e-03
4.629000010783238320e-03 1.999999955296516505e-03
4.630000010780713562e-03 3.208333261621495146e-03
4.631000010778188805e-03 3.916666579122344768e-03
4.632000010775664048e-03 3.249999927356839267e-03
4.633000010773139291e-03 2.541666609855989644e-03
4.634000010770614533e-03 3.458333256033559438e-03
4.635000010768089776e-03 3.583333253239591801e-03
4.636000010765565019e-03 3.041666598680118662e-03
4.637000010763040261e-03 3.874999913387000647e-03
4.638000010760515504e-03 3.708333250445624164e-03
4.639000010757990747e-03 3.666666584710280043e-03
4.640000010755465989e-03 4.041666576328376698e-03
4.641000010752941232e-03 3.291666593092183388e-03
4.642000010750416475e-03 2.416666612649957281e-03
4.643000010747891718e-03 2.624999941326677886e-03
4.644000010745366960e-03 3.249999927356839267e-03
4.645000010742842203e-03 3.666666584710280043e-03
4.646000010740317446e-03 3.666666584710280043e-03
4.647000010737792688e-03 2.708333272797365694e-03
4.648000010735267931e-03 3.291666593092183388e-03
4.649000010732743174e-03 3.791666581916312406e-03
4.650000010730218417e-03 3.624999918974935922e-03
4.651000010727693659e-03 3.333333258827527075e-03
4.652000010725168902e-03 3.416666590298215751e-03
4.653000010722644145e-03 2.958333267209430420e-03
4.654000010720119387e-03 3.708333250445624164e-03
4.655000010717594630e-03 2.916666601474086733e-03
4.656000010715069873e-03 3.583333253239591801e-03
4.657000010712545116e-03 2.916666601474086733e-03
4.658000010710020358e-03 3.666666584710280043e-03
4.659000010707495601e-03 3.791666581916312406e-03
4.660000010704970844e-03 3.624999918974935922e-03
4.661000010702446086e-03 3.458333256033559438e-03
4.662000010699921329e-03 3.583333253239591801e-03
4.663000010697396572e-03 2.999999932944774541e-03
4.664000010694871814e-03 3.208333261621495146e-03
4.665000010692347057e-03 4.291666570740441423e-03
4.666000010689822300e-03 3.041666598680118662e-03
4.667000010687297543e-03 3.708333250445624164e-03
4.668000010684772785e-03 3.291666593092183388e-03
4.669000010682248028e-03 2.916666601474086733e-03
4.670000010679723271e-03 3.374999924562871630e-03
4.671000010677198513e-03 3.749999916180968285e-03
4.672000010674673756e-03 2.374999946914613160e-03
4.673000010672148999e-03 3.374999924562871630e-03
4.674000010669624242e-03 2.999999932944774541e-03
4.675000010667099484e-03 3.083333264415462783e-03
4.676000010664574727e-03 3.791666581916312406e-03
4.677000010662049970e-03 3.624999918974935922e-03
4.678000010659525212e-03 2.916666601474086733e-03
4.679000010657000455e-03 4.083333242063721252e-03
4.680000010654475698e-03 3.083333264415462783e-03
4.681000010651950941e-03 2.374999946914613160e-03
4.682000010649426183e-03 2.874999935738742178e-03
4.683000010646901426e-03 3.541666587504248113e-03
4.684000010644376669e-03 2.791666604268054370e-03
4.685000010641851911e-03 2.291666615443924918e-03
4.686000010639327154e-03 2.999999932944774541e-03
4.687000010636802397e-03 3.124999930150806904e-03
4.688000010634277639e-03 2.749999938532710249e-03
4.689000010631752882e-03 3.208333261621495146e-03
4.690000010629228125e-03 3.499999921768903559e-03
4.691000010626703368e-03 3.624999918974935922e-03
4.692000010624178610e-03 3.374999924562871630e-03
4.693000010621653853e-03 3.208333261621495146e-03
4.694000010619129096e-03 3.374999924562871630e-03
4.695000010616604338e-03 3.416666590298215751e-03
4.696000010614079581e-03 2.083333286767204747e-03
4.697000010611554824e-03 3.374999924562871630e-03
4.698000010609030067e-03 3.708333250445624164e-03
4.699000010606505309e-03 4.041666576328376698e-03
4.700000010603980552e-03 4.041666576328376698e-03
4.701000010601455795e-03 3.874999913387000647e-03
4.702000010598931037e-03 2.999999932944774541e-03
4.703000010596406280e-03 3.624999918974935922e-03
4.704000010593881523e-03 3.083333264415462783e-03
4.705000010591356766e-03 3.083333264415462783e-03
4.706000010588832008e-03 3.291666593092183388e-03
4.707000010586307251e-03 3.958333244857688456e-03
4.708000010583782494e-03 2.374999946914613160e-03
4.709000010581257736e-03 3.374999924562871630e-03
4.710000010578732979e-03 2.124999952502548434e-03
4.711000010576208222e-03 3.249999927356839267e-03
4.712000010573683464e-03 3.666666584710280043e-03
4.713000010571158707e-03 2.499999944120645523e-03
4.714000010568633950e-03 3.166666595886151025e-03
4.715000010566109193e-03 2.916666601474086733e-03
4.716000010563584435e-03 4.458333233681817907e-03
4.717000010561059678e-03 2.958333267209430420e-03
4.718000010558534921e-03 3.374999924562871630e-03
4.719000010556010163e-03 2.958333267209430420e-03
4.720000010553485406e-03 2.708333272797365694e-03
4.721000010550960649e-03 2.958333267209430420e-03
4.722000010548435892e-03 3.374999924562871630e-03
4.723000010545911134e-03 3.749999916180968285e-03
4.724000010543386377e-03 2.791666604268054370e-03
4.725000010540861620e-03 2.708333272797365694e-03
4.726000010538336862e-03 2.916666601474086733e-03
4.727000010535812105e-03 3.208333261621495146e-03
4.728000010533287348e-03 3.291666593092183388e-03
4.729000010530762590e-03 3.374999924562871630e-03
4.730000010528237833e-03 4.083333242063721252e-03
4.731000010525713076e-03 2.416666612649957281e-03
4.732000010523188319e-03 2.791666604268054370e-03
4.733000010520663561e-03 2.708333272797365694e-03
4.734000010518138804e-03 2.958333267209430420e-03
4.735000010515614047e-03 3.083333264415462783e-03
4.736000010513089289e-03 2.291666615443924918e-03
4.737000010510564532e-03 3.999999910593033010e-03
4.738000010508039775e-03 3.249999927356839267e-03
4.739000010505515018e-03 3.208333261621495146e-03
4.740000010502990260e-03 3.083333264415462783e-03
4.741000010500465503e-03 3.333333258827527075e-03
4.742000010497940746e-03 3.291666593092183388e-03
4.743000010495415988e-03 3.249999927356839267e-03
4.744000010492891231e-03 3.916666579122344768e-03
4.745000010490366474e-03 4.166666573534409494e-03
4.746000010487841717e-03 3.874999913387000647e-03
4.747000010485316959e-03 2.708333272797365694e-03
4.748000010482792202e-03 3.499999921768903559e-03
4.749000010480267445e-03 4.291666570740441423e-03
4.750000010477742687e-03 2.916666601474086733e-03
4.751000010475217930e-03 3.666666584710280043e-03
4.752000010472693173e-03 2.833333270003398057e-03
4.753000010470168415e-03 5.624999874271452427e-03
4.754000010467643658e-03 2.708333272797365694e-03
4.755000010465118901e-03 2.874999935738742178e-03
4.756000010462594144e-03 3.458333256033559438e-03
4.757000010460069386e-03 2.416666612649957281e-03
4.758000010457544629e-03 3.083333264415462783e-03
4.759000010455019872e-03 3.416666590298215751e-03
4.760000010452495114e-03 3.291666593092183388e-03
4.761000010449970357e-03 3.333333258827527075e-03
4.762000010447445600e-03 3.874999913387000647e-03
4.763000010444920843e-03 2.916666601474086733e-03
4.764000010442396085e-03 3.416666590298215751e-03
4.765000010439871328e-03 3.666666584710280043e-03
4.766000010437346571e-03 2.874999935738742178e-03
4.767000010434821813e-03 3.374999924562871630e-03
4.768000010432297056e-03 3.999999910593033010e-03
4.769000010429772299e-03 3.666666584710280043e-03
4.770000010427247542e-03 2.999999932944774541e-03
4.771000010424722784e-03 3.916666579122344768e-03
4.772000010422198027e-03 1.791666626619795900e-03
4.773000010419673270e-03 2.666666607062022007e-03
4.774000010417148512e-03 3.166666595886151025e-03
4.775000010414623755e-03 2.833333270003398057e-03
4.776000010412098998e-03 3.499999921768903559e-03
4.777000010409574240e-03 3.374999924562871630e-03
4.778000010407049483e-03 2.666666607062022007e-03
4.779000010404524726e-03 2.416666612649957281e-03
4.780000010401999969e-03 2.958333267209430420e-03
4.781000010399475211e-03 3.624999918974935922e-03
4.782000010396950454e-03 3.833333247651656527e-03
4.783000010394425697e-03 4.666666562358538078e-03
4.784000010391900939e-03 1.708333295149107875e-03
4.785000010389376182e-03 3.124999930150806904e-03
4.786000010386851425e-03 1.833333292355140021e-03
4.787000010384326668e-03 3.958333244857688456e-03
4.788000010381801910e-03 3.999999910593033010e-03
4.789000010379277153e-03 4.333333236475785978e-03
4.790000010376752396e-03 3.291666593092183388e-03
4.791000010374227638e-03 3.208333261621495146e-03
4.792000010371702881e-03 3.083333264415462783e-03
4.793000010369178124e-03 2.749999938532710249e-03
4.794000010366653367e-03 3.833333247651656527e-03
4.795000010364128609e-03 2.374999946914613160e-03
4.796000010361603852e-03 2.749999938532710249e-03
4.797000010359079095e-03 2.791666604268054370e-03
4.798000010356554337e-03 2.708333272797365694e-03
4.799000010354029580e-03 3.374999924562871630e-03
4.800000010351504823e-03 3.416666590298215751e-03
4.801000010348980065e-03 3.041666598680118662e-03
4.802000010346455308e-03 3.999999910593033010e-03
4.803000010343930551e-03 3.208333261621495146e-03
4.804000010341405794e-03 4.124999907799064940e-03
4.805000010338881036e-03 3.166666595886151025e-03
4.806000010336356279e-03 2.916666601474086733e-03
4.807000010333831522e-03 3.041666598680118662e-03
4.808000010331306764e-03 3.374999924562871630e-03
4.809000010328782007e-03 3.333333258827527075e-03
4.810000010326257250e-03 2.874999935738742178e-03
4.811000010323732493e-03 4.499999899417162462e-03
4.812000010321207735e-03 3.458333256033559438e-03
4.813000010318682978e-03 2.624999941326677886e-03
4.814000010316158221e-03 2.583333275591333765e-03
4.815000010313633463e-03 3.083333264415462783e-03
4.816000010311108706e-03 3.833333247651656527e-03
4.817000010308583949e-03 3.291666593092183388e-03
4.818000010306059192e-03 2.583333275591333765e-03
4.819000010303534434e-03 2.958333267209430420e-03
4.820000010301009677e-03 3.416666590298215751e-03
4.821000010298484920e-03 3.541666587504248113e-03
4.822000010295960162e-03 2.499999944120645523e-03
4.823000010293435405e-03 3.416666590298215751e-03
4.824000010290910648e-03 3.958333244857688456e-03
4.825000010288385890e-03 3.749999916180968285e-03
4.826000010285861133e-03 3.333333258827527075e-03
4.827000010283336376e-03 3.249999927356839267e-03
4.828000010280811619e-03 3.208333261621495146e-03
4.829000010278286861e-03 2.791666604268054370e-03
4.830000010275762104e-03 4.374999902211129665e-03
4.831000010273237347e-03 3.499999921768903559e-03
4.832000010270712589e-03 3.541666587504248113e-03
4.833000010268187832e-03 2.666666607062022007e-03
4.834000010265663075e-03 2.666666607062022007e-03
4.835000010263138318e-03 1.624999963678419633e-03
4.836000010260613560e-03 3.833333247651656527e-03
4.837000010258088803e-03 3.333333258827527075e-03
4.838000010255564046e-03 2.958333267209430420e-03
4.839000010253039288e-03 3.333333258827527075e-03
4.840000010250514531e-03 3.666666584710280043e-03
4.841000010247989774e-03 3.041666598680118662e-03
4.842000010245465016e-03 3.458333256033559438e-03
4.843000010242940259e-03 2.999999932944774541e-03
4.844000010240415502e-03 3.583333253239591801e-03
4.845000010237890745e-03 2.999999932944774541e-03
4.846000010235365987e-03 3.666666584710280043e-03
4.847000010232841230e-03 3.041666598680118662e-03
4.848000010230316473e-03 3.499999921768903559e-03
4.849000010227791715e-03 3.208333261621495146e-03
4.850000010225266958e-03 3.583333253239591801e-03
4.851000010222742201e-03 4.624999896623194391e-03
4.852000010220217444e-03 2.666666607062022007e-03
4.853000010217692686e-03 2.374999946914613160e-03
4.854000010215167929e-03 3.041666598680118662e-03
4.855000010212643172e-03 3.791666581916312406e-03
4.856000010210118414e-03 4.458333233681817907e-03
4.857000010207593657e-03 3.749999916180968285e-03
4.858000010205068900e-03 3.958333244857688456e-03
4.859000010202544143e-03 2.916666601474086733e-03
4.860000010200019385e-03 2.999999932944774541e-03
4.861000010197494628e-03 3.291666593092183388e-03
4.862000010194969871e-03 3.041666598680118662e-03
4.863000010192445113e-03 3.208333261621495146e-03
4.864000010189920356e-03 3.041666598680118662e-03
4.865000010187395599e-03 3.416666590298215751e-03
4.866000010184870841e-03 2.874999935738742178e-03
4.867000010182346084e-03 2.999999932944774541e-03
4.868000010179821327e-03 3.041666598680118662e-03
4.869000010177296570e-03 3.499999921768903559e-03
4.870000010174771812e-03 3.166666595886151025e-03
4.871000010172247055e-03 3.416666590298215751e-03
4.872000010169722298e-03 1.374999969266355124e-03
4.873000010167197540e-03 3.124999930150806904e-03
4.874000010164672783e-03 3.958333244857688456e-03
4.875000010162148026e-03 2.708333272797365694e-03
4.876000010159623269e-03 2.958333267209430420e-03
4.877000010157098511e-03 3.541666587504248113e-03
4.878000010154573754e-03 3.541666587504248113e-03
4.879000010152048997e-03 3.666666584710280043e-03
4.880000010149524239e-03 2.833333270003398057e-03
4.881000010146999482e-03 2.624999941326677886e-03
4.882000010144474725e-03 2.791666604268054370e-03
4.883000010141949968e-03 2.916666601474086733e-03
4.884000010139425210e-03 3.874999913387000647e-03
4.885000010136900453e-03 3.541666587504248113e-03
4.886000010134375696e-03 2.749999938532710249e-03
4.887000010131850938e-03 3.124999930150806904e-03
4.888000010129326181e-03 3.541666587504248113e-03
4.889000010126801424e-03 3.291666593092183388e-03
4.890000010124276666e-03 3.166666595886151025e-03
4.891000010121751909e-03 3.166666595886151025e-03
4.892000010119227152e-03 3.624999918974935922e-03
4.893000010116702395e-03 3.166666595886151025e-03
4.894000010114177637e-03 2.291666615443924918e-03
4.895000010111652880e-03 3.749999916180968285e-03
4.896000010109128123e-03 3.916666579122344768e-03
4.897000010106603365e-03 3.916666579122344768e-03
4.898000010104078608e-03 3.499999921768903559e-03
4.899000010101553851e-03 4.041666576328376698e-03
4.900000010099029094e-03 2.999999932944774541e-03
4.901000010096504336e-03 3.291666593092183388e-03
4.902000010093979579e-03 2.916666601474086733e-03
4.903000010091454822e-03 2.249999949708581231e-03
4.904000010088930064e-03 2.541666609855989644e-03
4.905000010086405307e-03 3.874999913387000647e-03
4.906000010083880550e-03 2.708333272797365694e-03
4.907000010081355793e-03 3.583333253239591801e-03
4.908000010078831035e-03 3.124999930150806904e-03
4.909000010076306278e-03 3.499999921768903559e-03
4.910000010073781521e-03 3.708333250445624164e-03
4.911000010071256763e-03 2.416666612649957281e-03
4.912000010068732006e-03 2.624999941326677886e-03
4.913000010066207249e-03 2.499999944120645523e-03
4.914000010063682491e-03 3.708333250445624164e-03
4.915000010061157734e-03 3.333333258827527075e-03
4.916000010058632977e-03 3.624999918974935922e-03
4.917000010056108220e-03 3.333333258827527075e-03
4.918000010053583462e-03 3.374999924562871630e-03
4.919000010051058705e-03 4.041666576328376698e-03
4.920000010048533948e-03 2.666666607062022007e-03
4.921000010046009190e-03 3.374999924562871630e-03
4.922000010043484433e-03 2.208333283973236676e-03
4.923000010040959676e-03 3.374999924562871630e-03
4.924000010038434919e-03 3.249999927356839267e-03
4.925000010035910161e-03 3.249999927356839267e-03
4.926000010033385404e-03 3.333333258827527075e-03
4.927000010030860647e-03 2.708333272797365694e-03
4.928000010028335889e-03 3.708333250445624164e-03
4.929000010025811132e-03 3.749999916180968285e-03
4.930000010023286375e-03 3.041666598680118662e-03
4.931000010020761617e-03 2.333333281179269039e-03
4.932000010018236860e-03 2.499999944120645523e-03
4.933000010015712103e-03 3.666666584710280043e-03
4.934000010013187346e-03 3.541666587504248113e-03
4.935000010010662588e-03 3.333333258827527075e-03
4.936000010008137831e-03 4.083333242063721252e-03
4.937000010005613074e-03 4.999999888241291046e-03
4.938000010003088316e-03 3.583333253239591801e-03
4.939000010000563559e-03 2.916666601474086733e-03
4.940000009998038802e-03 3.458333256033559438e-03
4.941000009995514045e-03 2.874999935738742178e-03
4.942000009992989287e-03 3.666666584710280043e-03
4.943000009990464530e-03 3.166666595886151025e-03
4.944000009987939773e-03 2.583333275591333765e-03
4.945000009985415015e-03 2.958333267209430420e-03
4.946000009982890258e-03 4.416666567946473353e-03
4.947000009980365501e-03 2.958333267209430420e-03
4.948000009977840744e-03 2.833333270003398057e-03
4.949000009975315986e-03 3.249999927356839267e-03
4.950000009972791229e-03 3.124999930150806904e-03
4.951000009970266472e-03 3.333333258827527075e-03
4.952000009967741714e-03 3.666666584710280043e-03
4.953000009965216957e-03 3.249999927356839267e-03
4.954000009962692200e-03 4.166666573534409494e-03
4.955000009960167442e-03 2.999999932944774541e-03
4.956000009957642685e-03 3.208333261621495146e-03
4.957000009955117928e-03 3.249999927356839267e-03
4.958000009952593171e-03 3.874999913387000647e-03
4.959000009950068413e-03 3.583333253239591801e-03
4.960000009947543656e-03 3.624999918974935922e-03
4.961000009945018899e-03 2.999999932944774541e-03
4.962000009942494141e-03 3.499999921768903559e-03
4.963000009939969384e-03 3.749999916180968285e-03
4.964000009937444627e-03 3.583333253239591801e-03
4.965000009934919870e-03 2.791666604268054370e-03
4.966000009932395112e-03 3.833333247651656527e-03
4.967000009929870355e-03 2.291666615443924918e-03
4.968000009927345598e-03 2.833333270003398057e-03
4.969000009924820840e-03 1.874999958090484142e-03
4.970000009922296083e-03 3.499999921768903559e-03
4.971000009919771326e-03 2.999999932944774541e-03
4.972000009917246569e-03 2.416666612649957281e-03
4.973000009914721811e-03 2.833333270003398057e-03
4.974000009912197054e-03 3.374999924562871630e-03
4.975000009909672297e-03 2.666666607062022007e-03
4.976000009907147539e-03 2.458333278385301402e-03
4.977000009904622782e-03 2.416666612649957281e-03
4.978000009902098025e-03 3.333333258827527075e-03
4.979000009899573267e-03 3.666666584710280043e-03
4.980000009897048510e-03 2.833333270003398057e-03
4.981000009894523753e-03 3.374999924562871630e-03
4.982000009891998996e-03 2.291666615443924918e-03
4.983000009889474238e-03 2.999999932944774541e-03
4.984000009886949481e-03 3.833333247651656527e-03
4.985000009884424724e-03 2.708333272797365694e-03
4.986000009881899966e-03 3.749999916180968285e-03
4.987000009879375209e-03 3.833333247651656527e-03
4.988000009876850452e-03 3.124999930150806904e-03
4.989000009874325695e-03 4.249999905005096869e-03
4.990000009871800937e-03 3.333333258827527075e-03
4.991000009869276180e-03 3.708333250445624164e-03
4.992000009866751423e-03 3.333333258827527075e-03
4.993000009864226665e-03 2.624999941326677886e-03
4.994000009861701908e-03 2.999999932944774541e-03
4.995000009859177151e-03 3.624999918974935922e-03
4.996000009856652394e-03 2.999999932944774541e-03
4.997000009854127636e-03 3.708333250445624164e-03
4.998000009851602879e-03 3.749999916180968285e-03
4.999000009849078122e-03 3.958333244857688456e-03
5.000000009846553364e-03 2.958333267209430420e-03
5.001000009844028607e-03 2.999999932944774541e-03
5.002000009841503850e-03 3.166666595886151025e-03
5.003000009838979092e-03 4.249999905005096869e-03
5.004000009836454335e-03 3.208333261621495146e-03
5.005000009833929578e-03 3.916666579122344768e-03
5.006000009831404821e-03 3.208333261621495146e-03
5.007000009828880063e-03 3.249999927356839267e-03
5.008000009826355306e-03 2.624999941326677886e-03
5.009000009823830549e-03 3.624999918974935922e-03
5.010000009821305791e-03 3.291666593092183388e-03
5.011000009818781034e-03 2.791666604268054370e-03
5.012000009816256277e-03 3.249999927356839267e-03
5.013000009813731520e-03 2.541666609855989644e-03
5.014000009811206762e-03 4.083333242063721252e-03
5.015000009808682005e-03 3.166666595886151025e-03
5.016000009806157248e-03 3.374999924562871630e-03
5.017000009803632490e-03 1.958333289561172384e-03
5.018000009801107733e-03 3.249999927356839267e-03
5.019000009798582976e-03 2.833333270003398057e-03
5.020000009796058218e-03 3.874999913387000647e-03
5.021000009793533461e-03 2.916666601474086733e-03
5.022000009791008704e-03 1.833333292355140021e-03
5.023000009788483947e-03 3.166666595886151025e-03
5.024000009785959189e-03 3.916666579122344768e-03
5.025000009783434432e-03 2.374999946914613160e-03
5.026000009780909675e-03 2.666666607062022007e-03
5.027000009778384917e-03 3.958333244857688456e-03
5.028000009775860160e-03 2.708333272797365694e-03
5.029000009773335403e-03 2.583333275591333765e-03
5.030000009770810646e-03 2.208333283973236676e-03
5.031000009768285888e-03 2.874999935738742178e-03
5.032000009765761131e-03 2.916666601474086733e-03
5.033000009763236374e-03 3.791666581916312406e-03
5.034000009760711616e-03 2.458333278385301402e-03
5.035000009758186859e-03 1.833333292355140021e-03
5.036000009755662102e-03 3.374999924562871630e-03
5.037000009753137345e-03 2.999999932944774541e-03
5.038000009750612587e-03 3.333333258827527075e-03
5.039000009748087830e-03 2.749999938532710249e-03
5.040000009745563073e-03 2.999999932944774541e-03
5.041000009743038315e-03 2.999999932944774541e-03
5.042000009740513558e-03 3.249999927356839267e-03
5.043000009737988801e-03 3.333333258827527075e-03
5.044000009735464043e-03 1.958333289561172384e-03
5.045000009732939286e-03 3.708333250445624164e-03
5.046000009730414529e-03 2.958333267209430420e-03
5.047000009727889772e-03 2.541666609855989644e-03
5.048000009725365014e-03 2.958333267209430420e-03
5.049000009722840257e-03 2.499999944120645523e-03
5.050000009720315500e-03 4.208333239269753182e-03
5.051000009717790742e-03 3.249999927356839267e-03
5.052000009715265985e-03 2.791666604268054370e-03
5.053000009712741228e-03 3.291666593092183388e-03
5.054000009710216471e-03 3.624999918974935922e-03
5.055000009707691713e-03 3.083333264415462783e-03
5.056000009705166956e-03 2.583333275591333765e-03
5.057000009702642199e-03 3.999999910593033010e-03
5.058000009700117441e-03 3.499999921768903559e-03
5.059000009697592684e-03 3.374999924562871630e-03
5.060000009695067927e-03 3.541666587504248113e-03
5.061000009692543170e-03 2.541666609855989644e-03
5.062000009690018412e-03 3.249999927356839267e-03
5.063000009687493655e-03 3.291666593092183388e-03
5.064000009684968898e-03 3.541666587504248113e-03
5.065000009682444140e-03 4.083333242063721252e-03
5.066000009679919383e-03 4.291666570740441423e-03
5.067000009677394626e-03 3.958333244857688456e-03
5.068000009674869868e-03 2.708333272797365694e-03
5.069000009672345111e-03 2.374999946914613160e-03
5.070000009669820354e-03 3.208333261621495146e-03
5.071000009667295597e-03 3.208333261621495146e-03
5.072000009664770839e-03 2.874999935738742178e-03
5.073000009662246082e-03 2.541666609855989644e-03
5.074000009659721325e-03 2.416666612649957281e-03
5.075000009657196567e-03 3.208333261621495146e-03
5.076000009654671810e-03 2.958333267209430420e-03
5.077000009652147053e-03 3.416666590298215751e-03
5.078000009649622296e-03 3.541666587504248113e-03
5.079000009647097538e-03 3.583333253239591801e-03
5.080000009644572781e-03 2.916666601474086733e-03
5.081000009642048024e-03 3.124999930150806904e-03
5.082000009639523266e-03 3.041666598680118662e-03
5.083000009636998509e-03 2.916666601474086733e-03
5.084000009634473752e-03 4.499999899417162462e-03
5.085000009631948995e-03 3.249999927356839267e-03
5.086000009629424237e-03 3.541666587504248113e-03
5.087000009626899480e-03 2.416666612649957281e-03
5.088000009624374723e-03 3.041666598680118662e-03
5.089000009621849965e-03 2.833333270003398057e-03
5.090000009619325208e-03 3.333333258827527075e-03
5.091000009616800451e-03 4.166666573534409494e-03
5.092000009614275693e-03 2.624999941326677886e-03
5.093000009611750936e-03 3.333333258827527075e-03
5.094000009609226179e-03 3.083333264415462783e-03
5.095000009606701422e-03 3.833333247651656527e-03
5.096000009604176664e-03 3.416666590298215751e-03
5.097000009601651907e-03 3.541666587504248113e-03
5.098000009599127150e-03 3.583333253239591801e-03
5.099000009596602392e-03 3.833333247651656527e-03
5.100000009594077635e-03 3.624999918974935922e-03
5.101000009591552878e-03 3.624999918974935922e-03
5.102000009589028121e-03 2.624999941326677886e-03
5.103000009586503363e-03 4.208333239269753182e-03
5.104000009583978606e-03 3.208333261621495146e-03
5.105000009581453849e-03 4.416666567946473353e-03
5.106000009578929091e-03 3.999999910593033010e-03
5.107000009576404334e-03 4.583333230887849837e-03
5.108000009573879577e-03 2.874999935738742178e-03
5.109000009571354819e-03 2.958333267209430420e-03
5.110000009568830062e-03 4.083333242063721252e-03
5.111000009566305305e-03 3.874999913387000647e-03
5.112000009563780548e-03 3.333333258827527075e-03
5.113000009561255790e-03 3.499999921768903559e-03
5.114000009558731033e-03 3.749999916180968285e-03
5.115000009556206276e-03 3.708333250445624164e-03
5.116000009553681518e-03 3.999999910593033010e-03
5.117000009551156761e-03 3.374999924562871630e-03
5.118000009548632004e-03 3.416666590298215751e-03
5.119000009546107247e-03 3.541666587504248113e-03
5.120000009543582489e-03 3.791666581916312406e-03
5.121000009541057732e-03 3.916666579122344768e-03
5.122000009538532975e-03 3.708333250445624164e-03
5.123000009536008217e-03 2.833333270003398057e-03
5.124000009533483460e-03 3.166666595886151025e-03
5.125000009530958703e-03 1.791666626619795900e-03
5.126000009528433946e-03 2.208333283973236676e-03
5.127000009525909188e-03 3.333333258827527075e-03
5.128000009523384431e-03 2.999999932944774541e-03
5.129000009520859674e-03 3.749999916180968285e-03
5.130000009518334916e-03 2.333333281179269039e-03
5.131000009515810159e-03 3.833333247651656527e-03
5.132000009513285402e-03 4.083333242063721252e-03
5.133000009510760644e-03 3.083333264415462783e-03
5.134000009508235887e-03 3.916666579122344768e-03
5.135000009505711130e-03 3.374999924562871630e-03
5.136000009503186373e-03 3.208333261621495146e-03
5.137000009500661615e-03 2.291666615443924918e-03
5.138000009498136858e-03 2.416666612649957281e-03
5.139000009495612101e-03 3.374999924562871630e-03
5.140000009493087343e-03 3.333333258827527075e-03
5.141000009490562586e-03 4.791666559564570875e-03
5.142000009488037829e-03 2.958333267209430420e-03
5.143000009485513072e-03 2.749999938532710249e-03
5.144000009482988314e-03 2.999999932944774541e-03
5.145000009480463557e-03 2.291666615443924918e-03
5.146000009477938800e-03 3.083333264415462783e-03
5.147000009475414042e-03 3.208333261621495146e-03
5.148000009472889285e-03 3.249999927356839267e-03
5.149000009470364528e-03 2.583333275591333765e-03
5.150000009467839771e-03 2.624999941326677886e-03
5.151000009465315013e-03 4.374999902211129665e-03
5.152000009462790256e-03 2.958333267209430420e-03
5.153000009460265499e-03 2.708333272797365694e-03
5.154000009457740741e-03 3.458333256033559438e-03
5.155000009455215984e-03 3.583333253239591801e-03
5.156000009452691227e-03 4.166666573534409494e-03
5.157000009450166469e-03 3.083333264415462783e-03
5.158000009447641712e-03 3.583333253239591801e-03
5.159000009445116955e-03 3.374999924562871630e-03
5.160000009442592198e-03 3.624999918974935922e-03
5.161000009440067440e-03 4.083333242063721252e-03
5.162000009437542683e-03 2.708333272797365694e-03
5.163000009435017926e-03 3.583333253239591801e-03
5.164000009432493168e-03 4.499999899417162462e-03
5.165000009429968411e-03 3.166666595886151025e-03
5.166000009427443654e-03 3.333333258827527075e-03
5.167000009424918897e-03 3.541666587504248113e-03
5.168000009422394139e-03 2.999999932944774541e-03
5.169000009419869382e-03 3.499999921768903559e-03
5.170000009417344625e-03 2.541666609855989644e-03
5.171000009414819867e-03 4.041666576328376698e-03
5.172000009412295110e-03 3.416666590298215751e-03
5.173000009409770353e-03 2.833333270003398057e-03
5.174000009407245596e-03 4.208333239269753182e-03
5.175000009404720838e-03 4.499999899417162462e-03
5.176000009402196081e-03 3.083333264415462783e-03
5.177000009399671324e-03 3.208333261621495146e-03
5.178000009397146566e-03 2.666666607062022007e-03
5.179000009394621809e-03 3.124999930150806904e-03
5.180000009392097052e-03 2.999999932944774541e-03
5.181000009389572294e-03 3.999999910593033010e-03
5.182000009387047537e-03 3.458333256033559438e-03
5.183000009384522780e-03 2.958333267209430420e-03
5.184000009381998023e-03 3.374999924562871630e-03
5.185000009379473265e-03 3.374999924562871630e-03
5.186000009376948508e-03 3.749999916180968285e-03
5.187000009374423751e-03 3.541666587504248113e-03
5.188000009371898993e-03 3.541666587504248113e-03
5.189000009369374236e-03 3.458333256033559438e-03
5.190000009366849479e-03 3.374999924562871630e-03
5.191000009364324722e-03 3.374999924562871630e-03
5.192000009361799964e-03 2.791666604268054370e-03
5.193000009359275207e-03 3.166666595886151025e-03
5.194000009356750450e-03 3.249999927356839267e-03
5.195000009354225692e-03 2.624999941326677886e-03
5.196000009351700935e-03 3.708333250445624164e-03
5.197000009349176178e-03 4.083333242063721252e-03
5.198000009346651420e-03 2.708333272797365694e-03
5.199000009344126663e-03 2.541666609855989644e-03
5.200000009341601906e-03 3.041666598680118662e-03
5.201000009339077149e-03 3.083333264415462783e-03
5.202000009336552391e-03 3.208333261621495146e-03
5.203000009334027634e-03 3.333333258827527075e-03
5.204000009331502877e-03 3.749999916180968285e-03
5.205000009328978119e-03 4.208333239269753182e-03
5.206000009326453362e-03 3.333333258827527075e-03
5.207000009323928605e-03 3.041666598680118662e-03
5.208000009321403848e-03 3.666666584710280043e-03
5.209000009318879090e-03 4.916666556770602804e-03
5.210000009316354333e-03 3.041666598680118662e-03
5.211000009313829576e-03 3.166666595886151025e-03
5.212000009311304818e-03 4.333333236475785978e-03
5.213000009308780061e-03 3.374999924562871630e-03
5.214000009306255304e-03 3.624999918974935922e-03
5.215000009303730547e-03 2.416666612649957281e-03
5.216000009301205789e-03 3.708333250445624164e-03
5.217000009298681032e-03 3.916666579122344768e-03
5.218000009296156275e-03 3.708333250445624164e-03
5.219000009293631517e-03 3.916666579122344768e-03
5.220000009291106760e-03 3.166666595886151025e-03
5.221000009288582003e-03 3.041666598680118662e-03
5.222000009286057245e-03 4.249999905005096869e-03
5.223000009283532488e-03 3.708333250445624164e-03
5.224000009281007731e-03 2.499999944120645523e-03
5.225000009278482974e-03 3.083333264415462783e-03
5.226000009275958216e-03 3.333333258827527075e-03
5.227000009273433459e-03 3.374999924562871630e-03
5.228000009270908702e-03 3.499999921768903559e-03
5.229000009268383944e-03 3.416666590298215751e-03
5.230000009265859187e-03 3.333333258827527075e-03
5.231000009263334430e-03 2.916666601474086733e-03
5.232000009260809673e-03 3.833333247651656527e-03
5.233000009258284915e-03 3.499999921768903559e-03
5.234000009255760158e-03 3.208333261621495146e-03
5.235000009253235401e-03 3.416666590298215751e-03
5.236000009250710643e-03 3.083333264415462783e-03
5.237000009248185886e-03 3.624999918974935922e-03
5.238000009245661129e-03 2.916666601474086733e-03
5.239000009243136372e-03 3.249999927356839267e-03
5.240000009240611614e-03 3.416666590298215751e-03
5.241000009238086857e-03 3.708333250445624164e-03
5.242000009235562100e-03 3.458333256033559438e-03
5.243000009233037342e-03 3.416666590298215751e-03
5.244000009230512585e-03 3.416666590298215751e-03
5.245000009227987828e-03 3.541666587504248113e-03
5.246000009225463070e-03 3.416666590298215751e-03
5.247000009222938313e-03 3.791666581916312406e-03
5.248000009220413556e-03 3.416666590298215751e-03
5.249000009217888799e-03 4.749999893829226320e-03
5.250000009215364041e-03 4.541666565152506149e-03
5.251000009212839284e-03 2.749999938532710249e-03
5.252000009210314527e-03 2.333333281179269039e-03
5.253000009207789769e-03 3.499999921768903559e-03
5.254000009205265012e-03 3.333333258827527075e-03
5.255000009202740255e-03 3.416666590298215751e-03
5.256000009200215498e-03 2.666666607062022007e-03
5.257000009197690740e-03 3.083333264415462783e-03
5.258000009195165983e-03 3.624999918974935922e-03
5.259000009192641226e-03 3.916666579122344768e-03
5.260000009190116468e-03 3.833333247651656527e-03
5.261000009187591711e-03 3.124999930150806904e-03
5.262000009185066954e-03 3.458333256033559438e-03
5.263000009182542197e-03 3.374999924562871630e-03
5.264000009180017439e-03 3.124999930150806904e-03
5.265000009177492682e-03 3.833333247651656527e-03
5.266000009174967925e-03 3.416666590298215751e-03
5.267000009172443167e-03 3.874999913387000647e-03
5.268000009169918410e-03 4.166666573534409494e-03
5.269000009167393653e-03 2.916666601474086733e-03
5.270000009164868895e-03 4.499999899417162462e-03
5.271000009162344138e-03 4.374999902211129665e-03
5.272000009159819381e-03 3.458333256033559438e-03
5.273000009157294624e-03 3.083333264415462783e-03
5.274000009154769866e-03 3.416666590298215751e-03
5.275000009152245109e-03 3.708333250445624164e-03
5.276000009149720352e-03 2.583333275591333765e-03
5.277000009147195594e-03 2.166666618237892989e-03
5.278000009144670837e-03 3.458333256033559438e-03
5.279000009142146080e-03 3.708333250445624164e-03
5.280000009139621323e-03 3.458333256033559438e-03
5.281000009137096565e-03 3.499999921768903559e-03
5.282000009134571808e-03 4.291666570740441423e-03
5.283000009132047051e-03 3.208333261621495146e-03
5.284000009129522293e-03 4.541666565152506149e-03
5.285000009126997536e-03 3.291666593092183388e-03
5.286000009124472779e-03 3.958333244857688456e-03
5.287000009121948021e-03 2.791666604268054370e-03
5.288000009119423264e-03 2.416666612649957281e-03
5.289000009116898507e-03 3.499999921768903559e-03
5.290000009114373750e-03 3.291666593092183388e-03
5.291000009111848992e-03 2.374999946914613160e-03
5.292000009109324235e-03 3.958333244857688456e-03
5.293000009106799478e-03 3.666666584710280043e-03
5.294000009104274720e-03 2.833333270003398057e-03
5.295000009101749963e-03 3.458333256033559438e-03
5.296000009099225206e-03 4.374999902211129665e-03
5.297000009096700449e-03 3.124999930150806904e-03
5.298000009094175691e-03 3.291666593092183388e-03
5.299000009091650934e-03 3.291666593092183388e-03
5.300000009089126177e-03 2.833333270003398057e-03
5.301000009086601419e-03 2.458333278385301402e-03
5.302000009084076662e-03 3.374999924562871630e-03
5.303000009081551905e-03 4.166666573534409494e-03
5.304000009079027148e-03 3.083333264415462783e-03
5.305000009076502390e-03 2.499999944120645523e-03
5.306000009073977633e-03 2.666666607062022007e-03
5.307000009071452876e-03 3.791666581916312406e-03
5.308000009068928118e-03 2.749999938532710249e-03
5.309000009066403361e-03 3.208333261621495146e-03
5.310000009063878604e-03 3.708333250445624164e-03
5.311000009061353846e-03 3.624999918974935922e-03
5.312000009058829089e-03 3.333333258827527075e-03
5.313000009056304332e-03 2.374999946914613160e-03
5.314000009053779575e-03 3.208333261621495146e-03
5.315000009051254817e-03 4.666666562358538078e-03
5.316000009048730060e-03 3.833333247651656527e-03
5.317000009046205303e-03 3.999999910593033010e-03
5.318000009043680545e-03 3.208333261621495146e-03
5.319000009041155788e-03 2.916666601474086733e-03
5.320000009038631031e-03 4.624999896623194391e-03
5.321000009036106274e-03 3.083333264415462783e-03
5.322000009033581516e-03 3.499999921768903559e-03
5.323000009031056759e-03 2.958333267209430420e-03
5.324000009028532002e-03 3.208333261621495146e-03
5.325000009026007244e-03 3.374999924562871630e-03
5.326000009023482487e-03 3.958333244857688456e-03
5.327000009020957730e-03 2.833333270003398057e-03
5.328000009018432973e-03 3.999999910593033010e-03
5.329000009015908215e-03 2.958333267209430420e-03
5.330000009013383458e-03 2.708333272797365694e-03
5.331000009010858701e-03 3.291666593092183388e-03
5.332000009008333943e-03 3.416666590298215751e-03
5.333000009005809186e-03 3.458333256033559438e-03
5.334000009003284429e-03 3.083333264415462783e-03
5.335000009000759671e-03 2.874999935738742178e-03
5.336000008998234914e-03 3.208333261621495146e-03
5.337000008995710157e-03 3.499999921768903559e-03
5.338000008993185400e-03 4.166666573534409494e-03
5.339000008990660642e-03 2.458333278385301402e-03
5.340000008988135885e-03 2.249999949708581231e-03
5.341000008985611128e-03 4.499999899417162462e-03
5.342000008983086370e-03 4.124999907799064940e-03
5.343000008980561613e-03 4.291666570740441423e-03
5.344000008978036856e-03 3.333333258827527075e-03
5.345000008975512099e-03 2.708333272797365694e-03
5.346000008972987341e-03 3.166666595886151025e-03
5.347000008970462584e-03 3.833333247651656527e-03
5.348000008967937827e-03 3.749999916180968285e-03
5.349000008965413069e-03 4.249999905005096869e-03
5.350000008962888312e-03 2.458333278385301402e-03
5.351000008960363555e-03 3.291666593092183388e-03
5.352000008957838798e-03 2.416666612649957281e-03
5.353000008955314040e-03 2.708333272797365694e-03
5.354000008952789283e-03 3.541666587504248113e-03
5.355000008950264526e-03 3.166666595886151025e-03
5.356000008947739768e-03 3.374999924562871630e-03
5.357000008945215011e-03 2.958333267209430420e-03
5.358000008942690254e-03 3.999999910593033010e-03
5.359000008940165496e-03 3.624999918974935922e-03
5.360000008937640739e-03 2.624999941326677886e-03
5.361000008935115982e-03 2.791666604268054370e-03
5.362000008932591225e-03 3.499999921768903559e-03
5.363000008930066467e-03 2.583333275591333765e-03
5.364000008927541710e-03 3.374999924562871630e-03
5.365000008925016953e-03 3.416666590298215751e-03
5.366000008922492195e-03 3.208333261621495146e-03
5.367000008919967438e-03 3.208333261621495146e-03
5.368000008917442681e-03 4.916666556770602804e-03
5.369000008914917924e-03 3.083333264415462783e-03
5.370000008912393166e-03 4.416666567946473353e-03
5.371000008909868409e-03 3.874999913387000647e-03
5.372000008907343652e-03 2.916666601474086733e-03
5.373000008904818894e-03 3.124999930150806904e-03
5.374000008902294137e-03 3.874999913387000647e-03
5.375000008899769380e-03 2.958333267209430420e-03
5.376000008897244622e-03 2.083333286767204747e-03
5.377000008894719865e-03 3.083333264415462783e-03
5.378000008892195108e-03 3.041666598680118662e-03
5.379000008889670351e-03 3.208333261621495146e-03
5.380000008887145593e-03 2.833333270003398057e-03
5.381000008884620836e-03 3.791666581916312406e-03
5.382000008882096079e-03 3.208333261621495146e-03
5.383000008879571321e-03 3.124999930150806904e-03
5.384000008877046564e-03 3.541666587504248113e-03
5.385000008874521807e-03 2.374999946914613160e-03
5.386000008871997050e-03 3.208333261621495146e-03
5.387000008869472292e-03 2.833333270003398057e-03
5.388000008866947535e-03 2.999999932944774541e-03
5.389000008864422778e-03 2.541666609855989644e-03
5.390000008861898020e-03 2.874999935738742178e-03
5.391000008859373263e-03 3.833333247651656527e-03
5.392000008856848506e-03 3.958333244857688456e-03
5.393000008854323749e-03 4.083333242063721252e-03
5.394000008851798991e-03 3.208333261621495146e-03
5.395000008849274234e-03 3.124999930150806904e-03
5.396000008846749477e-03 2.749999938532710249e-03
5.397000008844224719e-03 2.708333272797365694e-03
5.398000008841699962e-03 3.916666579122344768e-03
5.399000008839175205e-03 3.374999924562871630e-03
5.400000008836650447e-03 2.624999941326677886e-03
5.401000008834125690e-03 3.374999924562871630e-03
5.402000008831600933e-03 3.249999927356839267e-03
5.403000008829076176e-03 3.041666598680118662e-03
5.404000008826551418e-03 2.791666604268054370e-03
5.405000008824026661e-03 3.166666595886151025e-03
5.406000008821501904e-03 2.874999935738742178e-03
5.407000008818977146e-03 2.999999932944774541e-03
5.408000008816452389e-03 1.833333292355140021e-03
5.409000008813927632e-03 2.749999938532710249e-03
5.410000008811402875e-03 3.249999927356839267e-03
5.411000008808878117e-03 3.833333247651656527e-03
5.412000008806353360e-03 2.666666607062022007e-03
5.413000008803828603e-03 3.666666584710280043e-03
5.414000008801303845e-03 2.791666604268054370e-03
5.415000008798779088e-03 3.041666598680118662e-03
5.416000008796254331e-03 2.874999935738742178e-03
5.417000008793729574e-03 4.333333236475785978e-03
5.418000008791204816e-03 4.541666565152506149e-03
5.419000008788680059e-03 2.958333267209430420e-03
5.420000008786155302e-03 3.541666587504248113e-03
5.421000008783630544e-03 4.166666573534409494e-03
5.422000008781105787e-03 3.333333258827527075e-03
5.423000008778581030e-03 1.916666623825828263e-03
5.424000008776056272e-03 3.208333261621495146e-03
5.425000008773531515e-03 3.249999927356839267e-03
5.426000008771006758e-03 3.708333250445624164e-03
5.427000008768482001e-03 3.124999930150806904e-03
5.428000008765957243e-03 3.166666595886151025e-03
5.429000008763432486e-03 4.249999905005096869e-03
5.430000008760907729e-03 3.541666587504248113e-03
5.431000008758382971e-03 3.958333244857688456e-03
5.432000008755858214e-03 2.374999946914613160e-03
5.433000008753333457e-03 4.374999902211129665e-03
5.434000008750808700e-03 3.833333247651656527e-03
5.435000008748283942e-03 2.666666607062022007e-03
5.436000008745759185e-03 2.958333267209430420e-03
5.437000008743234428e-03 3.499999921768903559e-03
5.438000008740709670e-03 4.624999896623194391e-03
5.439000008738184913e-03 4.291666570740441423e-03
5.440000008735660156e-03 3.083333264415462783e-03
5.441000008733135399e-03 3.541666587504248113e-03
5.442000008730610641e-03 3.166666595886151025e-03
5.443000008728085884e-03 3.874999913387000647e-03
5.444000008725561127e-03 3.124999930150806904e-03
5.445000008723036369e-03 3.416666590298215751e-03
5.446000008720511612e-03 4.124999907799064940e-03
5.447000008717986855e-03 3.208333261621495146e-03
5.448000008715462097e-03 3.791666581916312406e-03
5.449000008712937340e-03 2.374999946914613160e-03
5.450000008710412583e-03 3.291666593092183388e-03
5.451000008707887826e-03 2.791666604268054370e-03
5.452000008705363068e-03 2.458333278385301402e-03
5.453000008702838311e-03 4.291666570740441423e-03
5.454000008700313554e-03 3.416666590298215751e-03
5.455000008697788796e-03 3.583333253239591801e-03
5.456000008695264039e-03 2.833333270003398057e-03
5.457000008692739282e-03 2.958333267209430420e-03
5.458000008690214525e-03 3.041666598680118662e-03
5.459000008687689767e-03 3.208333261621495146e-03
5.460000008685165010e-03 3.083333264415462783e-03
5.461000008682640253e-03 1.874999958090484142e-03
5.462000008680115495e-03 2.749999938532710249e-03
5.463000008677590738e-03 4.916666556770602804e-03
5.464000008675065981e-03 3.374999924562871630e-03
5.465000008672541223e-03 2.708333272797365694e-03
5.466000008670016466e-03 3.416666590298215751e-03
5.467000008667491709e-03 3.333333258827527075e-03
5.468000008664966952e-03 2.916666601474086733e-03
5.469000008662442194e-03 3.874999913387000647e-03
5.470000008659917437e-03 3.416666590298215751e-03
5.471000008657392680e-03 3.791666581916312406e-03
5.472000008654867922e-03 3.416666590298215751e-03
5.473000008652343165e-03 4.124999907799064940e-03
5.474000008649818408e-03 2.749999938532710249e-03
5.475000008647293651e-03 3.083333264415462783e-03
5.476000008644768893e-03 3.416666590298215751e-03
5.477000008642244136e-03 3.874999913387000647e-03
5.478000008639719379e-03 2.666666607062022007e-03
5.479000008637194621e-03 3.583333253239591801e-03
5.480000008634669864e-03 3.624999918974935922e-03
5.481000008632145107e-03 2.916666601474086733e-03
5.482000008629620350e-03 3.416666590298215751e-03
5.483000008627095592e-03 3.999999910593033010e-03
5.484000008624570835e-03 3.624999918974935922e-03
5.485000008622046078e-03 2.958333267209430420e-03
5.486000008619521320e-03 4.708333228093882633e-03
5.487000008616996563e-03 3.208333261621495146e-03
5.488000008614471806e-03 2.291666615443924918e-03
5.489000008611947048e-03 3.291666593092183388e-03
5.490000008609422291e-03 3.083333264415462783e-03
5.491000008606897534e-03 3.624999918974935922e-03
5.492000008604372777e-03 3.916666579122344768e-03
5.493000008601848019e-03 3.916666579122344768e-03
5.494000008599323262e-03 3.374999924562871630e-03
5.495000008596798505e-03 4.874999891035258250e-03
5.496000008594273747e-03 2.874999935738742178e-03
5.497000008591748990e-03 3.541666587504248113e-03
5.498000008589224233e-03 3.666666584710280043e-03
5.499000008586699476e-03 3.041666598680118662e-03
5.500000008584174718e-03 2.791666604268054370e-03
5.501000008581649961e-03 4.624999896623194391e-03
5.502000008579125204e-03 4.541666565152506149e-03
5.503000008576600446e-03 2.833333270003398057e-03
5.504000008574075689e-03 3.583333253239591801e-03
5.505000008571550932e-03 3.499999921768903559e-03
5.506000008569026175e-03 3.333333258827527075e-03
5.507000008566501417e-03 3.624999918974935922e-03
5.508000008563976660e-03 2.916666601474086733e-03
5.509000008561451903e-03 3.874999913387000647e-03
5.510000008558927145e-03 3.833333247651656527e-03
5.511000008556402388e-03 3.291666593092183388e-03
5.512000008553877631e-03 3.749999916180968285e-03
5.513000008551352873e-03 3.458333256033559438e-03
5.514000008548828116e-03 3.833333247651656527e-03
5.515000008546303359e-03 2.749999938532710249e-03
5.516000008543778602e-03 2.624999941326677886e-03
5.517000008541253844e-03 3.416666590298215751e-03
5.518000008538729087e-03 4.583333230887849837e-03
5.519000008536204330e-03 4.458333233681817907e-03
5.520000008533679572e-03 2.916666601474086733e-03
5.521000008531154815e-03 4.041666576328376698e-03
5.522000008528630058e-03 4.333333236475785978e-03
5.523000008526105301e-03 3.291666593092183388e-03
5.524000008523580543e-03 2.416666612649957281e-03
5.525000008521055786e-03 3.624999918974935922e-03
5.526000008518531029e-03 4.374999902211129665e-03
5.527000008516006271e-03 3.333333258827527075e-03
5.528000008513481514e-03 3.291666593092183388e-03
5.529000008510956757e-03 3.291666593092183388e-03
5.530000008508432000e-03 3.541666587504248113e-03
5.531000008505907242e-03 3.333333258827527075e-03
5.532000008503382485e-03 3.291666593092183388e-03
5.533000008500857728e-03 3.249999927356839267e-03
5.534000008498332970e-03 3.458333256033559438e-03
5.535000008495808213e-03 3.458333256033559438e-03
5.536000008493283456e-03 2.624999941326677886e-03
5.537000008490758698e-03 3.708333250445624164e-03
5.538000008488233941e-03 3.333333258827527075e-03
5.539000008485709184e-03 2.124999952502548434e-03
5.540000008483184427e-03 3.749999916180968285e-03
5.541000008480659669e-03 2.624999941326677886e-03
5.542000008478134912e-03 4.208333239269753182e-03
5.543000008475610155e-03 3.249999927356839267e-03
5.544000008473085397e-03 3.416666590298215751e-03
5.545000008470560640e-03 2.833333270003398057e-03
5.546000008468035883e-03 2.874999935738742178e-03
5.547000008465511126e-03 3.624999918974935922e-03
5.548000008462986368e-03 3.458333256033559438e-03
5.549000008460461611e-03 3.458333256033559438e-03
5.550000008457936854e-03 3.666666584710280043e-03
5.551000008455412096e-03 4.083333242063721252e-03
5.552000008452887339e-03 4.458333233681817907e-03
5.553000008450362582e-03 4.083333242063721252e-03
5.554000008447837824e-03 3.333333258827527075e-03
5.555000008445313067e-03 2.749999938532710249e-03
5.556000008442788310e-03 3.583333253239591801e-03
5.557000008440263553e-03 2.624999941326677886e-03
5.558000008437738795e-03 3.249999927356839267e-03
5.559000008435214038e-03 3.124999930150806904e-03
5.560000008432689281e-03 2.916666601474086733e-03
5.561000008430164523e-03 3.041666598680118662e-03
5.562000008427639766e-03 3.083333264415462783e-03
5.563000008425115009e-03 2.749999938532710249e-03
5.564000008422590252e-03 2.958333267209430420e-03
5.565000008420065494e-03 3.333333258827527075e-03
5.566000008417540737e-03 3.833333247651656527e-03
5.567000008415015980e-03 3.124999930150806904e-03
5.568000008412491222e-03 3.833333247651656527e-03
5.569000008409966465e-03 2.374999946914613160e-03
5.570000008407441708e-03 4.958333222505947359e-03
5.571000008404916951e-03 2.291666615443924918e-03
5.572000008402392193e-03 2.874999935738742178e-03
5.573000008399867436e-03 3.083333264415462783e-03
5.574000008397342679e-03 3.374999924562871630e-03
5.575000008394817921e-03 2.874999935738742178e-03
5.576000008392293164e-03 3.583333253239591801e-03
5.577000008389768407e-03 2.541666609855989644e-03
5.578000008387243649e-03 2.749999938532710249e-03
5.579000008384718892e-03 3.874999913387000647e-03
5.580000008382194135e-03 4.166666573534409494e-03
5.581000008379669378e-03 3.333333258827527075e-03
5.582000008377144620e-03 3.041666598680118662e-03
5.583000008374619863e-03 3.583333253239591801e-03
5.584000008372095106e-03 3.708333250445624164e-03
5.585000008369570348e-03 3.708333250445624164e-03
5.586000008367045591e-03 2.624999941326677886e-03
5.587000008364520834e-03 3.749999916180968285e-03
5.588000008361996077e-03 3.416666590298215751e-03
5.589000008359471319e-03 2.958333267209430420e-03
5.590000008356946562e-03 4.208333239269753182e-03
5.591000008354421805e-03 3.499999921768903559e-03
5.592000008351897047e-03 2.416666612649957281e-03
5.593000008349372290e-03 3.916666579122344768e-03
5.594000008346847533e-03 3.624999918974935922e-03
5.595000008344322776e-03 3.833333247651656527e-03
5.596000008341798018e-03 2.833333270003398057e-03
5.597000008339273261e-03 2.624999941326677886e-03
5.598000008336748504e-03 3.874999913387000647e-03
5.599000008334223746e-03 2.458333278385301402e-03
5.600000008331698989e-03 3.249999927356839267e-03
5.601000008329174232e-03 2.999999932944774541e-03
5.602000008326649474e-03 4.124999907799064940e-03
5.603000008324124717e-03 3.416666590298215751e-03
5.604000008321599960e-03 2.999999932944774541e-03
5.605000008319075203e-03 4.374999902211129665e-03
5.606000008316550445e-03 1.791666626619795900e-03
5.607000008314025688e-03 2.541666609855989644e-03
5.608000008311500931e-03 3.708333250445624164e-03
5.609000008308976173e-03 3.583333253239591801e-03
5.610000008306451416e-03 2.708333272797365694e-03
5.611000008303926659e-03 3.166666595886151025e-03
5.612000008301401902e-03 3.624999918974935922e-03
5.613000008298877144e-03 3.208333261621495146e-03
5.614000008296352387e-03 3.499999921768903559e-03
5.615000008293827630e-03 2.499999944120645523e-03
5.616000008291302872e-03 3.583333253239591801e-03
5.617000008288778115e-03 3.499999921768903559e-03
5.618000008286253358e-03 3.083333264415462783e-03
5.619000008283728601e-03 2.416666612649957281e-03
5.620000008281203843e-03 2.749999938532710249e-03
5.621000008278679086e-03 4.374999902211129665e-03
5.622000008276154329e-03 4.124999907799064940e-03
5.623000008273629571e-03 4.041666576328376698e-03
5.624000008271104814e-03 2.708333272797365694e-03
5.625000008268580057e-03 2.624999941326677886e-03
5.626000008266055299e-03 4.208333239269753182e-03
5.627000008263530542e-03 3.249999927356839267e-03
5.628000008261005785e-03 3.041666598680118662e-03
5.629000008258481028e-03 3.083333264415462783e-03
5.630000008255956270e-03 2.416666612649957281e-03
5.631000008253431513e-03 4.666666562358538078e-03
5.632000008250906756e-03 3.374999924562871630e-03
5.633000008248381998e-03 2.749999938532710249e-03
5.634000008245857241e-03 3.041666598680118662e-03
5.635000008243332484e-03 2.499999944120645523e-03
5.636000008240807727e-03 4.583333230887849837e-03
5.637000008238282969e-03 3.416666590298215751e-03
5.638000008235758212e-03 3.624999918974935922e-03
5.639000008233233455e-03 2.333333281179269039e-03
5.640000008230708697e-03 3.624999918974935922e-03
5.641000008228183940e-03 3.166666595886151025e-03
5.642000008225659183e-03 3.541666587504248113e-03
5.643000008223134426e-03 3.666666584710280043e-03
5.644000008220609668e-03 2.708333272797365694e-03
5.645000008218084911e-03 4.583333230887849837e-03
5.646000008215560154e-03 4.291666570740441423e-03
5.647000008213035396e-03 4.249999905005096869e-03
5.648000008210510639e-03 3.333333258827527075e-03
5.649000008207985882e-03 2.791666604268054370e-03
5.650000008205461124e-03 4.124999907799064940e-03
5.651000008202936367e-03 1.624999963678419633e-03
5.652000008200411610e-03 4.458333233681817907e-03
5.653000008197886853e-03 3.458333256033559438e-03
5.654000008195362095e-03 4.166666573534409494e-03
5.655000008192837338e-03 3.166666595886151025e-03
5.656000008190312581e-03 3.874999913387000647e-03
5.657000008187787823e-03 4.624999896623194391e-03
5.658000008185263066e-03 2.916666601474086733e-03
5.659000008182738309e-03 2.708333272797365694e-03
5.660000008180213552e-03 2.999999932944774541e-03
5.661000008177688794e-03 3.249999927356839267e-03
5.662000008175164037e-03 4.124999907799064940e-03
5.663000008172639280e-03 3.374999924562871630e-03
5.664000008170114522e-03 3.833333247651656527e-03
5.665000008167589765e-03 4.541666565152506149e-03
5.666000008165065008e-03 2.624999941326677886e-03
5.667000008162540250e-03 3.333333258827527075e-03
5.668000008160015493e-03 3.958333244857688456e-03
5.669000008157490736e-03 3.624999918974935922e-03
5.670000008154965979e-03 4.249999905005096869e-03
5.671000008152441221e-03 3.333333258827527075e-03
5.672000008149916464e-03 3.208333261621495146e-03
5.673000008147391707e-03 2.874999935738742178e-03
5.674000008144866949e-03 3.041666598680118662e-03
5.675000008142342192e-03 4.208333239269753182e-03
5.676000008139817435e-03 3.416666590298215751e-03
5.677000008137292678e-03 2.708333272797365694e-03
5.678000008134767920e-03 3.124999930150806904e-03
5.679000008132243163e-03 4.541666565152506149e-03
5.680000008129718406e-03 3.166666595886151025e-03
5.681000008127193648e-03 3.458333256033559438e-03
5.682000008124668891e-03 2.791666604268054370e-03
5.683000008122144134e-03 2.666666607062022007e-03
5.684000008119619377e-03 2.541666609855989644e-03
5.685000008117094619e-03 2.874999935738742178e-03
5.686000008114569862e-03 3.874999913387000647e-03
5.687000008112045105e-03 2.999999932944774541e-03
5.688000008109520347e-03 2.916666601474086733e-03
5.689000008106995590e-03 3.374999924562871630e-03
5.690000008104470833e-03 3.624999918974935922e-03
5.691000008101946075e-03 3.041666598680118662e-03
5.692000008099421318e-03 3.208333261621495146e-03
5.693000008096896561e-03 3.249999927356839267e-03
5.694000008094371804e-03 3.249999927356839267e-03
5.695000008091847046e-03 3.874999913387000647e-03
5.696000008089322289e-03 2.583333275591333765e-03
5.697000008086797532e-03 2.874999935738742178e-03
5.698000008084272774e-03 2.916666601474086733e-03
5.699000008081748017e-03 3.624999918974935922e-03
5.700000008079223260e-03 2.874999935738742178e-03
5.701000008076698503e-03 3.208333261621495146e-03
5.702000008074173745e-03 3.124999930150806904e-03
5.703000008071648988e-03 3.333333258827527075e-03
5.704000008069124231e-03 3.916666579122344768e-03
5.705000008066599473e-03 3.874999913387000647e-03
5.706000008064074716e-03 3.374999924562871630e-03
5.707000008061549959e-03 3.874999913387000647e-03
5.708000008059025202e-03 2.874999935738742178e-03
5.709000008056500444e-03 2.916666601474086733e-03
5.710000008053975687e-03 2.749999938532710249e-03
5.711000008051450930e-03 1.583333297943075512e-03
5.712000008048926172e-03 3.041666598680118662e-03
5.713000008046401415e-03 3.541666587504248113e-03
5.714000008043876658e-03 3.333333258827527075e-03
5.715000008041351900e-03 3.499999921768903559e-03
5.716000008038827143e-03 3.374999924562871630e-03
5.717000008036302386e-03 3.791666581916312406e-03
5.718000008033777629e-03 2.874999935738742178e-03
5.719000008031252871e-03 4.541666565152506149e-03
5.720000008028728114e-03 2.749999938532710249e-03
5.721000008026203357e-03 3.333333258827527075e-03
5.722000008023678599e-03 2.624999941326677886e-03
5.723000008021153842e-03 3.583333253239591801e-03
5.724000008018629085e-03 3.749999916180968285e-03
5.725000008016104328e-03 3.958333244857688456e-03
5.726000008013579570e-03 2.708333272797365694e-03
5.727000008011054813e-03 3.624999918974935922e-03
5.728000008008530056e-03 3.499999921768903559e-03
5.729000008006005298e-03 2.791666604268054370e-03
5.730000008003480541e-03 2.416666612649957281e-03
5.731000008000955784e-03 3.416666590298215751e-03
5.732000007998431027e-03 3.874999913387000647e-03
5.733000007995906269e-03 2.958333267209430420e-03
5.734000007993381512e-03 2.916666601474086733e-03
5.735000007990856755e-03 1.916666623825828263e-03
5.736000007988331997e-03 2.874999935738742178e-03
5.737000007985807240e-03 3.624999918974935922e-03
5.738000007983282483e-03 2.999999932944774541e-03
5.739000007980757725e-03 3.208333261621495146e-03
5.740000007978232968e-03 3.374999924562871630e-03
5.741000007975708211e-03 2.999999932944774541e-03
5.742000007973183454e-03 4.083333242063721252e-03
5.743000007970658696e-03 3.499999921768903559e-03
5.744000007968133939e-03 3.291666593092183388e-03
5.745000007965609182e-03 2.333333281179269039e-03
5.746000007963084424e-03 3.791666581916312406e-03
5.747000007960559667e-03 2.416666612649957281e-03
5.748000007958034910e-03 3.083333264415462783e-03
5.749000007955510153e-03 2.624999941326677886e-03
5.750000007952985395e-03 4.083333242063721252e-03
5.751000007950460638e-03 3.291666593092183388e-03
5.752000007947935881e-03 2.291666615443924918e-03
5.753000007945411123e-03 2.499999944120645523e-03
5.754000007942886366e-03 3.458333256033559438e-03
5.755000007940361609e-03 3.499999921768903559e-03
5.756000007937836851e-03 4.083333242063721252e-03
5.757000007935312094e-03 3.208333261621495146e-03
5.758000007932787337e-03 2.583333275591333765e-03
5.759000007930262580e-03 3.416666590298215751e-03
5.760000007927737822e-03 3.916666579122344768e-03
5.761000007925213065e-03 3.249999927356839267e-03
5.762000007922688308e-03 3.874999913387000647e-03
5.763000007920163550e-03 2.458333278385301402e-03
5.764000007917638793e-03 2.416666612649957281e-03
5.765000007915114036e-03 2.749999938532710249e-03
5.766000007912589279e-03 2.958333267209430420e-03
5.767000007910064521e-03 4.041666576328376698e-03
5.768000007907539764e-03 3.124999930150806904e-03
5.769000007905015007e-03 3.583333253239591801e-03
5.770000007902490249e-03 3.791666581916312406e-03
5.771000007899965492e-03 3.541666587504248113e-03
5.772000007897440735e-03 3.124999930150806904e-03
5.773000007894915978e-03 2.916666601474086733e-03
5.774000007892391220e-03 3.958333244857688456e-03
5.775000007889866463e-03 3.916666579122344768e-03
5.776000007887341706e-03 2.999999932944774541e-03
5.777000007884816948e-03 3.874999913387000647e-03
5.778000007882292191e-03 3.458333256033559438e-03
5.779000007879767434e-03 3.749999916180968285e-03
5.780000007877242676e-03 2.416666612649957281e-03
5.781000007874717919e-03 3.708333250445624164e-03
5.782000007872193162e-03 2.874999935738742178e-03
5.783000007869668405e-03 2.916666601474086733e-03
5.784000007867143647e-03 3.041666598680118662e-03
5.785000007864618890e-03 3.916666579122344768e-03
5.786000007862094133e-03 3.958333244857688456e-03
5.787000007859569375e-03 3.124999930150806904e-03
5.788000007857044618e-03 2.791666604268054370e-03
5.789000007854519861e-03 2.458333278385301402e-03
5.790000007851995104e-03 4.291666570740441423e-03
5.791000007849470346e-03 2.999999932944774541e-03
5.792000007846945589e-03 2.708333272797365694e-03
5.793000007844420832e-03 2.833333270003398057e-03
5.794000007841896074e-03 3.791666581916312406e-03
5.795000007839371317e-03 2.458333278385301402e-03
5.796000007836846560e-03 1.958333289561172384e-03
5.797000007834321803e-03 3.624999918974935922e-03
5.798000007831797045e-03 2.833333270003398057e-03
5.799000007829272288e-03 3.374999924562871630e-03
5.800000007826747531e-03 1.916666623825828263e-03
5.801000007824222773e-03 3.958333244857688456e-03
5.802000007821698016e-03 3.249999927356839267e-03
5.803000007819173259e-03 2.583333275591333765e-03
5.804000007816648501e-03 3.874999913387000647e-03
5.805000007814123744e-03 2.291666615443924918e-03
5.806000007811598987e-03 3.499999921768903559e-03
5.807000007809074230e-03 3.291666593092183388e-03
5.808000007806549472e-03 3.374999924562871630e-03
5.809000007804024715e-03 3.083333264415462783e-03
5.810000007801499958e-03 2.041666621031860626e-03
5.811000007798975200e-03 3.874999913387000647e-03
5.812000007796450443e-03 3.208333261621495146e-03
5.813000007793925686e-03 3.874999913387000647e-03
5.814000007791400929e-03 2.374999946914613160e-03
5.815000007788876171e-03 2.666666607062022007e-03
5.816000007786351414e-03 3.041666598680118662e-03
5.817000007783826657e-03 3.666666584710280043e-03
5.818000007781301899e-03 3.666666584710280043e-03
5.819000007778777142e-03 3.583333253239591801e-03
5.820000007776252385e-03 3.874999913387000647e-03
5.821000007773727628e-03 4.124999907799064940e-03
5.822000007771202870e-03 3.374999924562871630e-03
5.823000007768678113e-03 3.583333253239591801e-03
5.824000007766153356e-03 3.374999924562871630e-03
5.825000007763628598e-03 2.791666604268054370e-03
5.826000007761103841e-03 3.333333258827527075e-03
5.827000007758579084e-03 3.833333247651656527e-03
5.828000007756054326e-03 3.458333256033559438e-03
5.829000007753529569e-03 3.249999927356839267e-03
5.830000007751004812e-03 2.749999938532710249e-03
5.831000007748480055e-03 3.958333244857688456e-03
5.832000007745955297e-03 3.874999913387000647e-03
5.833000007743430540e-03 3.416666590298215751e-03
5.834000007740905783e-03 3.124999930150806904e-03
5.835000007738381025e-03 2.374999946914613160e-03
5.836000007735856268e-03 2.874999935738742178e-03
5.837000007733331511e-03 3.333333258827527075e-03
5.838000007730806754e-03 3.333333258827527075e-03
5.839000007728281996e-03 3.708333250445624164e-03
5.840000007725757239e-03 2.791666604268054370e-03
5.841000007723232482e-03 3.624999918974935922e-03
5.842000007720707724e-03 3.041666598680118662e-03
5.843000007718182967e-03 3.583333253239591801e-03
5.844000007715658210e-03 2.541666609855989644e-03
5.845000007713133452e-03 3.583333253239591801e-03
5.846000007710608695e-03 2.708333272797365694e-03
5.847000007708083938e-03 2.041666621031860626e-03
5.848000007705559181e-03 2.791666604268054370e-03
5.849000007703034423e-03 3.666666584710280043e-03
5.850000007700509666e-03 3.416666590298215751e-03
5.851000007697984909e-03 3.499999921768903559e-03
5.852000007695460151e-03 2.333333281179269039e-03
5.853000007692935394e-03 4.791666559564570875e-03
5.854000007690410637e-03 4.041666576328376698e-03
5.855000007687885880e-03 1.999999955296516505e-03
5.856000007685361122e-03 4.624999896623194391e-03
5.857000007682836365e-03 3.166666595886151025e-03
5.858000007680311608e-03 3.416666590298215751e-03
5.859000007677786850e-03 2.833333270003398057e-03
5.860000007675262093e-03 3.833333247651656527e-03
5.861000007672737336e-03 3.041666598680118662e-03
5.862000007670212579e-03 3.124999930150806904e-03
5.863000007667687821e-03 2.958333267209430420e-03
5.864000007665163064e-03 2.583333275591333765e-03
5.865000007662638307e-03 2.749999938532710249e-03
5.866000007660113549e-03 3.541666587504248113e-03
5.867000007657588792e-03 2.791666604268054370e-03
5.868000007655064035e-03 4.291666570740441423e-03
5.869000007652539277e-03 3.416666590298215751e-03
5.870000007650014520e-03 2.541666609855989644e-03
5.871000007647489763e-03 2.499999944120645523e-03
5.872000007644965006e-03 3.083333264415462783e-03
5.873000007642440248e-03 3.541666587504248113e-03
5.874000007639915491e-03 2.833333270003398057e-03
5.875000007637390734e-03 2.958333267209430420e-03
5.876000007634865976e-03 2.666666607062022007e-03
5.877000007632341219e-03 3.208333261621495146e-03
5.878000007629816462e-03 3.458333256033559438e-03
5.879000007627291705e-03 2.708333272797365694e-03
5.880000007624766947e-03 3.499999921768903559e-03
5.881000007622242190e-03 3.041666598680118662e-03
5.882000007619717433e-03 2.374999946914613160e-03
5.883000007617192675e-03 3.874999913387000647e-03
5.884000007614667918e-03 2.666666607062022007e-03
5.885000007612143161e-03 2.833333270003398057e-03
5.886000007609618404e-03 2.458333278385301402e-03
5.887000007607093646e-03 3.833333247651656527e-03
5.888000007604568889e-03 4.208333239269753182e-03
5.889000007602044132e-03 2.666666607062022007e-03
5.890000007599519374e-03 2.874999935738742178e-03
5.891000007596994617e-03 3.541666587504248113e-03
5.892000007594469860e-03 3.208333261621495146e-03
5.893000007591945102e-03 3.249999927356839267e-03
5.894000007589420345e-03 2.041666621031860626e-03
5.895000007586895588e-03 2.833333270003398057e-03
5.896000007584370831e-03 3.541666587504248113e-03
5.897000007581846073e-03 3.041666598680118662e-03
5.898000007579321316e-03 2.749999938532710249e-03
5.899000007576796559e-03 4.374999902211129665e-03
5.900000007574271801e-03 2.999999932944774541e-03
5.901000007571747044e-03 3.624999918974935922e-03
5.902000007569222287e-03 3.749999916180968285e-03
5.903000007566697530e-03 2.791666604268054370e-03
5.904000007564172772e-03 3.916666579122344768e-03
5.905000007561648015e-03 3.374999924562871630e-03
5.906000007559123258e-03 3.999999910593033010e-03
5.907000007556598500e-03 2.916666601474086733e-03
5.908000007554073743e-03 2.291666615443924918e-03
5.909000007551548986e-03 3.374999924562871630e-03
5.910000007549024229e-03 3.124999930150806904e-03
5.911000007546499471e-03 3.583333253239591801e-03
5.912000007543974714e-03 2.749999938532710249e-03
5.913000007541449957e-03 3.083333264415462783e-03
5.914000007538925199e-03 3.708333250445624164e-03
5.915000007536400442e-03 2.208333283973236676e-03
5.916000007533875685e-03 3.458333256033559438e-03
5.917000007531350927e-03 2.874999935738742178e-03
5.918000007528826170e-03 2.916666601474086733e-03
5.919000007526301413e-03 2.583333275591333765e-03
5.920000007523776656e-03 3.374999924562871630e-03
5.921000007521251898e-03 3.041666598680118662e-03
5.922000007518727141e-03 2.541666609855989644e-03
5.923000007516202384e-03 3.333333258827527075e-03
5.924000007513677626e-03 3.333333258827527075e-03
5.925000007511152869e-03 3.124999930150806904e-03
5.926000007508628112e-03 3.499999921768903559e-03
5.927000007506103355e-03 2.916666601474086733e-03
5.928000007503578597e-03 3.499999921768903559e-03
5.929000007501053840e-03 2.916666601474086733e-03
5.930000007498529083e-03 4.874999891035258250e-03
5.931000007496004325e-03 3.083333264415462783e-03
5.932000007493479568e-03 3.583333253239591801e-03
5.933000007490954811e-03 2.124999952502548434e-03
5.934000007488430053e-03 1.874999958090484142e-03
5.935000007485905296e-03 3.749999916180968285e-03
5.936000007483380539e-03 2.249999949708581231e-03
5.937000007480855782e-03 2.249999949708581231e-03
5.938000007478331024e-03 3.541666587504248113e-03
5.939000007475806267e-03 3.374999924562871630e-03
5.940000007473281510e-03 3.249999927356839267e-03
5.941000007470756752e-03 3.583333253239591801e-03
5.942000007468231995e-03 2.458333278385301402e-03
5.943000007465707238e-03 2.458333278385301402e-03
5.944000007463182481e-03 3.624999918974935922e-03
5.945000007460657723e-03 2.374999946914613160e-03
5.946000007458132966e-03 2.666666607062022007e-03
5.947000007455608209e-03 3.583333253239591801e-03
5.948000007453083451e-03 2.333333281179269039e-03
5.949000007450558694e-03 2.541666609855989644e-03
5.950000007448033937e-03 3.166666595886151025e-03
5.951000007445509180e-03 2.583333275591333765e-03
5.952000007442984422e-03 2.708333272797365694e-03
5.953000007440459665e-03 3.041666598680118662e-03
5.954000007437934908e-03 2.999999932944774541e-03
5.955000007435410150e-03 4.166666573534409494e-03
5.956000007432885393e-03 2.416666612649957281e-03
5.957000007430360636e-03 3.416666590298215751e-03
5.958000007427835878e-03 3.291666593092183388e-03
5.959000007425311121e-03 3.166666595886151025e-03
5.960000007422786364e-03 2.374999946914613160e-03
5.961000007420261607e-03 2.708333272797365694e-03
5.962000007417736849e-03 2.958333267209430420e-03
5.963000007415212092e-03 3.416666590298215751e-03
5.964000007412687335e-03 3.124999930150806904e-03
5.965000007410162577e-03 4.791666559564570875e-03
5.966000007407637820e-03 3.999999910593033010e-03
5.967000007405113063e-03 3.166666595886151025e-03
5.968000007402588306e-03 4.416666567946473353e-03
5.969000007400063548e-03 2.541666609855989644e-03
5.970000007397538791e-03 2.666666607062022007e-03
5.971000007395014034e-03 3.083333264415462783e-03
5.972000007392489276e-03 3.499999921768903559e-03
5.973000007389964519e-03 4.958333222505947359e-03
5.974000007387439762e-03 3.416666590298215751e-03
5.975000007384915005e-03 2.833333270003398057e-03
5.976000007382390247e-03 1.749999960884451779e-03
5.977000007379865490e-03 3.999999910593033010e-03
5.978000007377340733e-03 3.541666587504248113e-03
5.979000007374815975e-03 2.958333267209430420e-03
5.980000007372291218e-03 2.374999946914613160e-03
5.981000007369766461e-03 3.124999930150806904e-03
5.982000007367241703e-03 2.999999932944774541e-03
5.983000007364716946e-03 3.583333253239591801e-03
5.984000007362192189e-03 3.041666598680118662e-03
5.985000007359667432e-03 3.541666587504248113e-03
5.986000007357142674e-03 4.083333242063721252e-03
5.987000007354617917e-03 2.999999932944774541e-03
5.988000007352093160e-03 2.916666601474086733e-03
5.989000007349568402e-03 3.124999930150806904e-03
5.990000007347043645e-03 3.541666587504248113e-03
5.991000007344518888e-03 4.833333225299914562e-03
5.992000007341994131e-03 3.333333258827527075e-03
5.993000007339469373e-03 3.124999930150806904e-03
5.994000007336944616e-03 2.541666609855989644e-03
5.995000007334419859e-03 3.458333256033559438e-03
5.996000007331895101e-03 3.833333247651656527e-03
5.997000007329370344e-03 4.249999905005096869e-03
5.998000007326845587e-03 3.416666590298215751e-03
5.999000007324320830e-03 3.291666593092183388e-03
6.000000007321796072e-03 1.958333289561172384e-03
6.001000007319271315e-03 2.041666621031860626e-03
6.002000007316746558e-03 3.833333247651656527e-03
6.003000007314221800e-03 3.874999913387000647e-03
6.004000007311697043e-03 1.541666632207731391e-03
6.005000007309172286e-03 4.166666573534409494e-03
6.006000007306647528e-03 3.416666590298215751e-03
6.007000007304122771e-03 3.249999927356839267e-03
6.008000007301598014e-03 3.333333258827527075e-03
6.009000007299073257e-03 1.916666623825828263e-03
6.010000007296548499e-03 4.208333239269753182e-03
6.011000007294023742e-03 4.041666576328376698e-03
6.012000007291498985e-03 2.624999941326677886e-03
6.013000007288974227e-03 3.249999927356839267e-03
6.014000007286449470e-03 3.708333250445624164e-03
6.015000007283924713e-03 3.291666593092183388e-03
6.016000007281399956e-03 4.083333242063721252e-03
6.017000007278875198e-03 2.958333267209430420e-03
6.018000007276350441e-03 2.333333281179269039e-03
6.019000007273825684e-03 2.333333281179269039e-03
6.020000007271300926e-03 3.624999918974935922e-03
6.021000007268776169e-03 3.708333250445624164e-03
6.022000007266251412e-03 2.624999941326677886e-03
6.023000007263726654e-03 2.958333267209430420e-03
6.024000007261201897e-03 3.249999927356839267e-03
6.025000007258677140e-03 2.833333270003398057e-03
6.026000007256152383e-03 2.041666621031860626e-03
6.027000007253627625e-03 3.499999921768903559e-03
6.028000007251102868e-03 2.999999932944774541e-03
6.029000007248578111e-03 3.083333264415462783e-03
6.030000007246053353e-03 3.166666595886151025e-03
6.031000007243528596e-03 3.749999916180968285e-03
6.032000007241003839e-03 2.999999932944774541e-03
6.033000007238479082e-03 3.749999916180968285e-03
6.034000007235954324e-03 2.958333267209430420e-03
6.035000007233429567e-03 3.083333264415462783e-03
6.036000007230904810e-03 2.624999941326677886e-03
6.037000007228380052e-03 3.666666584710280043e-03
6.038000007225855295e-03 3.291666593092183388e-03
6.039000007223330538e-03 4.624999896623194391e-03
6.040000007220805781e-03 2.833333270003398057e-03
6.041000007218281023e-03 4.083333242063721252e-03
6.042000007215756266e-03 3.624999918974935922e-03
6.043000007213231509e-03 2.708333272797365694e-03
6.044000007210706751e-03 3.791666581916312406e-03
6.045000007208181994e-03 3.999999910593033010e-03
6.046000007205657237e-03 4.166666573534409494e-03
6.047000007203132479e-03 3.291666593092183388e-03
6.048000007200607722e-03 3.124999930150806904e-03
6.049000007198082965e-03 2.666666607062022007e-03
6.050000007195558208e-03 1.624999963678419633e-03
6.051000007193033450e-03 2.666666607062022007e-03
6.052000007190508693e-03 2.666666607062022007e-03
6.053000007187983936e-03 4.416666567946473353e-03
6.054000007185459178e-03 2.666666607062022007e-03
6.055000007182934421e-03 3.916666579122344768e-03
6.056000007180409664e-03 3.833333247651656527e-03
6.057000007177884907e-03 2.333333281179269039e-03
6.058000007175360149e-03 2.624999941326677886e-03
6.059000007172835392e-03 1.999999955296516505e-03
6.060000007170310635e-03 3.749999916180968285e-03
6.061000007167785877e-03 3.749999916180968285e-03
6.062000007165261120e-03 3.249999927356839267e-03
6.063000007162736363e-03 3.541666587504248113e-03
6.064000007160211606e-03 3.541666587504248113e-03
6.065000007157686848e-03 2.624999941326677886e-03
6.066000007155162091e-03 3.583333253239591801e-03
6.067000007152637334e-03 3.124999930150806904e-03
6.068000007150112576e-03 2.708333272797365694e-03
6.069000007147587819e-03 2.333333281179269039e-03
6.070000007145063062e-03 3.749999916180968285e-03
6.071000007142538304e-03 3.583333253239591801e-03
6.072000007140013547e-03 3.458333256033559438e-03
6.073000007137488790e-03 3.541666587504248113e-03
6.074000007134964033e-03 3.291666593092183388e-03
6.075000007132439275e-03 3.416666590298215751e-03
6.076000007129914518e-03 2.333333281179269039e-03
6.077000007127389761e-03 2.833333270003398057e-03
6.078000007124865003e-03 3.749999916180968285e-03
6.079000007122340246e-03 3.124999930150806904e-03
6.080000007119815489e-03 2.749999938532710249e-03
6.081000007117290732e-03 3.249999927356839267e-03
6.082000007114765974e-03 2.208333283973236676e-03
6.083000007112241217e-03 2.958333267209430420e-03
6.084000007109716460e-03 3.166666595886151025e-03
6.085000007107191702e-03 2.333333281179269039e-03
6.086000007104666945e-03 3.458333256033559438e-03
6.087000007102142188e-03 2.458333278385301402e-03
6.088000007099617431e-03 2.624999941326677886e-03
6.089000007097092673e-03 3.624999918974935922e-03
6.090000007094567916e-03 3.624999918974935922e-03
6.091000007092043159e-03 3.874999913387000647e-03
6.092000007089518401e-03 3.083333264415462783e-03
6.093000007086993644e-03 3.124999930150806904e-03
6.094000007084468887e-03 2.874999935738742178e-03
6.095000007081944129e-03 3.458333256033559438e-03
6.096000007079419372e-03 3.708333250445624164e-03
6.097000007076894615e-03 4.083333242063721252e-03
6.098000007074369858e-03 2.999999932944774541e-03
6.099000007071845100e-03 2.749999938532710249e-03
6.100000007069320343e-03 2.916666601474086733e-03
6.101000007066795586e-03 3.208333261621495146e-03
6.102000007064270828e-03 3.541666587504248113e-03
6.103000007061746071e-03 2.583333275591333765e-03
6.104000007059221314e-03 3.458333256033559438e-03
6.105000007056696557e-03 2.208333283973236676e-03
6.106000007054171799e-03 3.249999927356839267e-03
6.107000007051647042e-03 2.041666621031860626e-03
6.108000007049122285e-03 3.083333264415462783e-03
6.109000007046597527e-03 2.916666601474086733e-03
6.110000007044072770e-03 4.583333230887849837e-03
6.111000007041548013e-03 3.416666590298215751e-03
6.112000007039023255e-03 2.416666612649957281e-03
6.113000007036498498e-03 3.041666598680118662e-03
6.114000007033973741e-03 3.583333253239591801e-03
6.115000007031448984e-03 2.583333275591333765e-03
6.116000007028924226e-03 3.499999921768903559e-03
6.117000007026399469e-03 3.333333258827527075e-03
6.118000007023874712e-03 3.833333247651656527e-03
6.119000007021349954e-03 2.916666601474086733e-03
6.120000007018825197e-03 2.541666609855989644e-03
6.121000007016300440e-03 3.333333258827527075e-03
6.122000007013775683e-03 2.791666604268054370e-03
6.123000007011250925e-03 2.416666612649957281e-03
6.124000007008726168e-03 2.416666612649957281e-03
6.125000007006201411e-03 3.666666584710280043e-03
6.126000007003676653e-03 2.958333267209430420e-03
6.127000007001151896e-03 3.749999916180968285e-03
6.128000006998627139e-03 3.499999921768903559e-03
6.129000006996102382e-03 4.083333242063721252e-03
6.130000006993577624e-03 3.041666598680118662e-03
6.131000006991052867e-03 4.208333239269753182e-03
6.132000006988528110e-03 4.291666570740441423e-03
6.133000006986003352e-03 3.374999924562871630e-03
6.134000006983478595e-03 2.624999941326677886e-03
6.135000006980953838e-03 2.749999938532710249e-03
6.136000006978429080e-03 2.666666607062022007e-03
6.137000006975904323e-03 3.166666595886151025e-03
6.138000006973379566e-03 3.624999918974935922e-03
6.139000006970854809e-03 2.208333283973236676e-03
6.140000006968330051e-03 2.916666601474086733e-03
6.141000006965805294e-03 3.791666581916312406e-03
6.142000006963280537e-03 3.791666581916312406e-03
6.143000006960755779e-03 3.624999918974935922e-03
6.144000006958231022e-03 3.249999927356839267e-03
6.145000006955706265e-03 3.124999930150806904e-03
6.146000006953181508e-03 3.166666595886151025e-03
6.147000006950656750e-03 2.458333278385301402e-03
6.148000006948131993e-03 2.749999938532710249e-03
6.149000006945607236e-03 3.333333258827527075e-03
6.150000006943082478e-03 2.624999941326677886e-03
6.151000006940557721e-03 2.791666604268054370e-03
6.152000006938032964e-03 2.999999932944774541e-03
6.153000006935508207e-03 3.333333258827527075e-03
6.154000006932983449e-03 2.666666607062022007e-03
6.155000006930458692e-03 4.374999902211129665e-03
6.156000006927933935e-03 3.666666584710280043e-03
6.157000006925409177e-03 4.374999902211129665e-03
6.158000006922884420e-03 3.333333258827527075e-03
6.159000006920359663e-03 2.666666607062022007e-03
6.160000006917834905e-03 3.583333253239591801e-03
6.161000006915310148e-03 3.624999918974935922e-03
6.162000006912785391e-03 3.416666590298215751e-03
6.163000006910260634e-03 2.999999932944774541e-03
6.164000006907735876e-03 1.916666623825828263e-03
6.165000006905211119e-03 3.666666584710280043e-03
6.166000006902686362e-03 2.624999941326677886e-03
6.167000006900161604e-03 2.749999938532710249e-03
6.168000006897636847e-03 3.833333247651656527e-03
6.169000006895112090e-03 2.874999935738742178e-03
6.170000006892587333e-03 2.583333275591333765e-03
6.171000006890062575e-03 3.666666584710280043e-03
6.172000006887537818e-03 2.874999935738742178e-03
6.173000006885013061e-03 2.666666607062022007e-03
6.174000006882488303e-03 2.916666601474086733e-03
6.175000006879963546e-03 3.458333256033559438e-03
6.176000006877438789e-03 2.374999946914613160e-03
6.177000006874914032e-03 2.249999949708581231e-03
6.178000006872389274e-03 2.749999938532710249e-03
6.179000006869864517e-03 3.041666598680118662e-03
6.180000006867339760e-03 1.916666623825828263e-03
6.181000006864815002e-03 4.041666576328376698e-03
6.182000006862290245e-03 2.749999938532710249e-03
6.183000006859765488e-03 2.708333272797365694e-03
6.184000006857240730e-03 2.916666601474086733e-03
6.185000006854715973e-03 3.666666584710280043e-03
6.186000006852191216e-03 3.124999930150806904e-03
6.187000006849666459e-03 4.249999905005096869e-03
6.188000006847141701e-03 2.458333278385301402e-03
6.189000006844616944e-03 3.249999927356839267e-03
6.190000006842092187e-03 2.833333270003398057e-03
6.191000006839567429e-03 2.874999935738742178e-03
6.192000006837042672e-03 2.791666604268054370e-03
6.193000006834517915e-03 3.999999910593033010e-03
6.194000006831993158e-03 3.624999918974935922e-03
6.195000006829468400e-03 3.833333247651656527e-03
6.196000006826943643e-03 3.124999930150806904e-03
6.197000006824418886e-03 3.583333253239591801e-03
6.198000006821894128e-03 4.041666576328376698e-03
6.199000006819369371e-03 2.791666604268054370e-03
6.200000006816844614e-03 3.124999930150806904e-03
6.201000006814319856e-03 3.333333258827527075e-03
6.202000006811795099e-03 3.458333256033559438e-03
6.203000006809270342e-03 3.916666579122344768e-03
6.204000006806745585e-03 3.416666590298215751e-03
6.205000006804220827e-03 2.999999932944774541e-03
6.206000006801696070e-03 2.999999932944774541e-03
6.207000006799171313e-03 2.916666601474086733e-03
6.208000006796646555e-03 3.166666595886151025e-03
6.209000006794121798e-03 3.458333256033559438e-03
6.210000006791597041e-03 2.333333281179269039e-03
6.211000006789072284e-03 2.666666607062022007e-03
6.212000006786547526e-03 3.249999927356839267e-03
6.213000006784022769e-03 3.041666598680118662e-03
6.214000006781498012e-03 2.749999938532710249e-03
6.215000006778973254e-03 2.499999944120645523e-03
6.216000006776448497e-03 2.249999949708581231e-03
6.217000006773923740e-03 3.166666595886151025e-03
6.218000006771398983e-03 2.041666621031860626e-03
6.219000006768874225e-03 2.958333267209430420e-03
6.220000006766349468e-03 2.666666607062022007e-03
6.221000006763824711e-03 3.499999921768903559e-03
6.222000006761299953e-03 2.999999932944774541e-03
6.223000006758775196e-03 2.791666604268054370e-03
6.224000006756250439e-03 3.541666587504248113e-03
6.225000006753725681e-03 2.833333270003398057e-03
6.226000006751200924e-03 3.208333261621495146e-03
6.227000006748676167e-03 3.708333250445624164e-03
6.228000006746151410e-03 3.333333258827527075e-03
6.229000006743626652e-03 2.833333270003398057e-03
6.230000006741101895e-03 2.749999938532710249e-03
6.231000006738577138e-03 3.541666587504248113e-03
6.232000006736052380e-03 3.083333264415462783e-03
6.233000006733527623e-03 4.541666565152506149e-03
6.234000006731002866e-03 3.208333261621495146e-03
6.235000006728478109e-03 2.499999944120645523e-03
6.236000006725953351e-03 2.874999935738742178e-03
6.237000006723428594e-03 3.583333253239591801e-03
6.238000006720903837e-03 2.708333272797365694e-03
6.239000006718379079e-03 2.874999935738742178e-03
6.240000006715854322e-03 4.208333239269753182e-03
6.241000006713329565e-03 3.166666595886151025e-03
6.242000006710804808e-03 3.374999924562871630e-03
6.243000006708280050e-03 2.624999941326677886e-03
6.244000006705755293e-03 2.458333278385301402e-03
6.245000006703230536e-03 3.249999927356839267e-03
6.246000006700705778e-03 3.166666595886151025e-03
6.247000006698181021e-03 2.833333270003398057e-03
6.248000006695656264e-03 2.624999941326677886e-03
6.249000006693131506e-03 2.749999938532710249e-03
6.250000006690606749e-03 4.208333239269753182e-03
6.251000006688081992e-03 2.958333267209430420e-03
6.252000006685557235e-03 1.791666626619795900e-03
6.253000006683032477e-03 3.124999930150806904e-03
6.254000006680507720e-03 2.291666615443924918e-03
6.255000006677982963e-03 3.041666598680118662e-03
6.256000006675458205e-03 3.083333264415462783e-03
6.257000006672933448e-03 2.583333275591333765e-03
6.258000006670408691e-03 2.624999941326677886e-03
6.259000006667883934e-03 3.249999927356839267e-03
6.260000006665359176e-03 3.833333247651656527e-03
6.261000006662834419e-03 3.166666595886151025e-03
6.262000006660309662e-03 3.041666598680118662e-03
6.263000006657784904e-03 3.583333253239591801e-03
6.264000006655260147e-03 3.666666584710280043e-03
6.265000006652735390e-03 3.666666584710280043e-03
6.266000006650210633e-03 4.541666565152506149e-03
6.267000006647685875e-03 3.499999921768903559e-03
6.268000006645161118e-03 3.249999927356839267e-03
6.269000006642636361e-03 3.666666584710280043e-03
6.270000006640111603e-03 3.374999924562871630e-03
6.271000006637586846e-03 2.458333278385301402e-03
6.272000006635062089e-03 3.499999921768903559e-03
6.273000006632537331e-03 3.458333256033559438e-03
6.274000006630012574e-03 4.208333239269753182e-03
6.275000006627487817e-03 3.999999910593033010e-03
6.276000006624963060e-03 3.916666579122344768e-03
6.277000006622438302e-03 4.083333242063721252e-03
6.278000006619913545e-03 3.124999930150806904e-03
6.279000006617388788e-03 3.624999918974935922e-03
6.280000006614864030e-03 3.416666590298215751e-03
6.281000006612339273e-03 3.083333264415462783e-03
6.282000006609814516e-03 2.124999952502548434e-03
6.283000006607289759e-03 2.749999938532710249e-03
6.284000006604765001e-03 2.874999935738742178e-03
6.285000006602240244e-03 3.583333253239591801e-03
6.286000006599715487e-03 2.166666618237892989e-03
6.287000006597190729e-03 2.749999938532710249e-03
6.288000006594665972e-03 2.708333272797365694e-03
6.289000006592141215e-03 2.916666601474086733e-03
6.290000006589616457e-03 3.708333250445624164e-03
6.291000006587091700e-03 2.374999946914613160e-03
6.292000006584566943e-03 2.916666601474086733e-03
6.293000006582042186e-03 4.333333236475785978e-03
6.294000006579517428e-03 3.208333261621495146e-03
6.295000006576992671e-03 1.708333295149107875e-03
6.296000006574467914e-03 3.083333264415462783e-03
6.297000006571943156e-03 2.499999944120645523e-03
6.298000006569418399e-03 3.208333261621495146e-03
6.299000006566893642e-03 3.333333258827527075e-03
6.300000006564368885e-03 3.916666579122344768e-03
6.301000006561844127e-03 3.666666584710280043e-03
6.302000006559319370e-03 4.666666562358538078e-03
6.303000006556794613e-03 4.291666570740441423e-03
6.304000006554269855e-03 3.458333256033559438e-03
6.305000006551745098e-03 3.333333258827527075e-03
6.306000006549220341e-03 4.333333236475785978e-03
6.307000006546695584e-03 2.958333267209430420e-03
6.308000006544170826e-03 2.541666609855989644e-03
6.309000006541646069e-03 3.416666590298215751e-03
6.310000006539121312e-03 2.708333272797365694e-03
6.311000006536596554e-03 2.749999938532710249e-03
6.312000006534071797e-03 2.833333270003398057e-03
6.313000006531547040e-03 2.791666604268054370e-03
6.314000006529022282e-03 4.291666570740441423e-03
6.315000006526497525e-03 3.291666593092183388e-03
6.316000006523972768e-03 3.583333253239591801e-03
6.317000006521448011e-03 2.833333270003398057e-03
6.318000006518923253e-03 2.333333281179269039e-03
6.319000006516398496e-03 2.624999941326677886e-03
6.320000006513873739e-03 2.333333281179269039e-03
6.321000006511348981e-03 2.916666601474086733e-03
6.322000006508824224e-03 3.124999930150806904e-03
6.323000006506299467e-03 3.749999916180968285e-03
6.324000006503774710e-03 2.541666609855989644e-03
6.325000006501249952e-03 2.541666609855989644e-03
6.326000006498725195e-03 3.583333253239591801e-03
6.327000006496200438e-03 3.208333261621495146e-03
6.328000006493675680e-03 2.791666604268054370e-03
6.329000006491150923e-03 3.166666595886151025e-03
6.330000006488626166e-03 3.041666598680118662e-03
6.331000006486101409e-03 2.541666609855989644e-03
6.332000006483576651e-03 3.208333261621495146e-03
6.333000006481051894e-03 3.416666590298215751e-03
6.334000006478527137e-03 2.666666607062022007e-03
6.335000006476002379e-03 2.916666601474086733e-03
6.336000006473477622e-03 2.041666621031860626e-03
6.337000006470952865e-03 3.416666590298215751e-03
6.338000006468428107e-03 3.249999927356839267e-03
6.339000006465903350e-03 2.249999949708581231e-03
6.340000006463378593e-03 4.749999893829226320e-03
6.341000006460853836e-03 3.083333264415462783e-03
6.342000006458329078e-03 2.166666618237892989e-03
6.343000006455804321e-03 3.208333261621495146e-03
6.344000006453279564e-03 2.749999938532710249e-03
6.345000006450754806e-03 3.624999918974935922e-03
6.346000006448230049e-03 2.541666609855989644e-03
6.347000006445705292e-03 2.958333267209430420e-03
6.348000006443180535e-03 2.041666621031860626e-03
6.349000006440655777e-03 3.916666579122344768e-03
6.350000006438131020e-03 3.249999927356839267e-03
6.351000006435606263e-03 3.708333250445624164e-03
6.352000006433081505e-03 3.374999924562871630e-03
6.353000006430556748e-03 3.791666581916312406e-03
6.354000006428031991e-03 3.291666593092183388e-03
6.355000006425507234e-03 3.208333261621495146e-03
6.356000006422982476e-03 3.166666595886151025e-03
6.357000006420457719e-03 3.458333256033559438e-03
6.358000006417932962e-03 3.958333244857688456e-03
6.359000006415408204e-03 2.999999932944774541e-03
6.360000006412883447e-03 2.749999938532710249e-03
6.361000006410358690e-03 3.833333247651656527e-03
6.362000006407833932e-03 3.124999930150806904e-03
6.363000006405309175e-03 2.791666604268054370e-03
6.364000006402784418e-03 3.708333250445624164e-03
6.365000006400259661e-03 3.416666590298215751e-03
6.366000006397734903e-03 2.958333267209430420e-03
6.367000006395210146e-03 3.166666595886151025e-03
6.368000006392685389e-03 3.708333250445624164e-03
6.369000006390160631e-03 2.041666621031860626e-03
6.370000006387635874e-03 4.083333242063721252e-03
6.371000006385111117e-03 2.583333275591333765e-03
6.372000006382586360e-03 2.291666615443924918e-03
6.373000006380061602e-03 3.166666595886151025e-03
6.374000006377536845e-03 2.583333275591333765e-03
6.375000006375012088e-03 3.124999930150806904e-03
6.376000006372487330e-03 2.874999935738742178e-03
6.377000006369962573e-03 2.666666607062022007e-03
6.378000006367437816e-03 2.624999941326677886e-03
6.379000006364913058e-03 2.708333272797365694e-03
6.380000006362388301e-03 2.958333267209430420e-03
6.381000006359863544e-03 3.333333258827527075e-03
6.382000006357338787e-03 4.624999896623194391e-03
6.383000006354814029e-03 3.708333250445624164e-03
6.384000006352289272e-03 4.124999907799064940e-03
6.385000006349764515e-03 3.166666595886151025e-03
6.386000006347239757e-03 3.624999918974935922e-03
6.387000006344715000e-03 3.541666587504248113e-03
6.388000006342190243e-03 3.124999930150806904e-03
6.389000006339665486e-03 2.499999944120645523e-03
6.390000006337140728e-03 3.874999913387000647e-03
6.391000006334615971e-03 3.249999927356839267e-03
6.392000006332091214e-03 3.083333264415462783e-03
6.393000006329566456e-03 4.083333242063721252e-03
6.394000006327041699e-03 2.041666621031860626e-03
6.395000006324516942e-03 2.583333275591333765e-03
6.396000006321992185e-03 2.333333281179269039e-03
6.397000006319467427e-03 2.083333286767204747e-03
6.398000006316942670e-03 2.583333275591333765e-03
6.399000006314417913e-03 3.916666579122344768e-03
6.400000006311893155e-03 2.458333278385301402e-03
6.401000006309368398e-03 2.999999932944774541e-03
6.402000006306843641e-03 2.999999932944774541e-03
6.403000006304318883e-03 2.708333272797365694e-03
6.404000006301794126e-03 3.291666593092183388e-03
6.405000006299269369e-03 2.291666615443924918e-03
6.406000006296744612e-03 2.791666604268054370e-03
6.407000006294219854e-03 2.124999952502548434e-03
6.408000006291695097e-03 3.124999930150806904e-03
6.409000006289170340e-03 2.791666604268054370e-03
6.410000006286645582e-03 3.208333261621495146e-03
6.411000006284120825e-03 3.249999927356839267e-03
6.412000006281596068e-03 2.791666604268054370e-03
6.413000006279071311e-03 2.874999935738742178e-03
6.414000006276546553e-03 2.208333283973236676e-03
6.415000006274021796e-03 3.999999910593033010e-03
6.416000006271497039e-03 3.458333256033559438e-03
6.417000006268972281e-03 3.583333253239591801e-03
6.418000006266447524e-03 3.583333253239591801e-03
6.419000006263922767e-03 3.666666584710280043e-03
6.420000006261398010e-03 3.124999930150806904e-03
6.421000006258873252e-03 3.791666581916312406e-03
6.422000006256348495e-03 3.041666598680118662e-03
6.423000006253823738e-03 3.833333247651656527e-03
6.424000006251298980e-03 3.041666598680118662e-03
6.425000006248774223e-03 2.999999932944774541e-03
6.426000006246249466e-03 3.041666598680118662e-03
6.427000006243724708e-03 2.291666615443924918e-03
6.428000006241199951e-03 4.208333239269753182e-03
6.429000006238675194e-03 3.333333258827527075e-03
6.430000006236150437e-03 3.499999921768903559e-03
6.431000006233625679e-03 3.874999913387000647e-03
6.432000006231100922e-03 3.124999930150806904e-03
6.433000006228576165e-03 2.583333275591333765e-03
6.434000006226051407e-03 2.749999938532710249e-03
6.435000006223526650e-03 3.916666579122344768e-03
6.436000006221001893e-03 3.249999927356839267e-03
6.437000006218477136e-03 4.333333236475785978e-03
6.438000006215952378e-03 3.374999924562871630e-03
6.439000006213427621e-03 2.541666609855989644e-03
6.440000006210902864e-03 3.624999918974935922e-03
6.441000006208378106e-03 3.249999927356839267e-03
6.442000006205853349e-03 2.874999935738742178e-03
6.443000006203328592e-03 3.166666595886151025e-03
6.444000006200803835e-03 3.374999924562871630e-03
6.445000006198279077e-03 2.999999932944774541e-03
6.446000006195754320e-03 3.999999910593033010e-03
6.447000006193229563e-03 3.583333253239591801e-03
6.448000006190704805e-03 3.041666598680118662e-03
6.449000006188180048e-03 3.374999924562871630e-03
6.450000006185655291e-03 4.124999907799064940e-03
6.451000006183130533e-03 3.541666587504248113e-03
6.452000006180605776e-03 3.833333247651656527e-03
6.453000006178081019e-03 3.374999924562871630e-03
6.454000006175556262e-03 3.458333256033559438e-03
6.455000006173031504e-03 2.333333281179269039e-03
6.456000006170506747e-03 3.583333253239591801e-03
6.457000006167981990e-03 3.208333261621495146e-03
6.458000006165457232e-03 3.666666584710280043e-03
6.459000006162932475e-03 3.416666590298215751e-03
6.460000006160407718e-03 3.499999921768903559e-03
6.461000006157882961e-03 3.874999913387000647e-03
6.462000006155358203e-03 3.791666581916312406e-03
6.463000006152833446e-03 3.916666579122344768e-03
6.464000006150308689e-03 3.124999930150806904e-03
6.465000006147783931e-03 2.958333267209430420e-03
6.466000006145259174e-03 2.333333281179269039e-03
6.467000006142734417e-03 2.624999941326677886e-03
6.468000006140209659e-03 4.291666570740441423e-03
6.469000006137684902e-03 3.124999930150806904e-03
6.470000006135160145e-03 3.208333261621495146e-03
6.471000006132635388e-03 3.499999921768903559e-03
6.472000006130110630e-03 4.499999899417162462e-03
6.473000006127585873e-03 2.666666607062022007e-03
6.474000006125061116e-03 2.083333286767204747e-03
6.475000006122536358e-03 3.666666584710280043e-03
6.476000006120011601e-03 3.749999916180968285e-03
6.477000006117486844e-03 2.124999952502548434e-03
6.478000006114962087e-03 2.999999932944774541e-03
6.479000006112437329e-03 3.083333264415462783e-03
6.480000006109912572e-03 3.291666593092183388e-03
6.481000006107387815e-03 3.999999910593033010e-03
6.482000006104863057e-03 3.624999918974935922e-03
6.483000006102338300e-03 1.874999958090484142e-03
6.484000006099813543e-03 3.499999921768903559e-03
6.485000006097288786e-03 3.749999916180968285e-03
6.486000006094764028e-03 3.083333264415462783e-03
6.487000006092239271e-03 2.416666612649957281e-03
6.488000006089714514e-03 3.083333264415462783e-03
6.489000006087189756e-03 3.708333250445624164e-03
6.490000006084664999e-03 3.333333258827527075e-03
6.491000006082140242e-03 3.374999924562871630e-03
6.492000006079615484e-03 3.041666598680118662e-03
6.493000006077090727e-03 3.541666587504248113e-03
6.494000006074565970e-03 3.041666598680118662e-03
6.495000006072041213e-03 3.541666587504248113e-03
6.496000006069516455e-03 4.124999907799064940e-03
6.497000006066991698e-03 3.666666584710280043e-03
6.498000006064466941e-03 4.333333236475785978e-03
6.499000006061942183e-03 2.874999935738742178e-03
6.500000006059417426e-03 2.791666604268054370e-03
6.501000006056892669e-03 2.708333272797365694e-03
6.502000006054367912e-03 2.291666615443924918e-03
6.503000006051843154e-03 4.166666573534409494e-03
6.504000006049318397e-03 3.208333261621495146e-03
6.505000006046793640e-03 4.291666570740441423e-03
6.506000006044268882e-03 3.791666581916312406e-03
6.507000006041744125e-03 2.249999949708581231e-03
6.508000006039219368e-03 3.499999921768903559e-03
6.509000006036694611e-03 3.583333253239591801e-03
6.510000006034169853e-03 3.374999924562871630e-03
6.511000006031645096e-03 2.833333270003398057e-03
6.512000006029120339e-03 3.916666579122344768e-03
6.513000006026595581e-03 2.874999935738742178e-03
6.514000006024070824e-03 3.708333250445624164e-03
6.515000006021546067e-03 3.249999927356839267e-03
6.516000006019021309e-03 3.833333247651656527e-03
6.517000006016496552e-03 3.458333256033559438e-03
6.518000006013971795e-03 2.666666607062022007e-03
6.519000006011447038e-03 2.499999944120645523e-03
6.520000006008922280e-03 3.208333261621495146e-03
6.521000006006397523e-03 3.374999924562871630e-03
6.522000006003872766e-03 2.833333270003398057e-03
6.523000006001348008e-03 3.166666595886151025e-03
6.524000005998823251e-03 3.249999927356839267e-03
6.525000005996298494e-03 3.416666590298215751e-03
6.526000005993773737e-03 2.749999938532710249e-03
6.527000005991248979e-03 4.874999891035258250e-03
6.528000005988724222e-03 3.958333244857688456e-03
6.529000005986199465e-03 2.874999935738742178e-03
6.530000005983674707e-03 4.249999905005096869e-03
6.531000005981149950e-03 4.083333242063721252e-03
6.532000005978625193e-03 3.958333244857688456e-03
6.533000005976100436e-03 4.166666573534409494e-03
6.534000005973575678e-03 3.458333256033559438e-03
6.535000005971050921e-03 4.333333236475785978e-03
6.536000005968526164e-03 2.041666621031860626e-03
6.537000005966001406e-03 2.583333275591333765e-03
6.538000005963476649e-03 3.583333253239591801e-03
6.539000005960951892e-03 2.541666609855989644e-03
6.540000005958427134e-03 4.083333242063721252e-03
6.541000005955902377e-03 3.416666590298215751e-03
6.542000005953377620e-03 3.374999924562871630e-03
6.543000005950852863e-03 2.749999938532710249e-03
6.544000005948328105e-03 3.874999913387000647e-03
6.545000005945803348e-03 5.208333216918012085e-03
6.546000005943278591e-03 3.083333264415462783e-03
6.547000005940753833e-03 3.708333250445624164e-03
6.548000005938229076e-03 4.083333242063721252e-03
6.549000005935704319e-03 3.791666581916312406e-03
6.550000005933179562e-03 3.916666579122344768e-03
6.551000005930654804e-03 2.999999932944774541e-03
6.552000005928130047e-03 2.374999946914613160e-03
6.553000005925605290e-03 4.124999907799064940e-03
6.554000005923080532e-03 2.166666618237892989e-03
6.555000005920555775e-03 2.874999935738742178e-03
6.556000005918031018e-03 3.416666590298215751e-03
6.557000005915506261e-03 4.166666573534409494e-03
6.558000005912981503e-03 3.249999927356839267e-03
6.559000005910456746e-03 3.624999918974935922e-03
6.560000005907931989e-03 3.583333253239591801e-03
6.561000005905407231e-03 2.166666618237892989e-03
6.562000005902882474e-03 1.749999960884451779e-03
6.563000005900357717e-03 3.708333250445624164e-03
6.564000005897832959e-03 3.124999930150806904e-03
6.565000005895308202e-03 4.291666570740441423e-03
6.566000005892783445e-03 4.833333225299914562e-03
6.567000005890258688e-03 3.624999918974935922e-03
6.568000005887733930e-03 3.624999918974935922e-03
6.569000005885209173e-03 2.624999941326677886e-03
6.570000005882684416e-03 3.708333250445624164e-03
6.571000005880159658e-03 3.624999918974935922e-03
6.572000005877634901e-03 3.333333258827527075e-03
6.573000005875110144e-03 3.458333256033559438e-03
6.574000005872585387e-03 3.166666595886151025e-03
6.575000005870060629e-03 2.916666601474086733e-03
6.576000005867535872e-03 3.083333264415462783e-03
6.577000005865011115e-03 3.666666584710280043e-03
6.578000005862486357e-03 3.166666595886151025e-03
6.579000005859961600e-03 4.458333233681817907e-03
6.580000005857436843e-03 3.833333247651656527e-03
6.581000005854912085e-03 2.249999949708581231e-03
6.582000005852387328e-03 4.291666570740441423e-03
6.583000005849862571e-03 2.249999949708581231e-03
6.584000005847337814e-03 3.374999924562871630e-03
6.585000005844813056e-03 2.874999935738742178e-03
6.586000005842288299e-03 2.958333267209430420e-03
6.587000005839763542e-03 3.333333258827527075e-03
6.588000005837238784e-03 3.291666593092183388e-03
6.589000005834714027e-03 3.666666584710280043e-03
6.590000005832189270e-03 3.708333250445624164e-03
6.591000005829664513e-03 3.374999924562871630e-03
6.592000005827139755e-03 4.124999907799064940e-03
6.593000005824614998e-03 3.583333253239591801e-03
6.594000005822090241e-03 2.833333270003398057e-03
6.595000005819565483e-03 3.166666595886151025e-03
6.596000005817040726e-03 3.791666581916312406e-03
6.597000005814515969e-03 3.624999918974935922e-03
6.598000005811991212e-03 2.833333270003398057e-03
6.599000005809466454e-03 2.749999938532710249e-03
6.600000005806941697e-03 3.833333247651656527e-03
6.601000005804416940e-03 3.666666584710280043e-03
6.602000005801892182e-03 3.416666590298215751e-03
6.603000005799367425e-03 2.708333272797365694e-03
6.604000005796842668e-03 2.833333270003398057e-03
6.605000005794317910e-03 3.374999924562871630e-03
6.606000005791793153e-03 3.124999930150806904e-03
6.607000005789268396e-03 2.958333267209430420e-03
6.608000005786743639e-03 3.083333264415462783e-03
6.609000005784218881e-03 3.833333247651656527e-03
6.610000005781694124e-03 3.124999930150806904e-03
6.611000005779169367e-03 4.374999902211129665e-03
6.612000005776644609e-03 2.166666618237892989e-03
6.613000005774119852e-03 3.166666595886151025e-03
6.614000005771595095e-03 2.708333272797365694e-03
6.615000005769070338e-03 3.999999910593033010e-03
6.616000005766545580e-03 3.124999930150806904e-03
6.617000005764020823e-03 3.291666593092183388e-03
6.618000005761496066e-03 3.124999930150806904e-03
6.619000005758971308e-03 3.333333258827527075e-03
6.620000005756446551e-03 3.249999927356839267e-03
6.621000005753921794e-03 2.999999932944774541e-03
6.622000005751397037e-03 3.166666595886151025e-03
6.623000005748872279e-03 2.958333267209430420e-03
6.624000005746347522e-03 3.749999916180968285e-03
6.625000005743822765e-03 2.874999935738742178e-03
6.626000005741298007e-03 2.708333272797365694e-03
6.627000005738773250e-03 3.624999918974935922e-03
6.628000005736248493e-03 4.541666565152506149e-03
6.629000005733723735e-03 3.624999918974935922e-03
6.630000005731198978e-03 3.208333261621495146e-03
6.631000005728674221e-03 3.041666598680118662e-03
6.632000005726149464e-03 3.624999918974935922e-03
6.633000005723624706e-03 3.416666590298215751e-03
6.634000005721099949e-03 3.416666590298215751e-03
6.635000005718575192e-03 3.291666593092183388e-03
6.636000005716050434e-03 2.374999946914613160e-03
6.637000005713525677e-03 3.958333244857688456e-03
6.638000005711000920e-03 2.499999944120645523e-03
6.639000005708476163e-03 1.874999958090484142e-03
6.640000005705951405e-03 3.208333261621495146e-03
6.641000005703426648e-03 3.749999916180968285e-03
6.642000005700901891e-03 3.249999927356839267e-03
6.643000005698377133e-03 2.833333270003398057e-03
6.644000005695852376e-03 3.166666595886151025e-03
6.645000005693327619e-03 3.458333256033559438e-03
6.646000005690802862e-03 3.833333247651656527e-03
6.647000005688278104e-03 1.958333289561172384e-03
6.648000005685753347e-03 3.291666593092183388e-03
6.649000005683228590e-03 3.416666590298215751e-03
6.650000005680703832e-03 3.041666598680118662e-03
6.651000005678179075e-03 1.541666632207731391e-03
6.652000005675654318e-03 4.083333242063721252e-03
6.653000005673129560e-03 4.416666567946473353e-03
6.654000005670604803e-03 2.791666604268054370e-03
6.655000005668080046e-03 3.624999918974935922e-03
6.656000005665555289e-03 4.166666573534409494e-03
6.657000005663030531e-03 3.458333256033559438e-03
6.658000005660505774e-03 3.583333253239591801e-03
6.659000005657981017e-03 4.166666573534409494e-03
6.660000005655456259e-03 4.708333228093882633e-03
6.661000005652931502e-03 2.749999938532710249e-03
6.662000005650406745e-03 3.499999921768903559e-03
6.663000005647881988e-03 2.624999941326677886e-03
6.664000005645357230e-03 2.791666604268054370e-03
6.665000005642832473e-03 3.749999916180968285e-03
6.666000005640307716e-03 3.291666593092183388e-03
6.667000005637782958e-03 3.166666595886151025e-03
6.668000005635258201e-03 3.499999921768903559e-03
6.669000005632733444e-03 1.874999958090484142e-03
6.670000005630208686e-03 4.166666573534409494e-03
6.671000005627683929e-03 2.999999932944774541e-03
6.672000005625159172e-03 2.958333267209430420e-03
6.673000005622634415e-03 3.249999927356839267e-03
6.674000005620109657e-03 2.916666601474086733e-03
6.675000005617584900e-03 2.999999932944774541e-03
6.676000005615060143e-03 5.166666551182667530e-03
6.677000005612535385e-03 3.458333256033559438e-03
6.678000005610010628e-03 3.874999913387000647e-03
6.679000005607485871e-03 2.999999932944774541e-03
6.680000005604961114e-03 2.624999941326677886e-03
6.681000005602436356e-03 2.499999944120645523e-03
6.682000005599911599e-03 4.041666576328376698e-03
6.683000005597386842e-03 3.499999921768903559e-03
6.684000005594862084e-03 2.541666609855989644e-03
6.685000005592337327e-03 3.499999921768903559e-03
6.686000005589812570e-03 3.624999918974935922e-03
6.687000005587287813e-03 3.249999927356839267e-03
6.688000005584763055e-03 3.291666593092183388e-03
6.689000005582238298e-03 3.499999921768903559e-03
6.690000005579713541e-03 4.374999902211129665e-03
6.691000005577188783e-03 3.833333247651656527e-03
6.692000005574664026e-03 3.041666598680118662e-03
6.693000005572139269e-03 3.041666598680118662e-03
6.694000005569614511e-03 3.499999921768903559e-03
6.695000005567089754e-03 3.541666587504248113e-03
6.696000005564564997e-03 2.958333267209430420e-03
6.697000005562040240e-03 3.416666590298215751e-03
6.698000005559515482e-03 2.166666618237892989e-03
6.699000005556990725e-03 2.541666609855989644e-03
6.700000005554465968e-03 3.874999913387000647e-03
6.701000005551941210e-03 4.041666576328376698e-03
6.702000005549416453e-03 3.249999927356839267e-03
6.703000005546891696e-03 2.874999935738742178e-03
6.704000005544366939e-03 4.874999891035258250e-03
6.705000005541842181e-03 3.541666587504248113e-03
6.706000005539317424e-03 3.374999924562871630e-03
6.707000005536792667e-03 3.458333256033559438e-03
6.708000005534267909e-03 3.708333250445624164e-03
6.709000005531743152e-03 3.749999916180968285e-03
6.710000005529218395e-03 3.541666587504248113e-03
6.711000005526693638e-03 3.624999918974935922e-03
6.712000005524168880e-03 3.916666579122344768e-03
6.713000005521644123e-03 3.708333250445624164e-03
6.714000005519119366e-03 2.624999941326677886e-03
6.715000005516594608e-03 2.708333272797365694e-03
6.716000005514069851e-03 3.624999918974935922e-03
6.717000005511545094e-03 3.208333261621495146e-03
6.718000005509020336e-03 2.791666604268054370e-03
6.719000005506495579e-03 3.166666595886151025e-03
6.720000005503970822e-03 3.958333244857688456e-03
6.721000005501446065e-03 3.083333264415462783e-03
6.722000005498921307e-03 3.166666595886151025e-03
6.723000005496396550e-03 4.666666562358538078e-03
6.724000005493871793e-03 3.041666598680118662e-03
6.725000005491347035e-03 3.666666584710280043e-03
6.726000005488822278e-03 2.999999932944774541e-03
6.727000005486297521e-03 4.249999905005096869e-03
6.728000005483772764e-03 3.416666590298215751e-03
6.729000005481248006e-03 2.083333286767204747e-03
6.730000005478723249e-03 2.583333275591333765e-03
6.731000005476198492e-03 3.291666593092183388e-03
6.732000005473673734e-03 3.249999927356839267e-03
6.733000005471148977e-03 3.166666595886151025e-03
6.734000005468624220e-03 3.499999921768903559e-03
6.735000005466099463e-03 3.166666595886151025e-03
6.736000005463574705e-03 4.291666570740441423e-03
6.737000005461049948e-03 3.208333261621495146e-03
6.738000005458525191e-03 3.708333250445624164e-03
6.739000005456000433e-03 3.333333258827527075e-03
6.740000005453475676e-03 3.708333250445624164e-03
6.741000005450950919e-03 3.124999930150806904e-03
6.742000005448426161e-03 3.833333247651656527e-03
6.743000005445901404e-03 3.583333253239591801e-03
6.744000005443376647e-03 3.541666587504248113e-03
6.745000005440851890e-03 3.541666587504248113e-03
6.746000005438327132e-03 3.083333264415462783e-03
6.747000005435802375e-03 2.916666601474086733e-03
6.748000005433277618e-03 2.916666601474086733e-03
6.749000005430752860e-03 3.666666584710280043e-03
6.750000005428228103e-03 3.374999924562871630e-03
6.751000005425703346e-03 3.583333253239591801e-03
6.752000005423178589e-03 3.499999921768903559e-03
6.753000005420653831e-03 3.916666579122344768e-03
6.754000005418129074e-03 3.291666593092183388e-03
6.755000005415604317e-03 2.541666609855989644e-03
6.756000005413079559e-03 2.958333267209430420e-03
6.757000005410554802e-03 3.249999927356839267e-03
6.758000005408030045e-03 3.916666579122344768e-03
6.759000005405505287e-03 2.916666601474086733e-03
6.760000005402980530e-03 3.416666590298215751e-03
6.761000005400455773e-03 3.291666593092183388e-03
6.762000005397931016e-03 3.333333258827527075e-03
6.763000005395406258e-03 3.124999930150806904e-03
6.764000005392881501e-03 4.333333236475785978e-03
6.765000005390356744e-03 3.916666579122344768e-03
6.766000005387831986e-03 3.291666593092183388e-03
6.767000005385307229e-03 2.916666601474086733e-03
6.768000005382782472e-03 3.249999927356839267e-03
6.769000005380257715e-03 2.958333267209430420e-03
6.770000005377732957e-03 3.541666587504248113e-03
6.771000005375208200e-03 3.541666587504248113e-03
6.772000005372683443e-03 3.791666581916312406e-03
6.773000005370158685e-03 2.958333267209430420e-03
6.774000005367633928e-03 2.499999944120645523e-03
6.775000005365109171e-03 3.041666598680118662e-03
6.776000005362584414e-03 3.291666593092183388e-03
6.777000005360059656e-03 3.124999930150806904e-03
6.778000005357534899e-03 4.999999888241291046e-03
6.779000005355010142e-03 3.541666587504248113e-03
6.780000005352485384e-03 2.916666601474086733e-03
6.781000005349960627e-03 4.208333239269753182e-03
6.782000005347435870e-03 2.541666609855989644e-03
6.783000005344911112e-03 3.249999927356839267e-03
6.784000005342386355e-03 2.624999941326677886e-03
6.785000005339861598e-03 3.958333244857688456e-03
6.786000005337336841e-03 3.124999930150806904e-03
6.787000005334812083e-03 4.333333236475785978e-03
6.788000005332287326e-03 4.208333239269753182e-03
6.789000005329762569e-03 3.083333264415462783e-03
6.790000005327237811e-03 3.166666595886151025e-03
6.791000005324713054e-03 3.041666598680118662e-03
6.792000005322188297e-03 2.791666604268054370e-03
6.793000005319663540e-03 3.124999930150806904e-03
6.794000005317138782e-03 3.708333250445624164e-03
6.795000005314614025e-03 3.208333261621495146e-03
6.796000005312089268e-03 3.333333258827527075e-03
6.797000005309564510e-03 2.666666607062022007e-03
6.798000005307039753e-03 2.416666612649957281e-03
6.799000005304514996e-03 3.499999921768903559e-03
6.800000005301990239e-03 3.333333258827527075e-03
6.801000005299465481e-03 3.208333261621495146e-03
6.802000005296940724e-03 4.249999905005096869e-03
6.803000005294415967e-03 3.791666581916312406e-03
6.804000005291891209e-03 3.624999918974935922e-03
6.805000005289366452e-03 2.958333267209430420e-03
6.806000005286841695e-03 2.624999941326677886e-03
6.807000005284316937e-03 3.083333264415462783e-03
6.808000005281792180e-03 3.666666584710280043e-03
6.809000005279267423e-03 3.124999930150806904e-03
6.810000005276742666e-03 3.749999916180968285e-03
6.811000005274217908e-03 4.124999907799064940e-03
6.812000005271693151e-03 2.499999944120645523e-03
6.813000005269168394e-03 1.916666623825828263e-03
6.814000005266643636e-03 2.708333272797365694e-03
6.815000005264118879e-03 2.499999944120645523e-03
6.816000005261594122e-03 3.791666581916312406e-03
6.817000005259069365e-03 4.541666565152506149e-03
6.818000005256544607e-03 3.916666579122344768e-03
6.819000005254019850e-03 4.083333242063721252e-03
6.820000005251495093e-03 2.791666604268054370e-03
6.821000005248970335e-03 3.791666581916312406e-03
6.822000005246445578e-03 3.333333258827527075e-03
6.823000005243920821e-03 3.291666593092183388e-03
6.824000005241396064e-03 2.916666601474086733e-03
6.825000005238871306e-03 3.124999930150806904e-03
6.826000005236346549e-03 2.583333275591333765e-03
6.827000005233821792e-03 2.749999938532710249e-03
6.828000005231297034e-03 3.541666587504248113e-03
6.829000005228772277e-03 4.083333242063721252e-03
6.830000005226247520e-03 2.916666601474086733e-03
6.831000005223722762e-03 4.208333239269753182e-03
6.832000005221198005e-03 3.583333253239591801e-03
6.833000005218673248e-03 2.958333267209430420e-03
6.834000005216148491e-03 4.124999907799064940e-03
6.835000005213623733e-03 3.291666593092183388e-03
6.836000005211098976e-03 3.166666595886151025e-03
6.837000005208574219e-03 2.791666604268054370e-03
6.838000005206049461e-03 2.999999932944774541e-03
6.839000005203524704e-03 2.458333278385301402e-03
6.840000005200999947e-03 3.166666595886151025e-03
6.841000005198475190e-03 3.166666595886151025e-03
6.842000005195950432e-03 2.833333270003398057e-03
6.843000005193425675e-03 3.208333261621495146e-03
6.844000005190900918e-03 3.541666587504248113e-03
6.845000005188376160e-03 3.249999927356839267e-03
6.846000005185851403e-03 4.791666559564570875e-03
6.847000005183326646e-03 3.458333256033559438e-03
6.848000005180801888e-03 2.458333278385301402e-03
6.849000005178277131e-03 4.333333236475785978e-03
6.850000005175752374e-03 3.208333261621495146e-03
6.851000005173227617e-03 2.041666621031860626e-03
6.852000005170702859e-03 3.041666598680118662e-03
6.853000005168178102e-03 3.249999927356839267e-03
6.854000005165653345e-03 3.291666593092183388e-03
6.855000005163128587e-03 3.333333258827527075e-03
6.856000005160603830e-03 2.791666604268054370e-03
6.857000005158079073e-03 3.083333264415462783e-03
6.858000005155554316e-03 3.666666584710280043e-03
6.859000005153029558e-03 2.708333272797365694e-03
6.860000005150504801e-03 3.958333244857688456e-03
6.861000005147980044e-03 3.708333250445624164e-03
6.862000005145455286e-03 2.041666621031860626e-03
6.863000005142930529e-03 2.791666604268054370e-03
6.864000005140405772e-03 2.791666604268054370e-03
6.865000005137881015e-03 3.874999913387000647e-03
6.866000005135356257e-03 3.291666593092183388e-03
6.867000005132831500e-03 3.374999924562871630e-03
6.868000005130306743e-03 4.249999905005096869e-03
6.869000005127781985e-03 3.999999910593033010e-03
6.870000005125257228e-03 3.374999924562871630e-03
6.871000005122732471e-03 2.166666618237892989e-03
6.872000005120207713e-03 4.333333236475785978e-03
6.873000005117682956e-03 3.166666595886151025e-03
6.874000005115158199e-03 4.208333239269753182e-03
6.875000005112633442e-03 2.708333272797365694e-03
6.876000005110108684e-03 3.624999918974935922e-03
6.877000005107583927e-03 3.166666595886151025e-03
6.878000005105059170e-03 3.666666584710280043e-03
6.879000005102534412e-03 3.749999916180968285e-03
6.880000005100009655e-03 4.958333222505947359e-03
6.881000005097484898e-03 3.374999924562871630e-03
6.882000005094960141e-03 3.291666593092183388e-03
6.883000005092435383e-03 3.666666584710280043e-03
6.884000005089910626e-03 3.291666593092183388e-03
6.885000005087385869e-03 2.708333272797365694e-03
6.886000005084861111e-03 2.583333275591333765e-03
6.887000005082336354e-03 4.749999893829226320e-03
6.888000005079811597e-03 3.499999921768903559e-03
6.889000005077286840e-03 3.291666593092183388e-03
6.890000005074762082e-03 3.333333258827527075e-03
6.891000005072237325e-03 2.249999949708581231e-03
6.892000005069712568e-03 2.916666601474086733e-03
6.893000005067187810e-03 3.374999924562871630e-03
6.894000005064663053e-03 3.374999924562871630e-03
6.895000005062138296e-03 2.208333283973236676e-03
6.896000005059613538e-03 3.041666598680118662e-03
6.897000005057088781e-03 1.624999963678419633e-03
6.898000005054564024e-03 2.791666604268054370e-03
6.899000005052039267e-03 4.124999907799064940e-03
6.900000005049514509e-03 3.083333264415462783e-03
6.901000005046989752e-03 3.999999910593033010e-03
6.902000005044464995e-03 3.374999924562871630e-03
6.903000005041940237e-03 3.666666584710280043e-03
6.904000005039415480e-03 3.291666593092183388e-03
6.905000005036890723e-03 3.208333261621495146e-03
6.906000005034365966e-03 3.083333264415462783e-03
6.907000005031841208e-03 3.166666595886151025e-03
6.908000005029316451e-03 4.458333233681817907e-03
6.909000005026791694e-03 2.833333270003398057e-03
6.910000005024266936e-03 2.874999935738742178e-03
6.911000005021742179e-03 3.208333261621495146e-03
6.912000005019217422e-03 3.208333261621495146e-03
6.913000005016692665e-03 3.666666584710280043e-03
6.914000005014167907e-03 2.666666607062022007e-03
6.915000005011643150e-03 3.624999918974935922e-03
6.916000005009118393e-03 3.374999924562871630e-03
6.917000005006593635e-03 3.583333253239591801e-03
6.918000005004068878e-03 3.666666584710280043e-03
6.919000005001544121e-03 3.249999927356839267e-03
6.920000004999019363e-03 3.749999916180968285e-03
6.921000004996494606e-03 3.333333258827527075e-03
6.922000004993969849e-03 3.166666595886151025e-03
6.923000004991445092e-03 3.208333261621495146e-03
6.924000004988920334e-03 2.708333272797365694e-03
6.925000004986395577e-03 4.083333242063721252e-03
6.926000004983870820e-03 2.583333275591333765e-03
6.927000004981346062e-03 3.624999918974935922e-03
6.928000004978821305e-03 3.249999927356839267e-03
6.929000004976296548e-03 2.083333286767204747e-03
6.930000004973771791e-03 3.208333261621495146e-03
6.931000004971247033e-03 3.624999918974935922e-03
6.932000004968722276e-03 2.333333281179269039e-03
6.933000004966197519e-03 3.083333264415462783e-03
6.934000004963672761e-03 5.208333216918012085e-03
6.935000004961148004e-03 2.874999935738742178e-03
6.936000004958623247e-03 3.791666581916312406e-03
6.937000004956098489e-03 4.083333242063721252e-03
6.938000004953573732e-03 4.208333239269753182e-03
6.939000004951048975e-03 3.124999930150806904e-03
6.940000004948524218e-03 2.708333272797365694e-03
6.941000004945999460e-03 3.624999918974935922e-03
6.942000004943474703e-03 3.624999918974935922e-03
6.943000004940949946e-03 2.999999932944774541e-03
6.944000004938425188e-03 3.666666584710280043e-03
6.945000004935900431e-03 3.249999927356839267e-03
6.946000004933375674e-03 3.708333250445624164e-03
6.947000004930850917e-03 2.541666609855989644e-03
6.948000004928326159e-03 2.624999941326677886e-03
6.949000004925801402e-03 3.541666587504248113e-03
6.950000004923276645e-03 3.291666593092183388e-03
6.951000004920751887e-03 2.999999932944774541e-03
6.952000004918227130e-03 2.624999941326677886e-03
6.953000004915702373e-03 3.291666593092183388e-03
6.954000004913177616e-03 3.666666584710280043e-03
6.955000004910652858e-03 2.916666601474086733e-03
6.956000004908128101e-03 3.541666587504248113e-03
6.957000004905603344e-03 3.374999924562871630e-03
6.958000004903078586e-03 4.083333242063721252e-03
6.959000004900553829e-03 3.166666595886151025e-03
6.960000004898029072e-03 3.374999924562871630e-03
6.961000004895504314e-03 3.208333261621495146e-03
6.962000004892979557e-03 4.083333242063721252e-03
6.963000004890454800e-03 2.333333281179269039e-03
6.964000004887930043e-03 3.291666593092183388e-03
6.965000004885405285e-03 3.916666579122344768e-03
6.966000004882880528e-03 3.749999916180968285e-03
6.967000004880355771e-03 3.958333244857688456e-03
6.968000004877831013e-03 2.833333270003398057e-03
6.969000004875306256e-03 3.666666584710280043e-03
6.970000004872781499e-03 3.749999916180968285e-03
6.971000004870256742e-03 3.541666587504248113e-03
6.972000004867731984e-03 3.208333261621495146e-03
6.973000004865207227e-03 3.041666598680118662e-03
6.974000004862682470e-03 3.208333261621495146e-03
6.975000004860157712e-03 3.499999921768903559e-03
6.976000004857632955e-03 3.291666593092183388e-03
6.977000004855108198e-03 2.791666604268054370e-03
6.978000004852583441e-03 3.708333250445624164e-03
6.979000004850058683e-03 3.541666587504248113e-03
6.980000004847533926e-03 3.999999910593033010e-03
6.981000004845009169e-03 4.041666576328376698e-03
6.982000004842484411e-03 4.124999907799064940e-03
6.983000004839959654e-03 3.499999921768903559e-03
6.984000004837434897e-03 3.291666593092183388e-03
6.985000004834910139e-03 2.541666609855989644e-03
6.986000004832385382e-03 4.333333236475785978e-03
6.987000004829860625e-03 2.916666601474086733e-03
6.988000004827335868e-03 3.041666598680118662e-03
6.989000004824811110e-03 2.499999944120645523e-03
6.990000004822286353e-03 4.249999905005096869e-03
6.991000004819761596e-03 4.208333239269753182e-03
6.992000004817236838e-03 3.999999910593033010e-03
6.993000004814712081e-03 3.374999924562871630e-03
6.994000004812187324e-03 3.958333244857688456e-03
6.995000004809662567e-03 3.291666593092183388e-03
6.996000004807137809e-03 3.583333253239591801e-03
6.997000004804613052e-03 1.999999955296516505e-03
6.998000004802088295e-03 2.791666604268054370e-03
6.999000004799563537e-03 3.333333258827527075e-03
7.000000004797038780e-03 4.041666576328376698e-03
7.001000004794514023e-03 4.499999899417162462e-03
7.002000004791989266e-03 2.791666604268054370e-03
7.003000004789464508e-03 3.208333261621495146e-03
7.004000004786939751e-03 2.458333278385301402e-03
7.005000004784414994e-03 3.541666587504248113e-03
7.006000004781890236e-03 4.666666562358538078e-03
7.007000004779365479e-03 3.749999916180968285e-03
7.008000004776840722e-03 2.583333275591333765e-03
7.009000004774315964e-03 3.083333264415462783e-03
7.010000004771791207e-03 2.833333270003398057e-03
7.011000004769266450e-03 3.874999913387000647e-03
7.012000004766741693e-03 3.749999916180968285e-03
7.013000004764216935e-03 3.208333261621495146e-03
7.014000004761692178e-03 2.874999935738742178e-03
7.015000004759167421e-03 4.624999896623194391e-03
7.016000004756642663e-03 3.583333253239591801e-03
7.017000004754117906e-03 2.749999938532710249e-03
7.018000004751593149e-03 3.374999924562871630e-03
7.019000004749068392e-03 2.833333270003398057e-03
7.020000004746543634e-03 3.041666598680118662e-03
7.021000004744018877e-03 2.958333267209430420e-03
7.022000004741494120e-03 3.333333258827527075e-03
7.023000004738969362e-03 3.416666590298215751e-03
7.024000004736444605e-03 3.833333247651656527e-03
7.025000004733919848e-03 2.999999932944774541e-03
7.026000004731395090e-03 3.416666590298215751e-03
7.027000004728870333e-03 4.499999899417162462e-03
7.028000004726345576e-03 2.708333272797365694e-03
7.029000004723820819e-03 5.083333219711979288e-03
7.030000004721296061e-03 3.416666590298215751e-03
7.031000004718771304e-03 2.833333270003398057e-03
7.032000004716246547e-03 4.083333242063721252e-03
7.033000004713721789e-03 3.999999910593033010e-03
7.034000004711197032e-03 3.666666584710280043e-03
7.035000004708672275e-03 4.249999905005096869e-03
7.036000004706147518e-03 2.708333272797365694e-03
7.037000004703622760e-03 4.374999902211129665e-03
7.038000004701098003e-03 4.041666576328376698e-03
7.039000004698573246e-03 3.708333250445624164e-03
7.040000004696048488e-03 3.499999921768903559e-03
7.041000004693523731e-03 3.333333258827527075e-03
7.042000004690998974e-03 1.416666635001699029e-03
7.043000004688474217e-03 3.249999927356839267e-03
7.044000004685949459e-03 2.833333270003398057e-03
7.045000004683424702e-03 2.458333278385301402e-03
7.046000004680899945e-03 3.666666584710280043e-03
7.047000004678375187e-03 3.583333253239591801e-03
7.048000004675850430e-03 3.666666584710280043e-03
7.049000004673325673e-03 3.874999913387000647e-03
7.050000004670800915e-03 3.666666584710280043e-03
7.051000004668276158e-03 4.166666573534409494e-03
7.052000004665751401e-03 3.958333244857688456e-03
7.053000004663226644e-03 3.583333253239591801e-03
7.054000004660701886e-03 2.874999935738742178e-03
7.055000004658177129e-03 3.999999910593033010e-03
7.056000004655652372e-03 2.416666612649957281e-03
7.057000004653127614e-03 3.958333244857688456e-03
7.058000004650602857e-03 3.333333258827527075e-03
7.059000004648078100e-03 2.708333272797365694e-03
7.060000004645553343e-03 2.958333267209430420e-03
7.061000004643028585e-03 3.458333256033559438e-03
7.062000004640503828e-03 2.624999941326677886e-03
7.063000004637979071e-03 1.666666629413763537e-03
7.064000004635454313e-03 3.833333247651656527e-03
7.065000004632929556e-03 2.416666612649957281e-03
7.066000004630404799e-03 3.833333247651656527e-03
7.067000004627880042e-03 3.874999913387000647e-03
7.068000004625355284e-03 4.166666573534409494e-03
7.069000004622830527e-03 3.583333253239591801e-03
7.070000004620305770e-03 3.041666598680118662e-03
7.071000004617781012e-03 2.499999944120645523e-03
7.072000004615256255e-03 3.041666598680118662e-03
7.073000004612731498e-03 4.291666570740441423e-03
7.074000004610206740e-03 2.541666609855989644e-03
7.075000004607681983e-03 3.041666598680118662e-03
7.076000004605157226e-03 3.791666581916312406e-03
7.077000004602632469e-03 3.749999916180968285e-03
7.078000004600107711e-03 3.249999927356839267e-03
7.079000004597582954e-03 3.166666595886151025e-03
7.080000004595058197e-03 2.749999938532710249e-03
7.081000004592533439e-03 2.124999952502548434e-03
7.082000004590008682e-03 3.541666587504248113e-03
7.083000004587483925e-03 3.124999930150806904e-03
7.084000004584959168e-03 2.749999938532710249e-03
7.085000004582434410e-03 3.624999918974935922e-03
7.086000004579909653e-03 2.333333281179269039e-03
7.087000004577384896e-03 2.416666612649957281e-03
7.088000004574860138e-03 3.124999930150806904e-03
7.089000004572335381e-03 3.666666584710280043e-03
7.090000004569810624e-03 3.208333261621495146e-03
7.091000004567285867e-03 2.999999932944774541e-03
7.092000004564761109e-03 2.624999941326677886e-03
7.093000004562236352e-03 3.541666587504248113e-03
7.094000004559711595e-03 3.583333253239591801e-03
7.095000004557186837e-03 2.833333270003398057e-03
7.096000004554662080e-03 3.624999918974935922e-03
7.097000004552137323e-03 3.958333244857688456e-03
7.098000004549612565e-03 3.583333253239591801e-03
7.099000004547087808e-03 3.458333256033559438e-03
7.100000004544563051e-03 4.083333242063721252e-03
7.101000004542038294e-03 3.541666587504248113e-03
7.102000004539513536e-03 4.083333242063721252e-03
7.103000004536988779e-03 3.624999918974935922e-03
7.104000004534464022e-03 3.124999930150806904e-03
7.105000004531939264e-03 4.083333242063721252e-03
7.106000004529414507e-03 3.499999921768903559e-03
7.107000004526889750e-03 3.958333244857688456e-03
7.108000004524364993e-03 3.333333258827527075e-03
7.109000004521840235e-03 2.541666609855989644e-03
7.110000004519315478e-03 2.291666615443924918e-03
7.111000004516790721e-03 3.166666595886151025e-03
7.112000004514265963e-03 3.166666595886151025e-03
7.113000004511741206e-03 2.708333272797365694e-03
7.114000004509216449e-03 3.791666581916312406e-03
7.115000004506691691e-03 3.666666584710280043e-03
7.116000004504166934e-03 3.041666598680118662e-03
7.117000004501642177e-03 3.541666587504248113e-03
7.118000004499117420e-03 3.458333256033559438e-03
7.119000004496592662e-03 3.583333253239591801e-03
7.120000004494067905e-03 3.833333247651656527e-03
7.121000004491543148e-03 2.624999941326677886e-03
7.122000004489018390e-03 3.624999918974935922e-03
7.123000004486493633e-03 4.249999905005096869e-03
7.124000004483968876e-03 3.208333261621495146e-03
7.125000004481444119e-03 2.958333267209430420e-03
7.126000004478919361e-03 2.291666615443924918e-03
7.127000004476394604e-03 2.541666609855989644e-03
7.128000004473869847e-03 3.999999910593033010e-03
7.129000004471345089e-03 3.583333253239591801e-03
7.130000004468820332e-03 3.499999921768903559e-03
7.131000004466295575e-03 4.416666567946473353e-03
7.132000004463770818e-03 2.541666609855989644e-03
7.133000004461246060e-03 3.166666595886151025e-03
7.134000004458721303e-03 3.958333244857688456e-03
7.135000004456196546e-03 4.083333242063721252e-03
7.136000004453671788e-03 3.208333261621495146e-03
7.137000004451147031e-03 3.458333256033559438e-03
7.138000004448622274e-03 3.708333250445624164e-03
7.139000004446097516e-03 3.624999918974935922e-03
7.140000004443572759e-03 3.291666593092183388e-03
7.141000004441048002e-03 2.833333270003398057e-03
7.142000004438523245e-03 2.249999949708581231e-03
7.143000004435998487e-03 3.749999916180968285e-03
7.144000004433473730e-03 4.083333242063721252e-03
7.145000004430948973e-03 3.041666598680118662e-03
7.146000004428424215e-03 2.499999944120645523e-03
7.147000004425899458e-03 3.083333264415462783e-03
7.148000004423374701e-03 2.874999935738742178e-03
7.149000004420849944e-03 3.041666598680118662e-03
7.150000004418325186e-03 3.416666590298215751e-03
7.151000004415800429e-03 3.208333261621495146e-03
7.152000004413275672e-03 2.833333270003398057e-03
7.153000004410750914e-03 3.624999918974935922e-03
7.154000004408226157e-03 3.291666593092183388e-03
7.155000004405701400e-03 3.083333264415462783e-03
7.156000004403176643e-03 4.333333236475785978e-03
7.157000004400651885e-03 2.249999949708581231e-03
7.158000004398127128e-03 3.041666598680118662e-03
7.159000004395602371e-03 3.958333244857688456e-03
7.160000004393077613e-03 3.416666590298215751e-03
7.161000004390552856e-03 3.166666595886151025e-03
7.162000004388028099e-03 3.208333261621495146e-03
7.163000004385503341e-03 3.624999918974935922e-03
7.164000004382978584e-03 2.999999932944774541e-03
7.165000004380453827e-03 2.958333267209430420e-03
7.166000004377929070e-03 3.291666593092183388e-03
7.167000004375404312e-03 4.541666565152506149e-03
7.168000004372879555e-03 3.249999927356839267e-03
7.169000004370354798e-03 2.999999932944774541e-03
7.170000004367830040e-03 3.749999916180968285e-03
7.171000004365305283e-03 4.291666570740441423e-03
7.172000004362780526e-03 4.291666570740441423e-03
7.173000004360255769e-03 3.416666590298215751e-03
7.174000004357731011e-03 3.541666587504248113e-03
7.175000004355206254e-03 3.291666593092183388e-03
7.176000004352681497e-03 3.249999927356839267e-03
7.177000004350156739e-03 3.333333258827527075e-03
7.178000004347631982e-03 3.249999927356839267e-03
7.179000004345107225e-03 3.124999930150806904e-03
7.180000004342582468e-03 3.958333244857688456e-03
7.181000004340057710e-03 3.333333258827527075e-03
7.182000004337532953e-03 3.291666593092183388e-03
7.183000004335008196e-03 2.541666609855989644e-03
7.184000004332483438e-03 3.833333247651656527e-03
7.185000004329958681e-03 2.791666604268054370e-03
7.186000004327433924e-03 2.416666612649957281e-03
7.187000004324909166e-03 2.999999932944774541e-03
7.188000004322384409e-03 3.416666590298215751e-03
7.189000004319859652e-03 3.333333258827527075e-03
7.190000004317334895e-03 3.416666590298215751e-03
7.191000004314810137e-03 3.499999921768903559e-03
7.192000004312285380e-03 3.291666593092183388e-03
7.193000004309760623e-03 3.166666595886151025e-03
7.194000004307235865e-03 2.708333272797365694e-03
7.195000004304711108e-03 2.999999932944774541e-03
7.196000004302186351e-03 2.916666601474086733e-03
7.197000004299661594e-03 2.916666601474086733e-03
7.198000004297136836e-03 3.249999927356839267e-03
7.199000004294612079e-03 3.416666590298215751e-03
7.200000004292087322e-03 2.374999946914613160e-03
7.201000004289562564e-03 3.333333258827527075e-03
7.202000004287037807e-03 2.083333286767204747e-03
7.203000004284513050e-03 4.041666576328376698e-03
7.204000004281988292e-03 2.458333278385301402e-03
7.205000004279463535e-03 3.291666593092183388e-03
7.206000004276938778e-03 3.541666587504248113e-03
7.207000004274414021e-03 3.124999930150806904e-03
7.208000004271889263e-03 3.208333261621495146e-03
7.209000004269364506e-03 3.249999927356839267e-03
7.210000004266839749e-03 2.666666607062022007e-03
7.211000004264314991e-03 3.624999918974935922e-03
7.212000004261790234e-03 3.124999930150806904e-03
7.213000004259265477e-03 2.624999941326677886e-03
7.214000004256740720e-03 3.249999927356839267e-03
7.215000004254215962e-03 3.416666590298215751e-03
7.216000004251691205e-03 3.249999927356839267e-03
7.217000004249166448e-03 2.374999946914613160e-03
7.218000004246641690e-03 2.083333286767204747e-03
7.219000004244116933e-03 3.249999927356839267e-03
7.220000004241592176e-03 3.416666590298215751e-03
7.221000004239067419e-03 2.374999946914613160e-03
7.222000004236542661e-03 3.208333261621495146e-03
7.223000004234017904e-03 3.833333247651656527e-03
7.224000004231493147e-03 2.791666604268054370e-03
7.225000004228968389e-03 3.041666598680118662e-03
7.226000004226443632e-03 3.791666581916312406e-03
7.227000004223918875e-03 3.458333256033559438e-03
7.228000004221394117e-03 3.249999927356839267e-03
7.229000004218869360e-03 3.124999930150806904e-03
7.230000004216344603e-03 3.458333256033559438e-03
7.231000004213819846e-03 3.541666587504248113e-03
7.232000004211295088e-03 3.541666587504248113e-03
7.233000004208770331e-03 3.041666598680118662e-03
7.234000004206245574e-03 2.958333267209430420e-03
7.235000004203720816e-03 3.499999921768903559e-03
7.236000004201196059e-03 3.124999930150806904e-03
7.237000004198671302e-03 2.791666604268054370e-03
7.238000004196146545e-03 3.833333247651656527e-03
7.239000004193621787e-03 2.999999932944774541e-03
7.240000004191097030e-03 2.874999935738742178e-03
7.241000004188572273e-03 2.333333281179269039e-03
7.242000004186047515e-03 2.791666604268054370e-03
7.243000004183522758e-03 3.541666587504248113e-03
7.244000004180998001e-03 3.791666581916312406e-03
7.245000004178473244e-03 2.916666601474086733e-03
7.246000004175948486e-03 2.708333272797365694e-03
7.247000004173423729e-03 2.666666607062022007e-03
7.248000004170898972e-03 2.999999932944774541e-03
7.249000004168374214e-03 3.458333256033559438e-03
7.250000004165849457e-03 3.416666590298215751e-03
7.251000004163324700e-03 3.124999930150806904e-03
7.252000004160799942e-03 3.458333256033559438e-03
7.253000004158275185e-03 2.791666604268054370e-03
7.254000004155750428e-03 3.041666598680118662e-03
7.255000004153225671e-03 3.833333247651656527e-03
7.256000004150700913e-03 2.833333270003398057e-03
7.257000004148176156e-03 3.333333258827527075e-03
7.258000004145651399e-03 2.999999932944774541e-03
7.259000004143126641e-03 3.624999918974935922e-03
7.260000004140601884e-03 3.083333264415462783e-03
7.261000004138077127e-03 3.333333258827527075e-03
7.262000004135552370e-03 2.291666615443924918e-03
7.263000004133027612e-03 3.041666598680118662e-03
7.264000004130502855e-03 4.416666567946473353e-03
7.265000004127978098e-03 3.208333261621495146e-03
7.266000004125453340e-03 2.624999941326677886e-03
7.267000004122928583e-03 3.458333256033559438e-03
7.268000004120403826e-03 4.083333242063721252e-03
7.269000004117879069e-03 2.249999949708581231e-03
7.270000004115354311e-03 2.916666601474086733e-03
7.271000004112829554e-03 3.374999924562871630e-03
7.272000004110304797e-03 2.833333270003398057e-03
7.273000004107780039e-03 3.666666584710280043e-03
7.274000004105255282e-03 3.624999918974935922e-03
7.275000004102730525e-03 3.708333250445624164e-03
7.276000004100205767e-03 2.583333275591333765e-03
7.277000004097681010e-03 3.249999927356839267e-03
7.278000004095156253e-03 4.416666567946473353e-03
7.279000004092631496e-03 3.583333253239591801e-03
7.280000004090106738e-03 3.083333264415462783e-03
7.281000004087581981e-03 2.416666612649957281e-03
7.282000004085057224e-03 3.999999910593033010e-03
7.283000004082532466e-03 2.666666607062022007e-03
7.284000004080007709e-03 4.708333228093882633e-03
7.285000004077482952e-03 3.416666590298215751e-03
7.286000004074958195e-03 2.874999935738742178e-03
7.287000004072433437e-03 3.583333253239591801e-03
7.288000004069908680e-03 3.541666587504248113e-03
7.289000004067383923e-03 3.208333261621495146e-03
7.290000004064859165e-03 2.499999944120645523e-03
7.291000004062334408e-03 3.666666584710280043e-03
7.292000004059809651e-03 4.124999907799064940e-03
7.293000004057284893e-03 2.499999944120645523e-03
7.294000004054760136e-03 2.708333272797365694e-03
7.295000004052235379e-03 2.999999932944774541e-03
7.296000004049710622e-03 2.916666601474086733e-03
7.297000004047185864e-03 2.583333275591333765e-03
7.298000004044661107e-03 3.333333258827527075e-03
7.299000004042136350e-03 3.833333247651656527e-03
7.300000004039611592e-03 2.874999935738742178e-03
7.301000004037086835e-03 4.249999905005096869e-03
7.302000004034562078e-03 3.374999924562871630e-03
7.303000004032037321e-03 3.499999921768903559e-03
7.304000004029512563e-03 2.374999946914613160e-03
7.305000004026987806e-03 3.499999921768903559e-03
7.306000004024463049e-03 2.833333270003398057e-03
7.307000004021938291e-03 3.416666590298215751e-03
7.308000004019413534e-03 2.541666609855989644e-03
7.309000004016888777e-03 3.458333256033559438e-03
7.310000004014364020e-03 2.958333267209430420e-03
7.311000004011839262e-03 2.999999932944774541e-03
7.312000004009314505e-03 4.333333236475785978e-03
7.313000004006789748e-03 3.708333250445624164e-03
7.314000004004264990e-03 3.249999927356839267e-03
7.315000004001740233e-03 3.499999921768903559e-03
7.316000003999215476e-03 3.416666590298215751e-03
7.317000003996690718e-03 2.166666618237892989e-03
7.318000003994165961e-03 2.833333270003398057e-03
7.319000003991641204e-03 3.749999916180968285e-03
7.320000003989116447e-03 3.416666590298215751e-03
7.321000003986591689e-03 5.458333211330075943e-03
7.322000003984066932e-03 4.583333230887849837e-03
7.323000003981542175e-03 3.541666587504248113e-03
7.324000003979017417e-03 3.541666587504248113e-03
7.325000003976492660e-03 3.083333264415462783e-03
7.326000003973967903e-03 3.749999916180968285e-03
7.327000003971443146e-03 3.833333247651656527e-03
7.328000003968918388e-03 2.791666604268054370e-03
7.329000003966393631e-03 3.374999924562871630e-03
7.330000003963868874e-03 2.624999941326677886e-03
7.331000003961344116e-03 3.583333253239591801e-03
7.332000003958819359e-03 4.249999905005096869e-03
7.333000003956294602e-03 4.374999902211129665e-03
7.334000003953769845e-03 3.374999924562871630e-03
7.335000003951245087e-03 3.999999910593033010e-03
7.336000003948720330e-03 3.083333264415462783e-03
7.337000003946195573e-03 3.749999916180968285e-03
7.338000003943670815e-03 2.833333270003398057e-03
7.339000003941146058e-03 3.208333261621495146e-03
7.340000003938621301e-03 3.041666598680118662e-03
7.341000003936096543e-03 3.833333247651656527e-03
7.342000003933571786e-03 2.874999935738742178e-03
7.343000003931047029e-03 2.666666607062022007e-03
7.344000003928522272e-03 3.708333250445624164e-03
7.345000003925997514e-03 2.416666612649957281e-03
7.346000003923472757e-03 2.791666604268054370e-03
7.347000003920948000e-03 3.458333256033559438e-03
7.348000003918423242e-03 2.583333275591333765e-03
7.349000003915898485e-03 2.583333275591333765e-03
7.350000003913373728e-03 4.374999902211129665e-03
7.351000003910848971e-03 2.624999941326677886e-03
7.352000003908324213e-03 3.833333247651656527e-03
7.353000003905799456e-03 3.791666581916312406e-03
7.354000003903274699e-03 2.208333283973236676e-03
7.355000003900749941e-03 3.958333244857688456e-03
7.356000003898225184e-03 3.999999910593033010e-03
7.357000003895700427e-03 2.999999932944774541e-03
7.358000003893175670e-03 3.249999927356839267e-03
7.359000003890650912e-03 3.458333256033559438e-03
7.360000003888126155e-03 3.583333253239591801e-03
7.361000003885601398e-03 2.874999935738742178e-03
7.362000003883076640e-03 4.458333233681817907e-03
7.363000003880551883e-03 3.541666587504248113e-03
7.364000003878027126e-03 2.749999938532710249e-03
7.365000003875502368e-03 3.083333264415462783e-03
7.366000003872977611e-03 3.333333258827527075e-03
7.367000003870452854e-03 2.541666609855989644e-03
7.368000003867928097e-03 4.749999893829226320e-03
7.369000003865403339e-03 3.874999913387000647e-03
7.370000003862878582e-03 2.958333267209430420e-03
7.371000003860353825e-03 3.249999927356839267e-03
7.372000003857829067e-03 3.583333253239591801e-03
7.373000003855304310e-03 2.958333267209430420e-03
7.374000003852779553e-03 2.666666607062022007e-03
7.375000003850254796e-03 3.249999927356839267e-03
7.376000003847730038e-03 2.916666601474086733e-03
7.377000003845205281e-03 2.416666612649957281e-03
7.378000003842680524e-03 2.999999932944774541e-03
7.379000003840155766e-03 3.916666579122344768e-03
7.380000003837631009e-03 3.083333264415462783e-03
7.381000003835106252e-03 2.749999938532710249e-03
7.382000003832581495e-03 4.583333230887849837e-03
7.383000003830056737e-03 2.416666612649957281e-03
7.384000003827531980e-03 3.958333244857688456e-03
7.385000003825007223e-03 1.416666635001699029e-03
7.386000003822482465e-03 3.208333261621495146e-03
7.387000003819957708e-03 4.499999899417162462e-03
7.388000003817432951e-03 3.124999930150806904e-03
7.389000003814908193e-03 3.583333253239591801e-03
7.390000003812383436e-03 3.249999927356839267e-03
7.391000003809858679e-03 4.124999907799064940e-03
7.392000003807333922e-03 3.583333253239591801e-03
7.393000003804809164e-03 3.333333258827527075e-03
7.394000003802284407e-03 3.541666587504248113e-03
7.395000003799759650e-03 4.749999893829226320e-03
7.396000003797234892e-03 2.833333270003398057e-03
7.397000003794710135e-03 3.499999921768903559e-03
7.398000003792185378e-03 3.416666590298215751e-03
7.399000003789660621e-03 4.333333236475785978e-03
7.400000003787135863e-03 2.749999938532710249e-03
7.401000003784611106e-03 2.708333272797365694e-03
7.402000003782086349e-03 2.958333267209430420e-03
7.403000003779561591e-03 2.333333281179269039e-03
7.404000003777036834e-03 2.666666607062022007e-03
7.405000003774512077e-03 3.958333244857688456e-03
7.406000003771987319e-03 3.166666595886151025e-03
7.407000003769462562e-03 2.624999941326677886e-03
7.408000003766937805e-03 2.458333278385301402e-03
7.409000003764413048e-03 4.791666559564570875e-03
7.410000003761888290e-03 4.874999891035258250e-03
7.411000003759363533e-03 3.458333256033559438e-03
7.412000003756838776e-03 2.749999938532710249e-03
7.413000003754314018e-03 2.749999938532710249e-03
7.414000003751789261e-03 3.041666598680118662e-03
7.415000003749264504e-03 2.124999952502548434e-03
7.416000003746739747e-03 3.041666598680118662e-03
7.417000003744214989e-03 4.208333239269753182e-03
7.418000003741690232e-03 2.374999946914613160e-03
7.419000003739165475e-03 3.541666587504248113e-03
7.420000003736640717e-03 2.958333267209430420e-03
7.421000003734115960e-03 2.999999932944774541e-03
7.422000003731591203e-03 2.499999944120645523e-03
7.423000003729066446e-03 3.333333258827527075e-03
7.424000003726541688e-03 2.958333267209430420e-03
7.425000003724016931e-03 3.208333261621495146e-03
7.426000003721492174e-03 2.374999946914613160e-03
7.427000003718967416e-03 2.874999935738742178e-03
7.428000003716442659e-03 2.874999935738742178e-03
7.429000003713917902e-03 2.708333272797365694e-03
7.430000003711393144e-03 3.333333258827527075e-03
7.431000003708868387e-03 3.249999927356839267e-03
7.432000003706343630e-03 3.666666584710280043e-03
7.433000003703818873e-03 3.416666590298215751e-03
7.434000003701294115e-03 3.666666584710280043e-03
7.435000003698769358e-03 2.541666609855989644e-03
7.436000003696244601e-03 3.374999924562871630e-03
7.437000003693719843e-03 2.458333278385301402e-03
7.438000003691195086e-03 3.624999918974935922e-03
7.439000003688670329e-03 2.166666618237892989e-03
7.440000003686145572e-03 2.958333267209430420e-03
7.441000003683620814e-03 2.374999946914613160e-03
7.442000003681096057e-03 2.833333270003398057e-03
7.443000003678571300e-03 3.166666595886151025e-03
7.444000003676046542e-03 3.791666581916312406e-03
7.445000003673521785e-03 3.124999930150806904e-03
7.446000003670997028e-03 3.041666598680118662e-03
7.447000003668472271e-03 3.291666593092183388e-03
7.448000003665947513e-03 3.541666587504248113e-03
7.449000003663422756e-03 2.958333267209430420e-03
7.450000003660897999e-03 2.041666621031860626e-03
7.451000003658373241e-03 2.874999935738742178e-03
7.452000003655848484e-03 2.166666618237892989e-03
7.453000003653323727e-03 2.791666604268054370e-03
7.454000003650798969e-03 2.958333267209430420e-03
7.455000003648274212e-03 4.833333225299914562e-03
7.456000003645749455e-03 3.374999924562871630e-03
7.457000003643224698e-03 3.833333247651656527e-03
7.458000003640699940e-03 4.499999899417162462e-03
7.459000003638175183e-03 4.458333233681817907e-03
7.460000003635650426e-03 3.458333256033559438e-03
7.461000003633125668e-03 3.499999921768903559e-03
7.462000003630600911e-03 4.124999907799064940e-03
7.463000003628076154e-03 3.499999921768903559e-03
7.464000003625551397e-03 3.749999916180968285e-03
7.465000003623026639e-03 3.041666598680118662e-03
7.466000003620501882e-03 2.916666601474086733e-03
7.467000003617977125e-03 2.624999941326677886e-03
7.468000003615452367e-03 2.124999952502548434e-03
7.469000003612927610e-03 4.041666576328376698e-03
7.470000003610402853e-03 2.791666604268054370e-03
7.471000003607878096e-03 3.791666581916312406e-03
7.472000003605353338e-03 2.458333278385301402e-03
7.473000003602828581e-03 2.666666607062022007e-03
7.474000003600303824e-03 3.374999924562871630e-03
7.475000003597779066e-03 4.208333239269753182e-03
7.476000003595254309e-03 2.874999935738742178e-03
7.477000003592729552e-03 3.291666593092183388e-03
7.478000003590204794e-03 3.291666593092183388e-03
7.479000003587680037e-03 3.041666598680118662e-03
7.480000003585155280e-03 3.833333247651656527e-03
7.481000003582630523e-03 3.374999924562871630e-03
7.482000003580105765e-03 3.583333253239591801e-03
7.483000003577581008e-03 3.458333256033559438e-03
7.484000003575056251e-03 3.499999921768903559e-03
7.485000003572531493e-03 3.124999930150806904e-03
7.486000003570006736e-03 2.958333267209430420e-03
7.487000003567481979e-03 2.166666618237892989e-03
7.488000003564957222e-03 3.458333256033559438e-03
7.489000003562432464e-03 3.374999924562871630e-03
7.490000003559907707e-03 3.208333261621495146e-03
7.491000003557382950e-03 3.249999927356839267e-03
7.492000003554858192e-03 3.041666598680118662e-03
7.493000003552333435e-03 3.458333256033559438e-03
7.494000003549808678e-03 2.999999932944774541e-03
7.495000003547283920e-03 3.333333258827527075e-03
7.496000003544759163e-03 3.749999916180968285e-03
7.497000003542234406e-03 3.249999927356839267e-03
7.498000003539709649e-03 2.833333270003398057e-03
7.499000003537184891e-03 2.749999938532710249e-03
7.500000003534660134e-03 3.708333250445624164e-03
7.501000003532135377e-03 3.874999913387000647e-03
7.502000003529610619e-03 3.958333244857688456e-03
7.503000003527085862e-03 4.208333239269753182e-03
7.504000003524561105e-03 3.374999924562871630e-03
7.505000003522036348e-03 3.249999927356839267e-03
7.506000003519511590e-03 4.291666570740441423e-03
7.507000003516986833e-03 3.374999924562871630e-03
7.508000003514462076e-03 3.416666590298215751e-03
7.509000003511937318e-03 4.083333242063721252e-03
7.510000003509412561e-03 3.249999927356839267e-03
7.511000003506887804e-03 4.041666576328376698e-03
7.512000003504363047e-03 3.624999918974935922e-03
7.513000003501838289e-03 4.208333239269753182e-03
7.514000003499313532e-03 3.958333244857688456e-03
7.515000003496788775e-03 4.041666576328376698e-03
7.516000003494264017e-03 2.416666612649957281e-03
7.517000003491739260e-03 2.499999944120645523e-03
7.518000003489214503e-03 2.291666615443924918e-03
7.519000003486689745e-03 3.416666590298215751e-03
7.520000003484164988e-03 3.374999924562871630e-03
7.521000003481640231e-03 2.791666604268054370e-03
7.522000003479115474e-03 3.791666581916312406e-03
7.523000003476590716e-03 4.166666573534409494e-03
7.524000003474065959e-03 3.749999916180968285e-03
7.525000003471541202e-03 2.833333270003398057e-03
7.526000003469016444e-03 2.333333281179269039e-03
7.527000003466491687e-03 1.874999958090484142e-03
7.528000003463966930e-03 3.999999910593033010e-03
7.529000003461442173e-03 2.208333283973236676e-03
7.530000003458917415e-03 3.874999913387000647e-03
7.531000003456392658e-03 3.958333244857688456e-03
7.532000003453867901e-03 2.874999935738742178e-03
7.533000003451343143e-03 3.541666587504248113e-03
7.534000003448818386e-03 2.333333281179269039e-03
7.535000003446293629e-03 3.833333247651656527e-03
7.536000003443768872e-03 2.708333272797365694e-03
7.537000003441244114e-03 3.499999921768903559e-03
7.538000003438719357e-03 4.041666576328376698e-03
7.539000003436194600e-03 3.249999927356839267e-03
7.540000003433669842e-03 2.083333286767204747e-03
7.541000003431145085e-03 4.374999902211129665e-03
7.542000003428620328e-03 2.208333283973236676e-03
7.543000003426095570e-03 3.083333264415462783e-03
7.544000003423570813e-03 2.958333267209430420e-03
7.545000003421046056e-03 2.124999952502548434e-03
7.546000003418521299e-03 2.499999944120645523e-03
7.547000003415996541e-03 3.249999927356839267e-03
7.548000003413471784e-03 2.708333272797365694e-03
7.549000003410947027e-03 2.249999949708581231e-03
7.550000003408422269e-03 3.624999918974935922e-03
7.551000003405897512e-03 2.999999932944774541e-03
7.552000003403372755e-03 2.624999941326677886e-03
7.553000003400847998e-03 3.458333256033559438e-03
7.554000003398323240e-03 3.708333250445624164e-03
7.555000003395798483e-03 3.374999924562871630e-03
7.556000003393273726e-03 3.374999924562871630e-03
7.557000003390748968e-03 3.624999918974935922e-03
7.558000003388224211e-03 3.458333256033559438e-03
7.559000003385699454e-03 3.999999910593033010e-03
7.560000003383174697e-03 3.833333247651656527e-03
7.561000003380649939e-03 3.208333261621495146e-03
7.562000003378125182e-03 2.458333278385301402e-03
7.563000003375600425e-03 3.791666581916312406e-03
7.564000003373075667e-03 3.166666595886151025e-03
7.565000003370550910e-03 3.374999924562871630e-03
7.566000003368026153e-03 3.166666595886151025e-03
7.567000003365501395e-03 3.333333258827527075e-03
7.568000003362976638e-03 4.458333233681817907e-03
7.569000003360451881e-03 2.541666609855989644e-03
7.570000003357927124e-03 2.708333272797365694e-03
7.571000003355402366e-03 3.874999913387000647e-03
7.572000003352877609e-03 4.416666567946473353e-03
7.573000003350352852e-03 3.124999930150806904e-03
7.574000003347828094e-03 1.708333295149107875e-03
7.575000003345303337e-03 3.458333256033559438e-03
7.576000003342778580e-03 2.416666612649957281e-03
7.577000003340253823e-03 4.208333239269753182e-03
7.578000003337729065e-03 2.291666615443924918e-03
7.579000003335204308e-03 4.083333242063721252e-03
7.580000003332679551e-03 2.374999946914613160e-03
7.581000003330154793e-03 3.958333244857688456e-03
7.582000003327630036e-03 2.708333272797365694e-03
7.583000003325105279e-03 4.249999905005096869e-03
7.584000003322580521e-03 3.666666584710280043e-03
7.585000003320055764e-03 2.999999932944774541e-03
7.586000003317531007e-03 2.624999941326677886e-03
7.587000003315006250e-03 3.166666595886151025e-03
7.588000003312481492e-03 2.583333275591333765e-03
7.589000003309956735e-03 2.874999935738742178e-03
7.590000003307431978e-03 3.708333250445624164e-03
7.591000003304907220e-03 3.249999927356839267e-03
7.592000003302382463e-03 3.291666593092183388e-03
7.593000003299857706e-03 2.624999941326677886e-03
7.594000003297332949e-03 2.999999932944774541e-03
7.595000003294808191e-03 2.916666601474086733e-03
7.596000003292283434e-03 2.708333272797365694e-03
7.597000003289758677e-03 3.874999913387000647e-03
7.598000003287233919e-03 4.333333236475785978e-03
7.599000003284709162e-03 3.249999927356839267e-03
7.600000003282184405e-03 4.291666570740441423e-03
7.601000003279659648e-03 3.374999924562871630e-03
7.602000003277134890e-03 2.833333270003398057e-03
7.603000003274610133e-03 4.083333242063721252e-03
7.604000003272085376e-03 2.499999944120645523e-03
7.605000003269560618e-03 3.291666593092183388e-03
7.606000003267035861e-03 2.874999935738742178e-03
7.607000003264511104e-03 3.499999921768903559e-03
7.608000003261986346e-03 3.208333261621495146e-03
7.609000003259461589e-03 2.249999949708581231e-03
7.610000003256936832e-03 4.333333236475785978e-03
7.611000003254412075e-03 3.374999924562871630e-03
7.612000003251887317e-03 3.041666598680118662e-03
7.613000003249362560e-03 2.874999935738742178e-03
7.614000003246837803e-03 2.458333278385301402e-03
7.615000003244313045e-03 2.874999935738742178e-03
7.616000003241788288e-03 3.249999927356839267e-03
7.617000003239263531e-03 4.166666573534409494e-03
7.618000003236738774e-03 4.458333233681817907e-03
7.619000003234214016e-03 2.958333267209430420e-03
7.620000003231689259e-03 2.749999938532710249e-03
7.621000003229164502e-03 3.499999921768903559e-03
7.622000003226639744e-03 3.374999924562871630e-03
7.623000003224114987e-03 2.833333270003398057e-03
7.624000003221590230e-03 3.041666598680118662e-03
7.625000003219065473e-03 1.583333297943075512e-03
7.626000003216540715e-03 2.666666607062022007e-03
7.627000003214015958e-03 3.458333256033559438e-03
7.628000003211491201e-03 3.541666587504248113e-03
7.629000003208966443e-03 2.999999932944774541e-03
7.630000003206441686e-03 3.124999930150806904e-03
7.631000003203916929e-03 2.416666612649957281e-03
7.632000003201392171e-03 3.416666590298215751e-03
7.633000003198867414e-03 3.624999918974935922e-03
7.634000003196342657e-03 2.833333270003398057e-03
7.635000003193817900e-03 2.666666607062022007e-03
7.636000003191293142e-03 3.624999918974935922e-03
7.637000003188768385e-03 3.416666590298215751e-03
7.638000003186243628e-03 4.333333236475785978e-03
7.639000003183718870e-03 3.499999921768903559e-03
7.640000003181194113e-03 3.124999930150806904e-03
7.641000003178669356e-03 4.208333239269753182e-03
7.642000003176144599e-03 1.666666629413763537e-03
7.643000003173619841e-03 3.291666593092183388e-03
7.644000003171095084e-03 3.916666579122344768e-03
7.645000003168570327e-03 3.041666598680118662e-03
7.646000003166045569e-03 3.291666593092183388e-03
7.647000003163520812e-03 3.374999924562871630e-03
7.648000003160996055e-03 3.249999927356839267e-03
7.649000003158471298e-03 2.749999938532710249e-03
7.650000003155946540e-03 2.916666601474086733e-03
7.651000003153421783e-03 3.499999921768903559e-03
7.652000003150897026e-03 3.041666598680118662e-03
7.653000003148372268e-03 2.541666609855989644e-03
7.654000003145847511e-03 2.999999932944774541e-03
7.655000003143322754e-03 4.041666576328376698e-03
7.656000003140797996e-03 2.374999946914613160e-03
7.657000003138273239e-03 2.499999944120645523e-03
7.658000003135748482e-03 3.833333247651656527e-03
7.659000003133223725e-03 2.666666607062022007e-03
7.660000003130698967e-03 3.208333261621495146e-03
7.661000003128174210e-03 2.666666607062022007e-03
7.662000003125649453e-03 2.958333267209430420e-03
7.663000003123124695e-03 2.791666604268054370e-03
7.664000003120599938e-03 2.458333278385301402e-03
7.665000003118075181e-03 3.083333264415462783e-03
7.666000003115550424e-03 2.374999946914613160e-03
7.667000003113025666e-03 3.291666593092183388e-03
7.668000003110500909e-03 4.583333230887849837e-03
7.669000003107976152e-03 3.541666587504248113e-03
7.670000003105451394e-03 3.249999927356839267e-03
7.671000003102926637e-03 3.041666598680118662e-03
7.672000003100401880e-03 2.874999935738742178e-03
7.673000003097877122e-03 3.499999921768903559e-03
7.674000003095352365e-03 2.958333267209430420e-03
7.675000003092827608e-03 3.041666598680118662e-03
7.676000003090302851e-03 3.708333250445624164e-03
7.677000003087778093e-03 3.083333264415462783e-03
7.678000003085253336e-03 2.874999935738742178e-03
7.679000003082728579e-03 3.791666581916312406e-03
7.680000003080203821e-03 2.624999941326677886e-03
7.681000003077679064e-03 4.166666573534409494e-03
7.682000003075154307e-03 2.374999946914613160e-03
7.683000003072629550e-03 2.416666612649957281e-03
7.684000003070104792e-03 2.708333272797365694e-03
7.685000003067580035e-03 2.083333286767204747e-03
7.686000003065055278e-03 2.958333267209430420e-03
7.687000003062530520e-03 2.958333267209430420e-03
7.688000003060005763e-03 3.541666587504248113e-03
7.689000003057481006e-03 2.666666607062022007e-03
7.690000003054956249e-03 3.166666595886151025e-03
7.691000003052431491e-03 3.083333264415462783e-03
7.692000003049906734e-03 3.291666593092183388e-03
7.693000003047381977e-03 4.041666576328376698e-03
7.694000003044857219e-03 2.124999952502548434e-03
7.695000003042332462e-03 3.124999930150806904e-03
7.696000003039807705e-03 3.374999924562871630e-03
7.697000003037282947e-03 3.249999927356839267e-03
7.698000003034758190e-03 4.041666576328376698e-03
7.699000003032233433e-03 3.083333264415462783e-03
7.700000003029708676e-03 3.458333256033559438e-03
7.701000003027183918e-03 2.541666609855989644e-03
7.702000003024659161e-03 4.041666576328376698e-03
7.703000003022134404e-03 2.708333272797365694e-03
7.704000003019609646e-03 4.166666573534409494e-03
7.705000003017084889e-03 3.958333244857688456e-03
7.706000003014560132e-03 2.999999932944774541e-03
7.707000003012035375e-03 3.124999930150806904e-03
7.708000003009510617e-03 2.541666609855989644e-03
7.709000003006985860e-03 3.374999924562871630e-03
7.710000003004461103e-03 2.833333270003398057e-03
7.711000003001936345e-03 3.916666579122344768e-03
7.712000002999411588e-03 3.624999918974935922e-03
7.713000002996886831e-03 3.333333258827527075e-03
7.714000002994362074e-03 3.208333261621495146e-03
7.715000002991837316e-03 3.208333261621495146e-03
7.716000002989312559e-03 3.749999916180968285e-03
7.717000002986787802e-03 2.249999949708581231e-03
7.718000002984263044e-03 2.916666601474086733e-03
7.719000002981738287e-03 3.249999927356839267e-03
7.720000002979213530e-03 3.999999910593033010e-03
7.721000002976688772e-03 2.541666609855989644e-03
7.722000002974164015e-03 3.666666584710280043e-03
7.723000002971639258e-03 3.166666595886151025e-03
7.724000002969114501e-03 2.458333278385301402e-03
7.725000002966589743e-03 1.958333289561172384e-03
7.726000002964064986e-03 4.541666565152506149e-03
7.727000002961540229e-03 3.041666598680118662e-03
7.728000002959015471e-03 2.041666621031860626e-03
7.729000002956490714e-03 3.208333261621495146e-03
7.730000002953965957e-03 2.541666609855989644e-03
7.731000002951441200e-03 3.583333253239591801e-03
7.732000002948916442e-03 2.749999938532710249e-03
7.733000002946391685e-03 3.874999913387000647e-03
7.734000002943866928e-03 2.749999938532710249e-03
7.735000002941342170e-03 3.083333264415462783e-03
7.736000002938817413e-03 3.791666581916312406e-03
7.737000002936292656e-03 3.666666584710280043e-03
7.738000002933767899e-03 3.374999924562871630e-03
7.739000002931243141e-03 1.833333292355140021e-03
7.740000002928718384e-03 3.583333253239591801e-03
7.741000002926193627e-03 3.749999916180968285e-03
7.742000002923668869e-03 2.666666607062022007e-03
7.743000002921144112e-03 3.458333256033559438e-03
7.744000002918619355e-03 2.833333270003398057e-03
7.745000002916094597e-03 3.833333247651656527e-03
7.746000002913569840e-03 2.083333286767204747e-03
7.747000002911045083e-03 3.749999916180968285e-03
7.748000002908520326e-03 2.624999941326677886e-03
7.749000002905995568e-03 3.374999924562871630e-03
7.750000002903470811e-03 2.333333281179269039e-03
7.751000002900946054e-03 2.458333278385301402e-03
7.752000002898421296e-03 3.791666581916312406e-03
7.753000002895896539e-03 4.708333228093882633e-03
7.754000002893371782e-03 3.708333250445624164e-03
7.755000002890847025e-03 2.999999932944774541e-03
7.756000002888322267e-03 3.416666590298215751e-03
7.757000002885797510e-03 3.083333264415462783e-03
7.758000002883272753e-03 3.166666595886151025e-03
7.759000002880747995e-03 3.458333256033559438e-03
7.760000002878223238e-03 2.958333267209430420e-03
7.761000002875698481e-03 2.874999935738742178e-03
7.762000002873173723e-03 3.083333264415462783e-03
7.763000002870648966e-03 3.166666595886151025e-03
7.764000002868124209e-03 3.374999924562871630e-03
7.765000002865599452e-03 2.874999935738742178e-03
7.766000002863074694e-03 2.791666604268054370e-03
7.767000002860549937e-03 3.541666587504248113e-03
7.768000002858025180e-03 2.333333281179269039e-03
7.769000002855500422e-03 3.166666595886151025e-03
7.770000002852975665e-03 3.124999930150806904e-03
7.771000002850450908e-03 3.458333256033559438e-03
7.772000002847926151e-03 3.958333244857688456e-03
7.773000002845401393e-03 3.458333256033559438e-03
7.774000002842876636e-03 2.833333270003398057e-03
7.775000002840351879e-03 3.541666587504248113e-03
7.776000002837827121e-03 3.166666595886151025e-03
7.777000002835302364e-03 3.208333261621495146e-03
7.778000002832777607e-03 3.666666584710280043e-03
7.779000002830252850e-03 3.083333264415462783e-03
7.780000002827728092e-03 4.208333239269753182e-03
7.781000002825203335e-03 3.083333264415462783e-03
7.782000002822678578e-03 2.708333272797365694e-03
7.783000002820153820e-03 2.416666612649957281e-03
7.784000002817629063e-03 3.583333253239591801e-03
7.785000002815104306e-03 3.249999927356839267e-03
7.786000002812579548e-03 3.749999916180968285e-03
7.787000002810054791e-03 4.166666573534409494e-03
7.788000002807530034e-03 3.958333244857688456e-03
7.789000002805005277e-03 3.124999930150806904e-03
7.790000002802480519e-03 3.624999918974935922e-03
7.791000002799955762e-03 3.124999930150806904e-03
7.792000002797431005e-03 3.749999916180968285e-03
7.793000002794906247e-03 3.749999916180968285e-03
7.794000002792381490e-03 2.333333281179269039e-03
7.795000002789856733e-03 2.874999935738742178e-03
7.796000002787331976e-03 2.374999946914613160e-03
7.797000002784807218e-03 3.208333261621495146e-03
7.798000002782282461e-03 1.999999955296516505e-03
7.799000002779757704e-03 3.624999918974935922e-03
7.800000002777232946e-03 1.958333289561172384e-03
7.801000002774708189e-03 3.124999930150806904e-03
7.802000002772183432e-03 3.249999927356839267e-03
7.803000002769658675e-03 4.374999902211129665e-03
7.804000002767133917e-03 4.458333233681817907e-03
7.805000002764609160e-03 3.166666595886151025e-03
7.806000002762084403e-03 3.458333256033559438e-03
7.807000002759559645e-03 2.916666601474086733e-03
7.808000002757034888e-03 2.708333272797365694e-03
7.809000002754510131e-03 1.916666623825828263e-03
7.810000002751985373e-03 4.499999899417162462e-03
7.811000002749460616e-03 3.708333250445624164e-03
7.812000002746935859e-03 3.083333264415462783e-03
7.813000002744411102e-03 3.958333244857688456e-03
7.814000002741886344e-03 2.874999935738742178e-03
7.815000002739361587e-03 4.291666570740441423e-03
7.816000002736836830e-03 2.916666601474086733e-03
7.817000002734312072e-03 2.874999935738742178e-03
7.818000002731787315e-03 2.916666601474086733e-03
7.819000002729262558e-03 3.708333250445624164e-03
7.820000002726737801e-03 3.374999924562871630e-03
7.821000002724213043e-03 3.499999921768903559e-03
7.822000002721688286e-03 3.166666595886151025e-03
7.823000002719163529e-03 3.833333247651656527e-03
7.824000002716638771e-03 3.458333256033559438e-03
7.825000002714114014e-03 2.874999935738742178e-03
7.826000002711589257e-03 3.083333264415462783e-03
7.827000002709064500e-03 2.708333272797365694e-03
7.828000002706539742e-03 3.624999918974935922e-03
7.829000002704014985e-03 3.374999924562871630e-03
7.830000002701490228e-03 3.583333253239591801e-03
7.831000002698965470e-03 3.541666587504248113e-03
7.832000002696440713e-03 1.999999955296516505e-03
7.833000002693915956e-03 3.249999927356839267e-03
7.834000002691391198e-03 3.374999924562871630e-03
7.835000002688866441e-03 3.083333264415462783e-03
7.836000002686341684e-03 3.083333264415462783e-03
7.837000002683816927e-03 3.166666595886151025e-03
7.838000002681292169e-03 2.333333281179269039e-03
7.839000002678767412e-03 3.749999916180968285e-03
7.840000002676242655e-03 3.708333250445624164e-03
7.841000002673717897e-03 4.041666576328376698e-03
7.842000002671193140e-03 3.416666590298215751e-03
7.843000002668668383e-03 4.416666567946473353e-03
7.844000002666143626e-03 3.541666587504248113e-03
7.845000002663618868e-03 3.166666595886151025e-03
7.846000002661094111e-03 3.208333261621495146e-03
7.847000002658569354e-03 3.791666581916312406e-03
7.848000002656044596e-03 3.708333250445624164e-03
7.849000002653519839e-03 2.791666604268054370e-03
7.850000002650995082e-03 3.416666590298215751e-03
7.851000002648470324e-03 4.416666567946473353e-03
7.852000002645945567e-03 2.208333283973236676e-03
7.853000002643420810e-03 4.124999907799064940e-03
7.854000002640896053e-03 3.499999921768903559e-03
7.855000002638371295e-03 3.208333261621495146e-03
7.856000002635846538e-03 2.791666604268054370e-03
7.857000002633321781e-03 4.333333236475785978e-03
7.858000002630797023e-03 3.624999918974935922e-03
7.859000002628272266e-03 3.541666587504248113e-03
7.860000002625747509e-03 4.041666576328376698e-03
7.861000002623222752e-03 3.333333258827527075e-03
7.862000002620697994e-03 3.208333261621495146e-03
7.863000002618173237e-03 3.791666581916312406e-03
7.864000002615648480e-03 2.708333272797365694e-03
7.865000002613123722e-03 2.208333283973236676e-03
7.866000002610598965e-03 3.208333261621495146e-03
7.867000002608074208e-03 2.708333272797365694e-03
7.868000002605549451e-03 3.374999924562871630e-03
7.869000002603024693e-03 3.458333256033559438e-03
7.870000002600499936e-03 2.249999949708581231e-03
7.871000002597975179e-03 3.124999930150806904e-03
7.872000002595450421e-03 4.416666567946473353e-03
7.873000002592925664e-03 3.541666587504248113e-03
7.874000002590400907e-03 3.999999910593033010e-03
7.875000002587876149e-03 3.124999930150806904e-03
7.876000002585351392e-03 3.749999916180968285e-03
7.877000002582826635e-03 3.874999913387000647e-03
7.878000002580301878e-03 3.999999910593033010e-03
7.879000002577777120e-03 3.666666584710280043e-03
7.880000002575252363e-03 3.999999910593033010e-03
7.881000002572727606e-03 3.124999930150806904e-03
7.882000002570202848e-03 3.874999913387000647e-03
7.883000002567678091e-03 2.499999944120645523e-03
7.884000002565153334e-03 3.083333264415462783e-03
7.885000002562628577e-03 3.333333258827527075e-03
7.886000002560103819e-03 2.874999935738742178e-03
7.887000002557579062e-03 4.208333239269753182e-03
7.888000002555054305e-03 3.708333250445624164e-03
7.889000002552529547e-03 3.083333264415462783e-03
7.890000002550004790e-03 3.166666595886151025e-03
7.891000002547480033e-03 3.583333253239591801e-03
7.892000002544955276e-03 2.499999944120645523e-03
7.893000002542430518e-03 3.583333253239591801e-03
7.894000002539905761e-03 3.041666598680118662e-03
7.895000002537381004e-03 3.916666579122344768e-03
7.896000002534856246e-03 2.833333270003398057e-03
7.897000002532331489e-03 3.791666581916312406e-03
7.898000002529806732e-03 3.749999916180968285e-03
7.899000002527281974e-03 3.333333258827527075e-03
7.900000002524757217e-03 3.541666587504248113e-03
7.901000002522232460e-03 3.833333247651656527e-03
7.902000002519707703e-03 3.208333261621495146e-03
7.903000002517182945e-03 2.541666609855989644e-03
7.904000002514658188e-03 3.916666579122344768e-03
7.905000002512133431e-03 3.749999916180968285e-03
7.906000002509608673e-03 3.458333256033559438e-03
7.907000002507083916e-03 4.208333239269753182e-03
7.908000002504559159e-03 3.083333264415462783e-03
7.909000002502034402e-03 2.124999952502548434e-03
7.910000002499509644e-03 3.791666581916312406e-03
7.911000002496984887e-03 3.666666584710280043e-03
7.912000002494460130e-03 2.874999935738742178e-03
7.913000002491935372e-03 3.249999927356839267e-03
7.914000002489410615e-03 2.833333270003398057e-03
7.915000002486885858e-03 1.499999966472387270e-03
7.916000002484361101e-03 1.958333289561172384e-03
7.917000002481836343e-03 3.166666595886151025e-03
7.918000002479311586e-03 3.833333247651656527e-03
7.919000002476786829e-03 4.291666570740441423e-03
7.920000002474262071e-03 3.458333256033559438e-03
7.921000002471737314e-03 3.333333258827527075e-03
7.922000002469212557e-03 2.874999935738742178e-03
7.923000002466687799e-03 3.708333250445624164e-03
7.924000002464163042e-03 3.916666579122344768e-03
7.925000002461638285e-03 3.958333244857688456e-03
7.926000002459113528e-03 3.124999930150806904e-03
7.927000002456588770e-03 3.083333264415462783e-03
7.928000002454064013e-03 3.583333253239591801e-03
7.929000002451539256e-03 3.458333256033559438e-03
7.930000002449014498e-03 2.499999944120645523e-03
7.931000002446489741e-03 2.041666621031860626e-03
7.932000002443964984e-03 2.749999938532710249e-03
7.933000002441440227e-03 3.666666584710280043e-03
7.934000002438915469e-03 3.541666587504248113e-03
7.935000002436390712e-03 3.166666595886151025e-03
7.936000002433865955e-03 3.666666584710280043e-03
7.937000002431341197e-03 4.166666573534409494e-03
7.938000002428816440e-03 4.208333239269753182e-03
7.939000002426291683e-03 3.291666593092183388e-03
7.940000002423766925e-03 2.791666604268054370e-03
7.941000002421242168e-03 3.083333264415462783e-03
7.942000002418717411e-03 3.208333261621495146e-03
7.943000002416192654e-03 3.916666579122344768e-03
7.944000002413667896e-03 3.124999930150806904e-03
7.945000002411143139e-03 2.458333278385301402e-03
7.946000002408618382e-03 2.666666607062022007e-03
7.947000002406093624e-03 4.833333225299914562e-03
7.948000002403568867e-03 3.624999918974935922e-03
7.949000002401044110e-03 3.708333250445624164e-03
7.950000002398519353e-03 3.999999910593033010e-03
7.951000002395994595e-03 3.458333256033559438e-03
7.952000002393469838e-03 2.958333267209430420e-03
7.953000002390945081e-03 2.999999932944774541e-03
7.954000002388420323e-03 3.541666587504248113e-03
7.955000002385895566e-03 3.874999913387000647e-03
7.956000002383370809e-03 4.458333233681817907e-03
7.957000002380846052e-03 3.458333256033559438e-03
7.958000002378321294e-03 2.291666615443924918e-03
7.959000002375796537e-03 2.749999938532710249e-03
7.960000002373271780e-03 3.833333247651656527e-03
7.961000002370747022e-03 2.833333270003398057e-03
7.962000002368222265e-03 2.916666601474086733e-03
7.963000002365697508e-03 3.458333256033559438e-03
7.964000002363172750e-03 3.166666595886151025e-03
7.965000002360647993e-03 2.916666601474086733e-03
7.966000002358123236e-03 3.166666595886151025e-03
7.967000002355598479e-03 2.708333272797365694e-03
7.968000002353073721e-03 2.874999935738742178e-03
7.969000002350548964e-03 3.499999921768903559e-03
7.970000002348024207e-03 3.791666581916312406e-03
7.971000002345499449e-03 3.499999921768903559e-03
7.972000002342974692e-03 3.999999910593033010e-03
7.973000002340449935e-03 3.249999927356839267e-03
7.974000002337925178e-03 3.416666590298215751e-03
7.975000002335400420e-03 2.666666607062022007e-03
7.976000002332875663e-03 2.916666601474086733e-03
7.977000002330350906e-03 3.416666590298215751e-03
7.978000002327826148e-03 2.874999935738742178e-03
7.979000002325301391e-03 2.666666607062022007e-03
7.980000002322776634e-03 3.333333258827527075e-03
7.981000002320251877e-03 2.874999935738742178e-03
7.982000002317727119e-03 3.041666598680118662e-03
7.983000002315202362e-03 3.708333250445624164e-03
7.984000002312677605e-03 3.249999927356839267e-03
7.985000002310152847e-03 4.791666559564570875e-03
7.986000002307628090e-03 2.999999932944774541e-03
7.987000002305103333e-03 4.249999905005096869e-03
7.988000002302578575e-03 2.958333267209430420e-03
7.989000002300053818e-03 3.291666593092183388e-03
7.990000002297529061e-03 4.208333239269753182e-03
7.991000002295004304e-03 4.374999902211129665e-03
7.992000002292479546e-03 3.916666579122344768e-03
7.993000002289954789e-03 3.749999916180968285e-03
7.994000002287430032e-03 3.791666581916312406e-03
7.995000002284905274e-03 4.708333228093882633e-03
7.996000002282380517e-03 4.458333233681817907e-03
7.997000002279855760e-03 3.083333264415462783e-03
7.998000002277331003e-03 3.416666590298215751e-03
7.999000002274806245e-03 3.666666584710280043e-03
8.000000002272281488e-03 2.999999932944774541e-03
8.001000002269756731e-03 2.333333281179269039e-03
8.002000002267231973e-03 3.166666595886151025e-03
8.003000002264707216e-03 2.749999938532710249e-03
8.004000002262182459e-03 3.583333253239591801e-03
8.005000002259657702e-03 3.374999924562871630e-03
8.006000002257132944e-03 3.666666584710280043e-03
8.007000002254608187e-03 4.124999907799064940e-03
8.008000002252083430e-03 3.916666579122344768e-03
8.009000002249558672e-03 3.458333256033559438e-03
8.010000002247033915e-03 2.791666604268054370e-03
8.011000002244509158e-03 2.916666601474086733e-03
8.012000002241984400e-03 2.999999932944774541e-03
8.013000002239459643e-03 2.666666607062022007e-03
8.014000002236934886e-03 3.583333253239591801e-03
8.015000002234410129e-03 3.999999910593033010e-03
8.016000002231885371e-03 1.708333295149107875e-03
8.017000002229360614e-03 2.999999932944774541e-03
8.018000002226835857e-03 3.291666593092183388e-03
8.019000002224311099e-03 2.833333270003398057e-03
8.020000002221786342e-03 3.124999930150806904e-03
8.021000002219261585e-03 3.333333258827527075e-03
8.022000002216736828e-03 2.333333281179269039e-03
8.023000002214212070e-03 3.874999913387000647e-03
8.024000002211687313e-03 3.791666581916312406e-03
8.025000002209162556e-03 2.624999941326677886e-03
8.026000002206637798e-03 3.041666598680118662e-03
8.027000002204113041e-03 2.833333270003398057e-03
8.028000002201588284e-03 3.124999930150806904e-03
8.029000002199063526e-03 2.249999949708581231e-03
8.030000002196538769e-03 3.583333253239591801e-03
8.031000002194014012e-03 2.499999944120645523e-03
8.032000002191489255e-03 2.874999935738742178e-03
8.033000002188964497e-03 3.041666598680118662e-03
8.034000002186439740e-03 3.083333264415462783e-03
8.035000002183914983e-03 3.833333247651656527e-03
8.036000002181390225e-03 3.124999930150806904e-03
8.037000002178865468e-03 3.458333256033559438e-03
8.038000002176340711e-03 3.458333256033559438e-03
8.039000002173815954e-03 4.499999899417162462e-03
8.040000002171291196e-03 3.666666584710280043e-03
8.041000002168766439e-03 3.583333253239591801e-03
8.042000002166241682e-03 2.916666601474086733e-03
8.043000002163716924e-03 3.333333258827527075e-03
8.044000002161192167e-03 3.291666593092183388e-03
8.045000002158667410e-03 2.874999935738742178e-03
8.046000002156142653e-03 3.791666581916312406e-03
8.047000002153617895e-03 4.249999905005096869e-03
8.048000002151093138e-03 2.541666609855989644e-03
8.049000002148568381e-03 3.124999930150806904e-03
8.050000002146043623e-03 3.583333253239591801e-03
8.051000002143518866e-03 3.583333253239591801e-03
8.052000002140994109e-03 3.999999910593033010e-03
8.053000002138469351e-03 3.374999924562871630e-03
8.054000002135944594e-03 4.999999888241291046e-03
8.055000002133419837e-03 3.916666579122344768e-03
8.056000002130895080e-03 3.499999921768903559e-03
8.057000002128370322e-03 2.666666607062022007e-03
8.058000002125845565e-03 2.333333281179269039e-03
8.059000002123320808e-03 3.333333258827527075e-03
8.060000002120796050e-03 3.166666595886151025e-03
8.061000002118271293e-03 3.333333258827527075e-03
8.062000002115746536e-03 3.958333244857688456e-03
8.063000002113221779e-03 2.958333267209430420e-03
8.064000002110697021e-03 2.874999935738742178e-03
8.065000002108172264e-03 2.874999935738742178e-03
8.066000002105647507e-03 3.249999927356839267e-03
8.067000002103122749e-03 3.208333261621495146e-03
8.068000002100597992e-03 3.416666590298215751e-03
8.069000002098073235e-03 2.708333272797365694e-03
8.070000002095548478e-03 4.541666565152506149e-03
8.071000002093023720e-03 4.124999907799064940e-03
8.072000002090498963e-03 3.583333253239591801e-03
8.073000002087974206e-03 4.083333242063721252e-03
8.074000002085449448e-03 2.624999941326677886e-03
8.075000002082924691e-03 3.958333244857688456e-03
8.076000002080399934e-03 3.291666593092183388e-03
8.077000002077875176e-03 3.541666587504248113e-03
8.078000002075350419e-03 4.249999905005096869e-03
8.079000002072825662e-03 3.874999913387000647e-03
8.080000002070300905e-03 2.583333275591333765e-03
8.081000002067776147e-03 3.249999927356839267e-03
8.082000002065251390e-03 3.249999927356839267e-03
8.083000002062726633e-03 2.499999944120645523e-03
8.084000002060201875e-03 4.041666576328376698e-03
8.085000002057677118e-03 2.749999938532710249e-03
8.086000002055152361e-03 2.541666609855989644e-03
8.087000002052627604e-03 3.166666595886151025e-03
8.088000002050102846e-03 2.416666612649957281e-03
8.089000002047578089e-03 3.249999927356839267e-03
8.090000002045053332e-03 4.291666570740441423e-03
8.091000002042528574e-03 3.166666595886151025e-03
8.092000002040003817e-03 3.874999913387000647e-03
8.093000002037479060e-03 3.333333258827527075e-03
8.094000002034954303e-03 2.416666612649957281e-03
8.095000002032429545e-03 3.124999930150806904e-03
8.096000002029904788e-03 2.333333281179269039e-03
8.097000002027380031e-03 3.249999927356839267e-03
8.098000002024855273e-03 2.833333270003398057e-03
8.099000002022330516e-03 2.749999938532710249e-03
8.100000002019805759e-03 4.124999907799064940e-03
8.101000002017281001e-03 4.124999907799064940e-03
8.102000002014756244e-03 2.999999932944774541e-03
8.103000002012231487e-03 3.416666590298215751e-03
8.104000002009706730e-03 3.166666595886151025e-03
8.105000002007181972e-03 3.041666598680118662e-03
8.106000002004657215e-03 2.708333272797365694e-03
8.107000002002132458e-03 3.249999927356839267e-03
8.108000001999607700e-03 2.958333267209430420e-03
8.109000001997082943e-03 2.416666612649957281e-03
8.110000001994558186e-03 3.249999927356839267e-03
8.111000001992033429e-03 2.874999935738742178e-03
8.112000001989508671e-03 3.541666587504248113e-03
8.113000001986983914e-03 3.791666581916312406e-03
8.114000001984459157e-03 3.499999921768903559e-03
8.115000001981934399e-03 2.749999938532710249e-03
8.116000001979409642e-03 2.958333267209430420e-03
8.117000001976884885e-03 3.999999910593033010e-03
8.118000001974360127e-03 3.958333244857688456e-03
8.119000001971835370e-03 2.541666609855989644e-03
8.120000001969310613e-03 2.833333270003398057e-03
8.121000001966785856e-03 3.458333256033559438e-03
8.122000001964261098e-03 3.958333244857688456e-03
8.123000001961736341e-03 2.999999932944774541e-03
8.124000001959211584e-03 4.333333236475785978e-03
8.125000001956686826e-03 3.833333247651656527e-03
8.126000001954162069e-03 3.666666584710280043e-03
8.127000001951637312e-03 2.874999935738742178e-03
8.128000001949112555e-03 2.749999938532710249e-03
8.129000001946587797e-03 3.791666581916312406e-03
8.130000001944063040e-03 3.749999916180968285e-03
8.131000001941538283e-03 4.166666573534409494e-03
8.132000001939013525e-03 2.666666607062022007e-03
8.133000001936488768e-03 3.458333256033559438e-03
8.134000001933964011e-03 4.166666573534409494e-03
8.135000001931439254e-03 3.541666587504248113e-03
8.136000001928914496e-03 2.291666615443924918e-03
8.137000001926389739e-03 3.208333261621495146e-03
8.138000001923864982e-03 3.791666581916312406e-03
8.139000001921340224e-03 3.833333247651656527e-03
8.140000001918815467e-03 4.041666576328376698e-03
8.141000001916290710e-03 3.499999921768903559e-03
8.142000001913765952e-03 5.083333219711979288e-03
8.143000001911241195e-03 2.833333270003398057e-03
8.144000001908716438e-03 3.124999930150806904e-03
8.145000001906191681e-03 2.124999952502548434e-03
8.146000001903666923e-03 3.374999924562871630e-03
8.147000001901142166e-03 3.249999927356839267e-03
8.148000001898617409e-03 4.083333242063721252e-03
8.149000001896092651e-03 2.416666612649957281e-03
8.150000001893567894e-03 2.749999938532710249e-03
8.151000001891043137e-03 3.541666587504248113e-03
8.152000001888518380e-03 3.166666595886151025e-03
8.153000001885993622e-03 3.166666595886151025e-03
8.154000001883468865e-03 3.416666590298215751e-03
8.155000001880944108e-03 3.083333264415462783e-03
8.156000001878419350e-03 3.791666581916312406e-03
8.157000001875894593e-03 3.333333258827527075e-03
8.158000001873369836e-03 4.166666573534409494e-03
8.159000001870845079e-03 2.583333275591333765e-03
8.160000001868320321e-03 3.708333250445624164e-03
8.161000001865795564e-03 4.041666576328376698e-03
8.162000001863270807e-03 3.958333244857688456e-03
8.163000001860746049e-03 2.833333270003398057e-03
8.164000001858221292e-03 2.916666601474086733e-03
8.165000001855696535e-03 3.708333250445624164e-03
8.166000001853171777e-03 4.208333239269753182e-03
8.167000001850647020e-03 2.749999938532710249e-03
8.168000001848122263e-03 2.999999932944774541e-03
8.169000001845597506e-03 2.916666601474086733e-03
8.170000001843072748e-03 3.041666598680118662e-03
8.171000001840547991e-03 2.291666615443924918e-03
8.172000001838023234e-03 3.249999927356839267e-03
8.173000001835498476e-03 3.291666593092183388e-03
8.174000001832973719e-03 2.458333278385301402e-03
8.175000001830448962e-03 3.833333247651656527e-03
8.176000001827924205e-03 3.249999927356839267e-03
8.177000001825399447e-03 3.458333256033559438e-03
8.178000001822874690e-03 3.624999918974935922e-03
8.179000001820349933e-03 3.833333247651656527e-03
8.180000001817825175e-03 2.666666607062022007e-03
8.181000001815300418e-03 2.333333281179269039e-03
8.182000001812775661e-03 3.166666595886151025e-03
8.183000001810250904e-03 3.291666593092183388e-03
8.184000001807726146e-03 2.333333281179269039e-03
8.185000001805201389e-03 2.666666607062022007e-03
8.186000001802676632e-03 4.666666562358538078e-03
8.187000001800151874e-03 2.874999935738742178e-03
8.188000001797627117e-03 4.416666567946473353e-03
8.189000001795102360e-03 3.083333264415462783e-03
8.190000001792577602e-03 2.541666609855989644e-03
8.191000001790052845e-03 2.458333278385301402e-03
8.192000001787528088e-03 2.458333278385301402e-03
8.193000001785003331e-03 3.708333250445624164e-03
8.194000001782478573e-03 3.999999910593033010e-03
8.195000001779953816e-03 3.208333261621495146e-03
8.196000001777429059e-03 5.166666551182667530e-03
8.197000001774904301e-03 3.249999927356839267e-03
8.198000001772379544e-03 3.624999918974935922e-03
8.199000001769854787e-03 3.458333256033559438e-03
8.200000001767330030e-03 4.041666576328376698e-03
8.201000001764805272e-03 2.916666601474086733e-03
8.202000001762280515e-03 4.874999891035258250e-03
8.203000001759755758e-03 2.416666612649957281e-03
8.204000001757231000e-03 3.291666593092183388e-03
8.205000001754706243e-03 3.249999927356839267e-03
8.206000001752181486e-03 2.541666609855989644e-03
8.207000001749656729e-03 3.416666590298215751e-03
8.208000001747131971e-03 2.541666609855989644e-03
8.209000001744607214e-03 2.666666607062022007e-03
8.210000001742082457e-03 2.499999944120645523e-03
8.211000001739557699e-03 2.291666615443924918e-03
8.212000001737032942e-03 3.999999910593033010e-03
8.213000001734508185e-03 3.291666593092183388e-03
8.214000001731983427e-03 2.583333275591333765e-03
8.215000001729458670e-03 3.958333244857688456e-03
8.216000001726933913e-03 3.624999918974935922e-03
8.217000001724409156e-03 2.833333270003398057e-03
8.218000001721884398e-03 3.999999910593033010e-03
8.219000001719359641e-03 4.374999902211129665e-03
8.220000001716834884e-03 2.499999944120645523e-03
8.221000001714310126e-03 3.083333264415462783e-03
8.222000001711785369e-03 3.874999913387000647e-03
8.223000001709260612e-03 3.249999927356839267e-03
8.224000001706735855e-03 3.374999924562871630e-03
8.225000001704211097e-03 3.291666593092183388e-03
8.226000001701686340e-03 2.624999941326677886e-03
8.227000001699161583e-03 3.749999916180968285e-03
8.228000001696636825e-03 3.833333247651656527e-03
8.229000001694112068e-03 2.958333267209430420e-03
8.230000001691587311e-03 3.249999927356839267e-03
8.231000001689062553e-03 3.166666595886151025e-03
8.232000001686537796e-03 2.374999946914613160e-03
8.233000001684013039e-03 3.041666598680118662e-03
8.234000001681488282e-03 3.374999924562871630e-03
8.235000001678963524e-03 3.083333264415462783e-03
8.236000001676438767e-03 3.416666590298215751e-03
8.237000001673914010e-03 2.916666601474086733e-03
8.238000001671389252e-03 3.333333258827527075e-03
8.239000001668864495e-03 2.166666618237892989e-03
8.240000001666339738e-03 2.666666607062022007e-03
8.241000001663814981e-03 3.583333253239591801e-03
8.242000001661290223e-03 3.999999910593033010e-03
8.243000001658765466e-03 2.499999944120645523e-03
8.244000001656240709e-03 3.999999910593033010e-03
8.245000001653715951e-03 4.791666559564570875e-03
8.246000001651191194e-03 2.291666615443924918e-03
8.247000001648666437e-03 2.416666612649957281e-03
8.248000001646141680e-03 3.833333247651656527e-03
8.249000001643616922e-03 2.999999932944774541e-03
8.250000001641092165e-03 3.249999927356839267e-03
8.251000001638567408e-03 3.083333264415462783e-03
8.252000001636042650e-03 3.249999927356839267e-03
8.253000001633517893e-03 2.958333267209430420e-03
8.254000001630993136e-03 3.208333261621495146e-03
8.255000001628468378e-03 3.458333256033559438e-03
8.256000001625943621e-03 4.374999902211129665e-03
8.257000001623418864e-03 3.458333256033559438e-03
8.258000001620894107e-03 3.124999930150806904e-03
8.259000001618369349e-03 4.249999905005096869e-03
8.260000001615844592e-03 3.499999921768903559e-03
8.261000001613319835e-03 2.999999932944774541e-03
8.262000001610795077e-03 2.583333275591333765e-03
8.263000001608270320e-03 2.791666604268054370e-03
8.264000001605745563e-03 3.541666587504248113e-03
8.265000001603220806e-03 2.874999935738742178e-03
8.266000001600696048e-03 3.083333264415462783e-03
8.267000001598171291e-03 3.624999918974935922e-03
8.268000001595646534e-03 3.458333256033559438e-03
8.269000001593121776e-03 1.874999958090484142e-03
8.270000001590597019e-03 2.999999932944774541e-03
8.271000001588072262e-03 2.166666618237892989e-03
8.272000001585547505e-03 4.166666573534409494e-03
8.273000001583022747e-03 3.583333253239591801e-03
8.274000001580497990e-03 4.374999902211129665e-03
8.275000001577973233e-03 3.249999927356839267e-03
8.276000001575448475e-03 3.083333264415462783e-03
8.277000001572923718e-03 2.208333283973236676e-03
8.278000001570398961e-03 3.749999916180968285e-03
8.279000001567874203e-03 3.666666584710280043e-03
8.280000001565349446e-03 3.333333258827527075e-03
8.281000001562824689e-03 3.416666590298215751e-03
8.282000001560299932e-03 3.666666584710280043e-03
8.283000001557775174e-03 3.374999924562871630e-03
8.284000001555250417e-03 4.374999902211129665e-03
8.285000001552725660e-03 2.874999935738742178e-03
8.286000001550200902e-03 3.624999918974935922e-03
8.287000001547676145e-03 2.124999952502548434e-03
8.288000001545151388e-03 3.791666581916312406e-03
8.289000001542626631e-03 2.874999935738742178e-03
8.290000001540101873e-03 3.791666581916312406e-03
8.291000001537577116e-03 4.166666573534409494e-03
8.292000001535052359e-03 3.749999916180968285e-03
8.293000001532527601e-03 3.458333256033559438e-03
8.294000001530002844e-03 3.874999913387000647e-03
8.295000001527478087e-03 4.333333236475785978e-03
8.296000001524953330e-03 3.249999927356839267e-03
8.297000001522428572e-03 3.041666598680118662e-03
8.298000001519903815e-03 3.083333264415462783e-03
8.299000001517379058e-03 3.458333256033559438e-03
8.300000001514854300e-03 3.583333253239591801e-03
8.301000001512329543e-03 3.249999927356839267e-03
8.302000001509804786e-03 3.666666584710280043e-03
8.303000001507280028e-03 4.249999905005096869e-03
8.304000001504755271e-03 2.833333270003398057e-03
8.305000001502230514e-03 2.416666612649957281e-03
8.306000001499705757e-03 3.041666598680118662e-03
8.307000001497180999e-03 4.333333236475785978e-03
8.308000001494656242e-03 2.874999935738742178e-03
8.309000001492131485e-03 3.249999927356839267e-03
8.310000001489606727e-03 3.499999921768903559e-03
8.311000001487081970e-03 2.708333272797365694e-03
8.312000001484557213e-03 4.208333239269753182e-03
8.313000001482032456e-03 2.458333278385301402e-03
8.314000001479507698e-03 3.249999927356839267e-03
8.315000001476982941e-03 4.083333242063721252e-03
8.316000001474458184e-03 3.916666579122344768e-03
8.317000001471933426e-03 3.458333256033559438e-03
8.318000001469408669e-03 3.333333258827527075e-03
8.319000001466883912e-03 3.624999918974935922e-03
8.320000001464359154e-03 3.708333250445624164e-03
8.321000001461834397e-03 1.833333292355140021e-03
8.322000001459309640e-03 3.083333264415462783e-03
8.323000001456784883e-03 3.124999930150806904e-03
8.324000001454260125e-03 3.958333244857688456e-03
8.325000001451735368e-03 3.416666590298215751e-03
8.326000001449210611e-03 3.541666587504248113e-03
8.327000001446685853e-03 2.833333270003398057e-03
8.328000001444161096e-03 3.416666590298215751e-03
8.329000001441636339e-03 4.124999907799064940e-03
8.330000001439111582e-03 4.124999907799064940e-03
8.331000001436586824e-03 3.458333256033559438e-03
8.332000001434062067e-03 3.124999930150806904e-03
8.333000001431537310e-03 3.374999924562871630e-03
8.334000001429012552e-03 4.666666562358538078e-03
8.335000001426487795e-03 3.541666587504248113e-03
8.336000001423963038e-03 2.916666601474086733e-03
8.337000001421438281e-03 3.666666584710280043e-03
8.338000001418913523e-03 3.666666584710280043e-03
8.339000001416388766e-03 3.624999918974935922e-03
8.340000001413864009e-03 2.624999941326677886e-03
8.341000001411339251e-03 4.749999893829226320e-03
8.342000001408814494e-03 3.958333244857688456e-03
8.343000001406289737e-03 2.999999932944774541e-03
8.344000001403764979e-03 3.916666579122344768e-03
8.345000001401240222e-03 2.749999938532710249e-03
8.346000001398715465e-03 3.916666579122344768e-03
8.347000001396190708e-03 3.416666590298215751e-03
8.348000001393665950e-03 3.166666595886151025e-03
8.349000001391141193e-03 3.958333244857688456e-03
8.350000001388616436e-03 3.166666595886151025e-03
8.351000001386091678e-03 2.458333278385301402e-03
8.352000001383566921e-03 2.666666607062022007e-03
8.353000001381042164e-03 4.249999905005096869e-03
8.354000001378517407e-03 3.083333264415462783e-03
8.355000001375992649e-03 2.624999941326677886e-03
8.356000001373467892e-03 3.874999913387000647e-03
8.357000001370943135e-03 2.666666607062022007e-03
8.358000001368418377e-03 2.874999935738742178e-03
8.359000001365893620e-03 4.458333233681817907e-03
8.360000001363368863e-03 3.416666590298215751e-03
8.361000001360844106e-03 3.041666598680118662e-03
8.362000001358319348e-03 3.708333250445624164e-03
8.363000001355794591e-03 2.791666604268054370e-03
8.364000001353269834e-03 2.874999935738742178e-03
8.365000001350745076e-03 3.333333258827527075e-03
8.366000001348220319e-03 3.958333244857688456e-03
8.367000001345695562e-03 2.916666601474086733e-03
8.368000001343170804e-03 3.249999927356839267e-03
8.369000001340646047e-03 3.249999927356839267e-03
8.370000001338121290e-03 3.666666584710280043e-03
8.371000001335596533e-03 2.958333267209430420e-03
8.372000001333071775e-03 3.416666590298215751e-03
8.373000001330547018e-03 3.791666581916312406e-03
8.374000001328022261e-03 4.916666556770602804e-03
8.375000001325497503e-03 4.374999902211129665e-03
8.376000001322972746e-03 3.583333253239591801e-03
8.377000001320447989e-03 3.583333253239591801e-03
8.378000001317923232e-03 3.124999930150806904e-03
8.379000001315398474e-03 2.708333272797365694e-03
8.380000001312873717e-03 2.458333278385301402e-03
8.381000001310348960e-03 3.708333250445624164e-03
8.382000001307824202e-03 2.708333272797365694e-03
8.383000001305299445e-03 3.791666581916312406e-03
8.384000001302774688e-03 4.708333228093882633e-03
8.385000001300249931e-03 4.708333228093882633e-03
8.386000001297725173e-03 2.791666604268054370e-03
8.387000001295200416e-03 4.666666562358538078e-03
8.388000001292675659e-03 3.249999927356839267e-03
8.389000001290150901e-03 2.166666618237892989e-03
8.390000001287626144e-03 3.791666581916312406e-03
8.391000001285101387e-03 3.374999924562871630e-03
8.392000001282576629e-03 3.374999924562871630e-03
8.393000001280051872e-03 2.916666601474086733e-03
8.394000001277527115e-03 3.583333253239591801e-03
8.395000001275002358e-03 2.749999938532710249e-03
8.396000001272477600e-03 3.916666579122344768e-03
8.397000001269952843e-03 3.374999924562871630e-03
8.398000001267428086e-03 3.791666581916312406e-03
8.399000001264903328e-03 3.458333256033559438e-03
8.400000001262378571e-03 3.083333264415462783e-03
8.401000001259853814e-03 4.583333230887849837e-03
8.402000001257329057e-03 2.708333272797365694e-03
8.403000001254804299e-03 3.583333253239591801e-03
8.404000001252279542e-03 3.624999918974935922e-03
8.405000001249754785e-03 2.999999932944774541e-03
8.406000001247230027e-03 4.791666559564570875e-03
8.407000001244705270e-03 3.166666595886151025e-03
8.408000001242180513e-03 3.624999918974935922e-03
8.409000001239655755e-03 2.833333270003398057e-03
8.410000001237130998e-03 3.041666598680118662e-03
8.411000001234606241e-03 2.249999949708581231e-03
8.412000001232081484e-03 3.583333253239591801e-03
8.413000001229556726e-03 3.499999921768903559e-03
8.414000001227031969e-03 4.749999893829226320e-03
8.415000001224507212e-03 3.458333256033559438e-03
8.416000001221982454e-03 3.458333256033559438e-03
8.417000001219457697e-03 2.874999935738742178e-03
8.418000001216932940e-03 2.791666604268054370e-03
8.419000001214408183e-03 3.999999910593033010e-03
8.420000001211883425e-03 3.083333264415462783e-03
8.421000001209358668e-03 2.416666612649957281e-03
8.422000001206833911e-03 3.333333258827527075e-03
8.423000001204309153e-03 3.499999921768903559e-03
8.424000001201784396e-03 3.999999910593033010e-03
8.425000001199259639e-03 3.708333250445624164e-03
8.426000001196734882e-03 3.833333247651656527e-03
8.427000001194210124e-03 3.124999930150806904e-03
8.428000001191685367e-03 2.333333281179269039e-03
8.429000001189160610e-03 3.041666598680118662e-03
8.430000001186635852e-03 3.583333253239591801e-03
8.431000001184111095e-03 3.416666590298215751e-03
8.432000001181586338e-03 3.916666579122344768e-03
8.433000001179061580e-03 3.833333247651656527e-03
8.434000001176536823e-03 2.999999932944774541e-03
8.435000001174012066e-03 4.291666570740441423e-03
8.436000001171487309e-03 2.708333272797365694e-03
8.437000001168962551e-03 3.249999927356839267e-03
8.438000001166437794e-03 3.416666590298215751e-03
8.439000001163913037e-03 3.499999921768903559e-03
8.440000001161388279e-03 3.541666587504248113e-03
8.441000001158863522e-03 3.374999924562871630e-03
8.442000001156338765e-03 3.208333261621495146e-03
8.443000001153814008e-03 3.374999924562871630e-03
8.444000001151289250e-03 3.499999921768903559e-03
8.445000001148764493e-03 4.374999902211129665e-03
8.446000001146239736e-03 3.291666593092183388e-03
8.447000001143714978e-03 3.499999921768903559e-03
8.448000001141190221e-03 3.291666593092183388e-03
8.449000001138665464e-03 4.208333239269753182e-03
8.450000001136140707e-03 3.666666584710280043e-03
8.451000001133615949e-03 3.708333250445624164e-03
8.452000001131091192e-03 2.958333267209430420e-03
8.453000001128566435e-03 2.499999944120645523e-03
8.454000001126041677e-03 3.791666581916312406e-03
8.455000001123516920e-03 3.374999924562871630e-03
8.456000001120992163e-03 3.416666590298215751e-03
8.457000001118467405e-03 3.666666584710280043e-03
8.458000001115942648e-03 3.416666590298215751e-03
8.459000001113417891e-03 3.499999921768903559e-03
8.460000001110893134e-03 3.541666587504248113e-03
8.461000001108368376e-03 2.499999944120645523e-03
8.462000001105843619e-03 3.874999913387000647e-03
8.463000001103318862e-03 3.249999927356839267e-03
8.464000001100794104e-03 2.791666604268054370e-03
8.465000001098269347e-03 2.333333281179269039e-03
8.466000001095744590e-03 2.499999944120645523e-03
8.467000001093219833e-03 4.583333230887849837e-03
8.468000001090695075e-03 2.833333270003398057e-03
8.469000001088170318e-03 3.583333253239591801e-03
8.470000001085645561e-03 2.499999944120645523e-03
8.471000001083120803e-03 1.874999958090484142e-03
8.472000001080596046e-03 3.374999924562871630e-03
8.473000001078071289e-03 1.249999972060322762e-03
8.474000001075546532e-03 3.458333256033559438e-03
8.475000001073021774e-03 1.999999955296516505e-03
8.476000001070497017e-03 2.124999952502548434e-03
8.477000001067972260e-03 3.749999916180968285e-03
8.478000001065447502e-03 3.416666590298215751e-03
8.479000001062922745e-03 3.208333261621495146e-03
8.480000001060397988e-03 3.791666581916312406e-03
8.481000001057873230e-03 4.749999893829226320e-03
8.482000001055348473e-03 3.791666581916312406e-03
8.483000001052823716e-03 3.166666595886151025e-03
8.484000001050298959e-03 3.083333264415462783e-03
8.485000001047774201e-03 3.416666590298215751e-03
8.486000001045249444e-03 3.458333256033559438e-03
8.487000001042724687e-03 3.916666579122344768e-03
8.488000001040199929e-03 3.833333247651656527e-03
8.489000001037675172e-03 2.708333272797365694e-03
8.490000001035150415e-03 2.874999935738742178e-03
8.491000001032625658e-03 4.416666567946473353e-03
8.492000001030100900e-03 3.291666593092183388e-03
8.493000001027576143e-03 2.791666604268054370e-03
8.494000001025051386e-03 2.791666604268054370e-03
8.495000001022526628e-03 2.833333270003398057e-03
8.496000001020001871e-03 4.624999896623194391e-03
8.497000001017477114e-03 2.083333286767204747e-03
8.498000001014952356e-03 2.583333275591333765e-03
8.499000001012427599e-03 2.666666607062022007e-03
8.500000001009902842e-03 4.291666570740441423e-03
8.501000001007378085e-03 3.249999927356839267e-03
8.502000001004853327e-03 3.791666581916312406e-03
8.503000001002328570e-03 3.333333258827527075e-03
8.504000000999803813e-03 3.208333261621495146e-03
8.505000000997279055e-03 3.624999918974935922e-03
8.506000000994754298e-03 4.416666567946473353e-03
8.507000000992229541e-03 2.166666618237892989e-03
8.508000000989704784e-03 3.041666598680118662e-03
8.509000000987180026e-03 3.708333250445624164e-03
8.510000000984655269e-03 3.041666598680118662e-03
8.511000000982130512e-03 3.374999924562871630e-03
8.512000000979605754e-03 3.416666590298215751e-03
8.513000000977080997e-03 2.541666609855989644e-03
8.514000000974556240e-03 3.333333258827527075e-03
8.515000000972031483e-03 3.291666593092183388e-03
8.516000000969506725e-03 3.999999910593033010e-03
8.517000000966981968e-03 3.374999924562871630e-03
8.518000000964457211e-03 2.916666601474086733e-03
8.519000000961932453e-03 3.083333264415462783e-03
8.520000000959407696e-03 4.416666567946473353e-03
8.521000000956882939e-03 3.291666593092183388e-03
8.522000000954358181e-03 4.083333242063721252e-03
8.523000000951833424e-03 3.208333261621495146e-03
8.524000000949308667e-03 4.791666559564570875e-03
8.525000000946783910e-03 3.374999924562871630e-03
8.526000000944259152e-03 3.333333258827527075e-03
8.527000000941734395e-03 3.208333261621495146e-03
8.528000000939209638e-03 3.541666587504248113e-03
8.529000000936684880e-03 3.291666593092183388e-03
8.530000000934160123e-03 3.624999918974935922e-03
8.531000000931635366e-03 3.416666590298215751e-03
8.532000000929110609e-03 3.041666598680118662e-03
8.533000000926585851e-03 3.499999921768903559e-03
8.534000000924061094e-03 3.541666587504248113e-03
8.535000000921536337e-03 3.874999913387000647e-03
8.536000000919011579e-03 3.041666598680118662e-03
8.537000000916486822e-03 4.291666570740441423e-03
8.538000000913962065e-03 3.083333264415462783e-03
8.539000000911437308e-03 3.999999910593033010e-03
8.540000000908912550e-03 3.249999927356839267e-03
8.541000000906387793e-03 2.583333275591333765e-03
8.542000000903863036e-03 3.666666584710280043e-03
8.543000000901338278e-03 3.499999921768903559e-03
8.544000000898813521e-03 3.583333253239591801e-03
8.545000000896288764e-03 3.249999927356839267e-03
8.546000000893764006e-03 3.999999910593033010e-03
8.547000000891239249e-03 2.874999935738742178e-03
8.548000000888714492e-03 3.249999927356839267e-03
8.549000000886189735e-03 3.416666590298215751e-03
8.550000000883664977e-03 2.541666609855989644e-03
8.551000000881140220e-03 2.999999932944774541e-03
8.552000000878615463e-03 2.583333275591333765e-03
8.553000000876090705e-03 2.291666615443924918e-03
8.554000000873565948e-03 2.541666609855989644e-03
8.555000000871041191e-03 3.083333264415462783e-03
8.556000000868516434e-03 3.208333261621495146e-03
8.557000000865991676e-03 3.708333250445624164e-03
8.558000000863466919e-03 3.083333264415462783e-03
8.559000000860942162e-03 2.708333272797365694e-03
8.560000000858417404e-03 3.291666593092183388e-03
8.561000000855892647e-03 3.541666587504248113e-03
8.562000000853367890e-03 2.291666615443924918e-03
8.563000000850843133e-03 3.874999913387000647e-03
8.564000000848318375e-03 3.249999927356839267e-03
8.565000000845793618e-03 4.291666570740441423e-03
8.566000000843268861e-03 3.624999918974935922e-03
8.567000000840744103e-03 3.333333258827527075e-03
8.568000000838219346e-03 3.624999918974935922e-03
8.569000000835694589e-03 4.249999905005096869e-03
8.570000000833169831e-03 3.916666579122344768e-03
8.571000000830645074e-03 3.458333256033559438e-03
8.572000000828120317e-03 3.666666584710280043e-03
8.573000000825595560e-03 2.999999932944774541e-03
8.574000000823070802e-03 2.874999935738742178e-03
8.575000000820546045e-03 3.708333250445624164e-03
8.576000000818021288e-03 2.874999935738742178e-03
8.577000000815496530e-03 4.833333225299914562e-03
8.578000000812971773e-03 3.999999910593033010e-03
8.579000000810447016e-03 3.291666593092183388e-03
8.580000000807922259e-03 3.333333258827527075e-03
8.581000000805397501e-03 2.624999941326677886e-03
8.582000000802872744e-03 2.499999944120645523e-03
8.583000000800347987e-03 4.374999902211129665e-03
8.584000000797823229e-03 2.958333267209430420e-03
8.585000000795298472e-03 2.458333278385301402e-03
8.586000000792773715e-03 3.666666584710280043e-03
8.587000000790248957e-03 2.708333272797365694e-03
8.588000000787724200e-03 2.208333283973236676e-03
8.589000000785199443e-03 2.791666604268054370e-03
8.590000000782674686e-03 4.666666562358538078e-03
8.591000000780149928e-03 3.083333264415462783e-03
8.592000000777625171e-03 3.249999927356839267e-03
8.593000000775100414e-03 2.624999941326677886e-03
8.594000000772575656e-03 3.124999930150806904e-03
8.595000000770050899e-03 3.333333258827527075e-03
8.596000000767526142e-03 3.541666587504248113e-03
8.597000000765001385e-03 3.416666590298215751e-03
8.598000000762476627e-03 2.874999935738742178e-03
8.599000000759951870e-03 3.333333258827527075e-03
8.600000000757427113e-03 2.874999935738742178e-03
8.601000000754902355e-03 3.458333256033559438e-03
8.602000000752377598e-03 3.999999910593033010e-03
8.603000000749852841e-03 2.999999932944774541e-03
8.604000000747328084e-03 3.374999924562871630e-03
8.605000000744803326e-03 4.124999907799064940e-03
8.606000000742278569e-03 3.249999927356839267e-03
8.607000000739753812e-03 3.958333244857688456e-03
8.608000000737229054e-03 4.166666573534409494e-03
8.609000000734704297e-03 4.124999907799064940e-03
8.610000000732179540e-03 2.958333267209430420e-03
8.611000000729654782e-03 3.208333261621495146e-03
8.612000000727130025e-03 2.374999946914613160e-03
8.613000000724605268e-03 3.083333264415462783e-03
8.614000000722080511e-03 2.499999944120645523e-03
8.615000000719555753e-03 3.666666584710280043e-03
8.616000000717030996e-03 3.416666590298215751e-03
8.617000000714506239e-03 2.999999932944774541e-03
8.618000000711981481e-03 2.874999935738742178e-03
8.619000000709456724e-03 2.749999938532710249e-03
8.620000000706931967e-03 3.291666593092183388e-03
8.621000000704407210e-03 3.416666590298215751e-03
8.622000000701882452e-03 3.499999921768903559e-03
8.623000000699357695e-03 4.291666570740441423e-03
8.624000000696832938e-03 3.083333264415462783e-03
8.625000000694308180e-03 3.416666590298215751e-03
8.626000000691783423e-03 4.041666576328376698e-03
8.627000000689258666e-03 2.458333278385301402e-03
8.628000000686733909e-03 2.916666601474086733e-03
8.629000000684209151e-03 3.249999927356839267e-03
8.630000000681684394e-03 4.374999902211129665e-03
8.631000000679159637e-03 3.958333244857688456e-03
8.632000000676634879e-03 2.833333270003398057e-03
8.633000000674110122e-03 3.833333247651656527e-03
8.634000000671585365e-03 3.791666581916312406e-03
8.635000000669060607e-03 3.541666587504248113e-03
8.636000000666535850e-03 3.166666595886151025e-03
8.637000000664011093e-03 3.083333264415462783e-03
8.638000000661486336e-03 3.624999918974935922e-03
8.639000000658961578e-03 2.666666607062022007e-03
8.640000000656436821e-03 3.374999924562871630e-03
8.641000000653912064e-03 4.249999905005096869e-03
8.642000000651387306e-03 3.958333244857688456e-03
8.643000000648862549e-03 3.708333250445624164e-03
8.644000000646337792e-03 3.458333256033559438e-03
8.645000000643813035e-03 3.083333264415462783e-03
8.646000000641288277e-03 2.999999932944774541e-03
8.647000000638763520e-03 3.499999921768903559e-03
8.648000000636238763e-03 3.416666590298215751e-03
8.649000000633714005e-03 2.624999941326677886e-03
8.650000000631189248e-03 2.791666604268054370e-03
8.651000000628664491e-03 3.791666581916312406e-03
8.652000000626139734e-03 3.791666581916312406e-03
8.653000000623614976e-03 2.624999941326677886e-03
8.654000000621090219e-03 2.958333267209430420e-03
8.655000000618565462e-03 2.708333272797365694e-03
8.656000000616040704e-03 2.166666618237892989e-03
8.657000000613515947e-03 3.041666598680118662e-03
8.658000000610991190e-03 3.208333261621495146e-03
8.659000000608466432e-03 2.708333272797365694e-03
8.660000000605941675e-03 3.833333247651656527e-03
8.661000000603416918e-03 2.958333267209430420e-03
8.662000000600892161e-03 3.541666587504248113e-03
8.663000000598367403e-03 3.666666584710280043e-03
8.664000000595842646e-03 4.083333242063721252e-03
8.665000000593317889e-03 2.833333270003398057e-03
8.666000000590793131e-03 2.958333267209430420e-03
8.667000000588268374e-03 2.208333283973236676e-03
8.668000000585743617e-03 3.624999918974935922e-03
8.669000000583218860e-03 2.416666612649957281e-03
8.670000000580694102e-03 3.124999930150806904e-03
8.671000000578169345e-03 3.374999924562871630e-03
8.672000000575644588e-03 3.208333261621495146e-03
8.673000000573119830e-03 2.624999941326677886e-03
8.674000000570595073e-03 3.624999918974935922e-03
8.675000000568070316e-03 2.166666618237892989e-03
8.676000000565545558e-03 3.041666598680118662e-03
8.677000000563020801e-03 3.208333261621495146e-03
8.678000000560496044e-03 3.166666595886151025e-03
8.679000000557971287e-03 3.249999927356839267e-03
8.680000000555446529e-03 4.208333239269753182e-03
8.681000000552921772e-03 3.374999924562871630e-03
8.682000000550397015e-03 4.291666570740441423e-03
8.683000000547872257e-03 3.083333264415462783e-03
8.684000000545347500e-03 3.583333253239591801e-03
8.685000000542822743e-03 3.416666590298215751e-03
8.686000000540297986e-03 2.874999935738742178e-03
8.687000000537773228e-03 3.124999930150806904e-03
8.688000000535248471e-03 2.166666618237892989e-03
8.689000000532723714e-03 3.791666581916312406e-03
8.690000000530198956e-03 2.833333270003398057e-03
8.691000000527674199e-03 2.374999946914613160e-03
8.692000000525149442e-03 3.916666579122344768e-03
8.693000000522624685e-03 3.666666584710280043e-03
8.694000000520099927e-03 2.958333267209430420e-03
8.695000000517575170e-03 3.208333261621495146e-03
8.696000000515050413e-03 3.374999924562871630e-03
8.697000000512525655e-03 2.541666609855989644e-03
8.698000000510000898e-03 3.541666587504248113e-03
8.699000000507476141e-03 2.833333270003398057e-03
8.700000000504951383e-03 3.208333261621495146e-03
8.701000000502426626e-03 4.124999907799064940e-03
8.702000000499901869e-03 2.749999938532710249e-03
8.703000000497377112e-03 3.874999913387000647e-03
8.704000000494852354e-03 3.041666598680118662e-03
8.705000000492327597e-03 2.958333267209430420e-03
8.706000000489802840e-03 3.041666598680118662e-03
8.707000000487278082e-03 3.458333256033559438e-03
8.708000000484753325e-03 3.541666587504248113e-03
8.709000000482228568e-03 3.666666584710280043e-03
8.710000000479703811e-03 2.624999941326677886e-03
8.711000000477179053e-03 3.333333258827527075e-03
8.712000000474654296e-03 3.541666587504248113e-03
8.713000000472129539e-03 3.374999924562871630e-03
8.714000000469604781e-03 2.166666618237892989e-03
8.715000000467080024e-03 3.541666587504248113e-03
8.716000000464555267e-03 3.541666587504248113e-03
8.717000000462030510e-03 4.583333230887849837e-03
8.718000000459505752e-03 2.958333267209430420e-03
8.719000000456980995e-03 3.374999924562871630e-03
8.720000000454456238e-03 3.374999924562871630e-03
8.721000000451931480e-03 3.458333256033559438e-03
8.722000000449406723e-03 3.374999924562871630e-03
8.723000000446881966e-03 3.041666598680118662e-03
8.724000000444357208e-03 2.541666609855989644e-03
8.725000000441832451e-03 4.249999905005096869e-03
8.726000000439307694e-03 3.916666579122344768e-03
8.727000000436782937e-03 2.416666612649957281e-03
8.728000000434258179e-03 2.249999949708581231e-03
8.729000000431733422e-03 1.999999955296516505e-03
8.730000000429208665e-03 2.999999932944774541e-03
8.731000000426683907e-03 3.958333244857688456e-03
8.732000000424159150e-03 4.041666576328376698e-03
8.733000000421634393e-03 2.416666612649957281e-03
8.734000000419109636e-03 4.041666576328376698e-03
8.735000000416584878e-03 3.583333253239591801e-03
8.736000000414060121e-03 2.499999944120645523e-03
8.737000000411535364e-03 3.499999921768903559e-03
8.738000000409010606e-03 3.541666587504248113e-03
8.739000000406485849e-03 2.999999932944774541e-03
8.740000000403961092e-03 3.624999918974935922e-03
8.741000000401436335e-03 3.749999916180968285e-03
8.742000000398911577e-03 3.458333256033559438e-03
8.743000000396386820e-03 2.874999935738742178e-03
8.744000000393862063e-03 3.874999913387000647e-03
8.745000000391337305e-03 4.041666576328376698e-03
8.746000000388812548e-03 3.833333247651656527e-03
8.747000000386287791e-03 3.374999924562871630e-03
8.748000000383763033e-03 2.999999932944774541e-03
8.749000000381238276e-03 3.416666590298215751e-03
8.750000000378713519e-03 2.124999952502548434e-03
8.751000000376188762e-03 3.541666587504248113e-03
8.752000000373664004e-03 2.624999941326677886e-03
8.753000000371139247e-03 2.166666618237892989e-03
8.754000000368614490e-03 2.541666609855989644e-03
8.755000000366089732e-03 2.333333281179269039e-03
8.756000000363564975e-03 3.541666587504248113e-03
8.757000000361040218e-03 2.291666615443924918e-03
8.758000000358515461e-03 3.291666593092183388e-03
8.759000000355990703e-03 3.499999921768903559e-03
8.760000000353465946e-03 3.999999910593033010e-03
8.761000000350941189e-03 4.166666573534409494e-03
8.762000000348416431e-03 2.958333267209430420e-03
8.763000000345891674e-03 3.999999910593033010e-03
8.764000000343366917e-03 3.208333261621495146e-03
8.765000000340842159e-03 3.666666584710280043e-03
8.766000000338317402e-03 2.333333281179269039e-03
8.767000000335792645e-03 3.583333253239591801e-03
8.768000000333267888e-03 2.916666601474086733e-03
8.769000000330743130e-03 3.416666590298215751e-03
8.770000000328218373e-03 2.999999932944774541e-03
8.771000000325693616e-03 4.083333242063721252e-03
8.772000000323168858e-03 3.666666584710280043e-03
8.773000000320644101e-03 3.041666598680118662e-03
8.774000000318119344e-03 3.708333250445624164e-03
8.775000000315594587e-03 2.958333267209430420e-03
8.776000000313069829e-03 3.499999921768903559e-03
8.777000000310545072e-03 4.249999905005096869e-03
8.778000000308020315e-03 2.833333270003398057e-03
8.779000000305495557e-03 3.499999921768903559e-03
8.780000000302970800e-03 3.583333253239591801e-03
8.781000000300446043e-03 2.708333272797365694e-03
8.782000000297921286e-03 3.333333258827527075e-03
8.783000000295396528e-03 2.458333278385301402e-03
8.784000000292871771e-03 2.999999932944774541e-03
8.785000000290347014e-03 3.749999916180968285e-03
8.786000000287822256e-03 2.916666601474086733e-03
8.787000000285297499e-03 2.833333270003398057e-03
8.788000000282772742e-03 3.666666584710280043e-03
8.789000000280247984e-03 2.416666612649957281e-03
8.790000000277723227e-03 2.791666604268054370e-03
8.791000000275198470e-03 4.124999907799064940e-03
8.792000000272673713e-03 2.874999935738742178e-03
8.793000000270148955e-03 4.374999902211129665e-03
8.794000000267624198e-03 2.541666609855989644e-03
8.795000000265099441e-03 2.166666618237892989e-03
8.796000000262574683e-03 3.458333256033559438e-03
8.797000000260049926e-03 3.916666579122344768e-03
8.798000000257525169e-03 2.374999946914613160e-03
8.799000000255000412e-03 2.874999935738742178e-03
8.800000000252475654e-03 4.166666573534409494e-03
8.801000000249950897e-03 2.333333281179269039e-03
8.802000000247426140e-03 4.374999902211129665e-03
8.803000000244901382e-03 3.166666595886151025e-03
8.804000000242376625e-03 3.249999927356839267e-03
8.805000000239851868e-03 3.916666579122344768e-03
8.806000000237327111e-03 2.624999941326677886e-03
8.807000000234802353e-03 3.708333250445624164e-03
8.808000000232277596e-03 2.833333270003398057e-03
8.809000000229752839e-03 4.166666573534409494e-03
8.810000000227228081e-03 3.583333253239591801e-03
8.811000000224703324e-03 3.374999924562871630e-03
8.812000000222178567e-03 2.458333278385301402e-03
8.813000000219653809e-03 3.124999930150806904e-03
8.814000000217129052e-03 3.583333253239591801e-03
8.815000000214604295e-03 2.958333267209430420e-03
8.816000000212079538e-03 3.916666579122344768e-03
8.817000000209554780e-03 3.666666584710280043e-03
8.818000000207030023e-03 4.083333242063721252e-03
8.819000000204505266e-03 3.874999913387000647e-03
8.820000000201980508e-03 2.458333278385301402e-03
8.821000000199455751e-03 2.749999938532710249e-03
8.822000000196930994e-03 3.166666595886151025e-03
8.823000000194406237e-03 4.291666570740441423e-03
8.824000000191881479e-03 2.124999952502548434e-03
8.825000000189356722e-03 3.874999913387000647e-03
8.826000000186831965e-03 3.749999916180968285e-03
8.827000000184307207e-03 3.666666584710280043e-03
8.828000000181782450e-03 2.166666618237892989e-03
8.829000000179257693e-03 2.999999932944774541e-03
8.830000000176732936e-03 4.624999896623194391e-03
8.831000000174208178e-03 3.499999921768903559e-03
8.832000000171683421e-03 3.166666595886151025e-03
8.833000000169158664e-03 3.458333256033559438e-03
8.834000000166633906e-03 2.749999938532710249e-03
8.835000000164109149e-03 4.624999896623194391e-03
8.836000000161584392e-03 3.083333264415462783e-03
8.837000000159059634e-03 2.499999944120645523e-03
8.838000000156534877e-03 3.458333256033559438e-03
8.839000000154010120e-03 3.124999930150806904e-03
8.840000000151485363e-03 4.083333242063721252e-03
8.841000000148960605e-03 3.916666579122344768e-03
8.842000000146435848e-03 2.874999935738742178e-03
8.843000000143911091e-03 2.958333267209430420e-03
8.844000000141386333e-03 2.999999932944774541e-03
8.845000000138861576e-03 3.541666587504248113e-03
8.846000000136336819e-03 2.791666604268054370e-03
8.847000000133812062e-03 3.874999913387000647e-03
8.848000000131287304e-03 3.416666590298215751e-03
8.849000000128762547e-03 3.333333258827527075e-03
8.850000000126237790e-03 3.999999910593033010e-03
8.851000000123713032e-03 3.499999921768903559e-03
8.852000000121188275e-03 3.999999910593033010e-03
8.853000000118663518e-03 3.791666581916312406e-03
8.854000000116138760e-03 2.499999944120645523e-03
8.855000000113614003e-03 3.541666587504248113e-03
8.856000000111089246e-03 3.541666587504248113e-03
8.857000000108564489e-03 3.708333250445624164e-03
8.858000000106039731e-03 2.249999949708581231e-03
8.859000000103514974e-03 3.499999921768903559e-03
8.860000000100990217e-03 2.791666604268054370e-03
8.861000000098465459e-03 2.833333270003398057e-03
8.862000000095940702e-03 3.291666593092183388e-03
8.863000000093415945e-03 3.249999927356839267e-03
8.864000000090891188e-03 3.458333256033559438e-03
8.865000000088366430e-03 3.249999927356839267e-03
8.866000000085841673e-03 3.749999916180968285e-03
8.867000000083316916e-03 2.541666609855989644e-03
8.868000000080792158e-03 3.458333256033559438e-03
8.869000000078267401e-03 2.874999935738742178e-03
8.870000000075742644e-03 3.583333253239591801e-03
8.871000000073217887e-03 3.958333244857688456e-03
8.872000000070693129e-03 2.458333278385301402e-03
8.873000000068168372e-03 4.999999888241291046e-03
8.874000000065643615e-03 3.583333253239591801e-03
8.875000000063118857e-03 3.208333261621495146e-03
8.876000000060594100e-03 3.166666595886151025e-03
8.877000000058069343e-03 3.624999918974935922e-03
8.878000000055544585e-03 3.041666598680118662e-03
8.879000000053019828e-03 4.416666567946473353e-03
8.880000000050495071e-03 4.041666576328376698e-03
8.881000000047970314e-03 2.583333275591333765e-03
8.882000000045445556e-03 2.583333275591333765e-03
8.883000000042920799e-03 3.166666595886151025e-03
8.884000000040396042e-03 4.124999907799064940e-03
8.885000000037871284e-03 3.624999918974935922e-03
8.886000000035346527e-03 2.999999932944774541e-03
8.887000000032821770e-03 2.749999938532710249e-03
8.888000000030297013e-03 4.624999896623194391e-03
8.889000000027772255e-03 2.416666612649957281e-03
8.890000000025247498e-03 4.166666573534409494e-03
8.891000000022722741e-03 3.416666590298215751e-03
8.892000000020197983e-03 3.166666595886151025e-03
8.893000000017673226e-03 4.333333236475785978e-03
8.894000000015148469e-03 4.291666570740441423e-03
8.895000000012623712e-03 2.708333272797365694e-03
8.896000000010098954e-03 4.708333228093882633e-03
8.897000000007574197e-03 2.999999932944774541e-03
8.898000000005049440e-03 2.749999938532710249e-03
8.899000000002524682e-03 3.458333256033559438e-03
8.899999999999999925e-03 3.124999930150806904e-03
