-2.499499873702006048e-02 -2.130208365075911270e-01
-2.498999873714637110e-02 -2.130208365075911270e-01
-2.498499873727268172e-02 -2.130208365075911270e-01
-2.497999873739899235e-02 -2.130208365075911270e-01
-2.497499873752530297e-02 -2.130208365075911270e-01
-2.496999873765161360e-02 -2.130208365075911270e-01
-2.496499873777792422e-02 -2.130208365075911270e-01
-2.495999873790423484e-02 -2.130208365075911270e-01
-2.495499873803054547e-02 -2.130208365075911270e-01
-2.494999873815685609e-02 -2.130208365075911270e-01
-2.494499873828316672e-02 -2.130208365075911270e-01
-2.493999873840947734e-02 -2.130208365075911270e-01
-2.493499873853578797e-02 -2.130208365075911270e-01
-2.492999873866209859e-02 -2.130208365075911270e-01
-2.492499873878840921e-02 -2.130208365075911270e-01
-2.491999873891471984e-02 -2.130208365075911270e-01
-2.491499873904103046e-02 -2.130208365075911270e-01
-2.490999873916734109e-02 -2.130208365075911270e-01
-2.490499873929365171e-02 -2.130208365075911270e-01
-2.489999873941996233e-02 -2.130208365075911270e-01
-2.489499873954627296e-02 -2.130208365075911270e-01
-2.488999873967258358e-02 -2.130208365075911270e-01
-2.488499873979889421e-02 -2.130208365075911270e-01
-2.487999873992520483e-02 -2.130208365075911270e-01
-2.487499874005151546e-02 -2.130208365075911270e-01
-2.486999874017782608e-02 -2.130208365075911270e-01
-2.486499874030413670e-02 -2.130208365075911270e-01
-2.485999874043044733e-02 -2.130208365075911270e-01
-2.485499874055675795e-02 -2.130208365075911270e-01
-2.484999874068306858e-02 -2.130208365075911270e-01
-2.484499874080937920e-02 -2.130208365075911270e-01
-2.483999874093568982e-02 -2.130208365075911270e-01
-2.483499874106200045e-02 -2.130208365075911270e-01
-2.482999874118831107e-02 -2.130208365075911270e-01
-2.482499874131462170e-02 -2.130208365075911270e-01
-2.481999874144093232e-02 -2.130208365075911270e-01
-2.481499874156724295e-02 -2.130208365075911270e-01
-2.480999874169355357e-02 -2.130208365075911270e-01
-2.480499874181986419e-02 -2.130208365075911270e-01
-2.479999874194617482e-02 -2.130208365075911270e-01
-2.479499874207248544e-02 -2.130208365075911270e-01
-2.478999874219879607e-02 -2.130208365075911270e-01
-2.478499874232510669e-02 -2.130208365075911270e-01
-2.477999874245141732e-02 -2.130208365075911270e-01
-2.477499874257772794e-02 -2.130208365075911270e-01
-2.476999874270403856e-02 -2.130208365075911270e-01
-2.476499874283034919e-02 -2.130208365075911270e-01
-2.475999874295665981e-02 -2.130208365075911270e-01
-2.475499874308297044e-02 -2.130208365075911270e-01
-2.474999874320928106e-02 -2.130208365075911270e-01
-2.474499874333559168e-02 -2.130208365075911270e-01
-2.473999874346190231e-02 -2.130208365075911270e-01
-2.473499874358821293e-02 -2.130208365075911270e-01
-2.472999874371452356e-02 -2.130208365075911270e-01
-2.472499874384083418e-02 -2.130208365075911270e-01
-2.471999874396714481e-02 -2.130208365075911270e-01
-2.471499874409345543e-02 -2.130208365075911270e-01
-2.470999874421976605e-02 -2.130208365075911270e-01
-2.470499874434607668e-02 -2.130208365075911270e-01
-2.469999874447238730e-02 -2.130208365075911270e-01
-2.469499874459869793e-02 -2.130208365075911270e-01
-2.468999874472500855e-02 -2.130208365075911270e-01
-2.468499874485131917e-02 -2.130208365075911270e-01
-2.467999874497762980e-02 -2.130208365075911270e-01
-2.467499874510394042e-02 -2.130208365075911270e-01
-2.466999874523025105e-02 -2.130208365075911270e-01
-2.466499874535656167e-02 -2.130208365075911270e-01
-2.465999874548287230e-02 -2.130208365075911270e-01
-2.465499874560918292e-02 -2.130208365075911270e-01
-2.464999874573549354e-02 -2.130208365075911270e-01
-2.464499874586180417e-02 -2.130208365075911270e-01
-2.463999874598811479e-02 -2.130208365075911270e-01
-2.463499874611442542e-02 -2.130208365075911270e-01
-2.462999874624073604e-02 -2.130208365075911270e-01
-2.462499874636704666e-02 -2.128125031711533555e-01
-2.461999874649335729e-02 -2.107291698067759456e-01
-2.461499874661966791e-02 -2.091666697834928812e-01
-2.460999874674597854e-02 -2.070833364191154713e-01
-2.460499874687228916e-02 -2.052083363911758052e-01
-2.459999874699859979e-02 -2.036458363678927408e-01
-2.459499874712491041e-02 -2.017708363399530469e-01
-2.458999874725122103e-02 -2.006250029895454701e-01
-2.458499874737753166e-02 -1.980208362840736869e-01
-2.457999874750384228e-02 -1.963541695925717645e-01
-2.457499874763015291e-02 -1.940625028917566108e-01
-2.456999874775646353e-02 -1.922916695320357749e-01
-2.456499874788277415e-02 -1.896875028265640195e-01
-2.455999874800908478e-02 -1.882291694714998131e-01
-2.455499874813539540e-02 -1.861458361071224032e-01
-2.454999874826170603e-02 -1.838541694063072496e-01
-2.454499874838801665e-02 -1.815625027054920959e-01
-2.453999874851432728e-02 -1.798958360139901458e-01
-2.453499874864063790e-02 -1.777083359813938501e-01
-2.452999874876694852e-02 -1.758333359534541840e-01
-2.452499874889325915e-02 -1.735416692526390026e-01
-2.451999874901956977e-02 -1.713541692200427347e-01
-2.451499874914588040e-02 -1.692708358556652970e-01
-2.450999874927219102e-02 -1.670833358230690291e-01
-2.450499874939850165e-02 -1.651041691269104772e-01
-2.449999874952481227e-02 -1.635416691036274128e-01
-2.449499874965112289e-02 -1.612500024028122592e-01
-2.448999874977743352e-02 -1.591666690384348215e-01
-2.448499874990374414e-02 -1.570833356740574116e-01
-2.447999875003005477e-02 -1.547916689732422302e-01
-2.447499875015636539e-02 -1.526041689406459623e-01
-2.446999875028267601e-02 -1.502083355716119228e-01
-2.446499875040898664e-02 -1.482291688754533709e-01
-2.445999875053529726e-02 -1.461458355110759610e-01
-2.445499875066160789e-02 -1.439583354784796654e-01
-2.444999875078791851e-02 -1.417708354458833697e-01
-2.444499875091422914e-02 -1.395833354132870741e-01
-2.443999875104053976e-02 -1.371875020442530346e-01
-2.443499875116685038e-02 -1.358333353574077418e-01
-2.442999875129316101e-02 -1.339583353294680479e-01
-2.442499875141947163e-02 -1.322916686379661255e-01
-2.441999875154578226e-02 -1.297916686007132003e-01
-2.441499875167209288e-02 -1.276041685681169324e-01
-2.440999875179840350e-02 -1.256250018719583805e-01
-2.440499875192471413e-02 -1.234375018393620849e-01
-2.439999875205102475e-02 -1.213541684749846750e-01
-2.439499875217733538e-02 -1.193750017788261231e-01
-2.438999875230364600e-02 -1.176041684191053149e-01
-2.438499875242995663e-02 -1.158333350593845207e-01
-2.437999875255626725e-02 -1.138541683632259410e-01
-2.437499875268257787e-02 -1.119791683352862888e-01
-2.436999875280888850e-02 -1.100000016391277369e-01
-2.436499875293519912e-02 -1.081250016111880569e-01
-2.435999875306150975e-02 -1.062500015832483768e-01
-2.435499875318782037e-02 -1.038541682142143513e-01
-2.434999875331413099e-02 -1.018750015180557994e-01
-2.434499875344044162e-02 -1.003125014947727350e-01
-2.433999875356675224e-02 -9.833333479861418314e-02
-2.433499875369306287e-02 -9.677083477533111877e-02
-2.432999875381937349e-02 -9.520833475204805441e-02
-2.432499875394568412e-02 -9.302083471945175874e-02
-2.431999875407199474e-02 -9.104166802329322072e-02
-2.431499875419830536e-02 -8.916666799535354071e-02
-2.430999875432461599e-02 -8.729166796741386070e-02
-2.430499875445092661e-02 -8.552083460769305256e-02
-2.429999875457723724e-02 -8.354166791153451455e-02
-2.429499875470354786e-02 -8.218750122468919395e-02
-2.428999875482985848e-02 -8.041666786496838581e-02
-2.428499875495616911e-02 -7.854166783702870580e-02
-2.427999875508247973e-02 -7.729166781840225708e-02
-2.427499875520879036e-02 -7.489583444936821766e-02
-2.426999875533510098e-02 -7.291666775320966576e-02
-2.426499875546141161e-02 -7.145833439814547328e-02
-2.425999875558772223e-02 -6.958333437020579326e-02
-2.425499875571403285e-02 -6.802083434692272890e-02
-2.424999875584034348e-02 -6.614583431898306276e-02
-2.424499875596665410e-02 -6.458333429569999840e-02
-2.423999875609296473e-02 -6.270833426776031838e-02
-2.423499875621927535e-02 -6.114583424447725402e-02
-2.422999875634558598e-02 -5.916666754831870212e-02
-2.422499875647189660e-02 -5.750000085681676587e-02
-2.421999875659820722e-02 -5.583333416531483656e-02
-2.421499875672451785e-02 -5.406250080559402843e-02
-2.420999875685082847e-02 -5.250000078231096406e-02
-2.420499875697713910e-02 -5.072916742259015593e-02
-2.419999875710344972e-02 -4.916666739930709157e-02
-2.419499875722976034e-02 -4.760416737602402720e-02
-2.418999875735607097e-02 -4.562500067986547531e-02
-2.418499875748238159e-02 -4.416666732480128282e-02
-2.417999875760869222e-02 -4.239583396508048163e-02
-2.417499875773500284e-02 -4.083333394179741727e-02
-2.416999875786131347e-02 -3.895833391385773725e-02
-2.416499875798762409e-02 -3.729166722235580100e-02
-2.415999875811393471e-02 -3.614583387194822417e-02
-2.415499875824024534e-02 -3.395833383935193545e-02
-2.414999875836655596e-02 -3.260416715250660791e-02
-2.414499875849286659e-02 -3.083333379278580325e-02
-2.413999875861917721e-02 -2.927083376950273888e-02
-2.413499875874548783e-02 -2.770833374621967451e-02
-2.412999875887179846e-02 -2.562500038184225420e-02
-2.412499875899810908e-02 -2.427083369499693360e-02
-2.411999875912441971e-02 -2.239583366705725706e-02
-2.411499875925073033e-02 -2.072916697555532081e-02
-2.410999875937704096e-02 -1.895833361583451268e-02
-2.410499875950335158e-02 -1.739583359255144832e-02
-2.409999875962966220e-02 -1.572916690104951554e-02
-2.409499875975597283e-02 -1.406250020954757929e-02
-2.408999875988228345e-02 -1.229166684982677289e-02
-2.408499876000859408e-02 -1.072916682654370853e-02
-2.407999876013490470e-02 -8.854166798604031982e-03
-2.407499876026121532e-02 -7.708333448196450811e-03
-2.406999876038752595e-02 -5.520833415600160353e-03
-2.406499876051383657e-02 -4.166666728754838019e-03
-2.405999876064014720e-02 -2.291666700815161040e-03
-2.405499876076645782e-02 -7.291666775320966749e-04
-2.404999876089276845e-02 9.375000139698385975e-04
-2.404499876101907907e-02 2.708333373690645102e-03
-2.403999876114538969e-02 4.583333401630322081e-03
-2.403499876127170032e-02 5.729166752037902384e-03
-2.402999876139801094e-02 7.708333448196450811e-03
-2.402499876152432157e-02 9.375000139698386192e-03
-2.401999876165063219e-02 1.135416683585693462e-02
-2.401499876177694281e-02 1.270833352270225695e-02
-2.400999876190325344e-02 1.458333355064193523e-02
-2.400499876202956406e-02 1.625000024214387148e-02
-2.399999876215587469e-02 1.791666693364580426e-02
-2.399499876228218531e-02 1.937500028871000021e-02
-2.398999876240849594e-02 2.062500030733644893e-02
-2.398499876253480656e-02 2.302083367637048142e-02
-2.397999876266111718e-02 2.458333369965354578e-02
-2.397499876278742781e-02 2.645833372759322233e-02
-2.396999876291373843e-02 2.822916708731403046e-02
-2.396499876304004906e-02 3.000000044703483512e-02
-2.395999876316635968e-02 3.197916714319338355e-02
-2.395499876329267031e-02 3.364583383469531980e-02
-2.394999876341898093e-02 3.531250052619725605e-02
-2.394499876354529155e-02 3.708333388591806418e-02
-2.393999876367160218e-02 3.854166724098225666e-02
-2.393499876379791280e-02 4.062500060535967350e-02
-2.392999876392422343e-02 4.260416730151821846e-02
-2.392499876405053405e-02 4.375000065192580223e-02
-2.391999876417684467e-02 4.572916734808434719e-02
-2.391499876430315530e-02 4.750000070780515532e-02
-2.390999876442946592e-02 4.916666739930709157e-02
-2.390499876455577655e-02 5.114583409546564347e-02
-2.389999876468208717e-02 5.229166744587322030e-02
-2.389499876480839780e-02 5.427083414203177220e-02
-2.388999876493470842e-02 5.593750083353370151e-02
-2.388499876506101904e-02 5.770833419325450270e-02
-2.387999876518732967e-02 5.979166755763192648e-02
-2.387499876531364029e-02 6.166666758557160649e-02
-2.386999876543995092e-02 6.250000093132257462e-02
-2.386499876556626154e-02 6.437500095926225463e-02
-2.385999876569257216e-02 6.635416765542080653e-02
-2.385499876581888279e-02 6.770833434226612713e-02
-2.384999876594519341e-02 6.958333437020579326e-02
-2.384499876607150404e-02 7.114583439348885763e-02
-2.383999876619781466e-02 7.197916773923983269e-02
-2.383499876632412529e-02 7.406250110361724259e-02
-2.382999876645043591e-02 7.552083445868144895e-02
-2.382499876657674653e-02 7.687500114552676955e-02
-2.381999876670305716e-02 7.843750116880983392e-02
-2.381499876682936778e-02 8.000000119209289828e-02
-2.380999876695567841e-02 8.125000121071934700e-02
-2.380499876708198903e-02 8.302083457044015513e-02
-2.379999876720829965e-02 8.416666792084773197e-02
-2.379499876733461028e-02 8.583333461234966821e-02
-2.378999876746092090e-02 8.718750129919498881e-02
-2.378499876758723153e-02 8.781250130850822011e-02
-2.377999876771354215e-02 8.937500133179128448e-02
-2.377499876783985278e-02 9.114583469151209261e-02
-2.376999876796616340e-02 9.197916803726305379e-02
-2.376499876809247402e-02 9.333333472410837439e-02
-2.375999876821878465e-02 9.458333474273482311e-02
-2.375499876834509527e-02 9.593750142958014371e-02
-2.374999876847140590e-02 9.697916811176886254e-02
-2.374499876859771652e-02 9.864583480327079879e-02
-2.373999876872402715e-02 9.958333481724063185e-02
-2.373499876885033777e-02 1.005208348312104649e-01
-2.372999876897664839e-02 1.014583348451803119e-01
-2.372499876910295902e-02 1.026041681955879026e-01
-2.371999876922926964e-02 1.036458348777765937e-01
-2.371499876935558027e-02 1.046875015599653125e-01
-2.370999876948189089e-02 1.058333349103728893e-01
-2.370499876960820151e-02 1.066666682561238644e-01
-2.369999876973451214e-02 1.076041682700936836e-01
-2.369499876986082276e-02 1.084375016158446725e-01
-2.368999876998713339e-02 1.093750016298145056e-01
-2.368499877011344401e-02 1.106250016484409543e-01
-2.367999877023975464e-02 1.111458349895353276e-01
-2.367499877036606526e-02 1.117708349988485311e-01
-2.366999877049237588e-02 1.127083350128183920e-01
-2.366499877061868651e-02 1.136458350267882111e-01
-2.365999877074499713e-02 1.144791683725391862e-01
-2.365499877087130776e-02 1.150000017136335317e-01
-2.364999877099761838e-02 1.160416683958222506e-01
-2.364499877112392900e-02 1.165625017369165961e-01
-2.363999877125023963e-02 1.170833350780109555e-01
-2.363499877137655025e-02 1.179166684237619306e-01
-2.362999877150286088e-02 1.183333350966374042e-01
-2.362499877162917150e-02 1.185416684330751341e-01
-2.361999877175548213e-02 1.193750017788261231e-01
-2.361499877188179275e-02 1.197916684517016106e-01
-2.360999877200810337e-02 1.201041684563581985e-01
-2.360499877213441400e-02 1.206250017974525718e-01
-2.359999877226072462e-02 1.210416684703280593e-01
-2.359499877238703525e-02 1.212500018067657892e-01
-2.358999877251334587e-02 1.216666684796412629e-01
-2.358499877263965649e-02 1.216666684796412629e-01
-2.357999877276596712e-02 1.218750018160790205e-01
-2.357499877289227774e-02 1.223958351571733660e-01
-2.356999877301858837e-02 1.222916684889545080e-01
-2.356499877314489899e-02 1.222916684889545080e-01
-2.355999877327120962e-02 1.229166684982677393e-01
-2.355499877339752024e-02 1.226041684936111237e-01
-2.354999877352383086e-02 1.228125018300488536e-01
-2.354499877365014149e-02 1.228125018300488536e-01
-2.353999877377645211e-02 1.232291685029243272e-01
-2.353499877390276274e-02 1.230208351664865973e-01
-2.352999877402907336e-02 1.229166684982677393e-01
-2.352499877415538398e-02 1.226041684936111237e-01
-2.351999877428169461e-02 1.229166684982677393e-01
-2.351499877440800523e-02 1.226041684936111237e-01
-2.350999877453431586e-02 1.225000018253922518e-01
-2.350499877466062648e-02 1.221875018207356361e-01
-2.349999877478693711e-02 1.219791684842978924e-01
-2.349499877491324773e-02 1.216666684796412629e-01
-2.348999877503955835e-02 1.217708351478601486e-01
-2.348499877516586898e-02 1.213541684749846750e-01
-2.347999877529217960e-02 1.210416684703280593e-01
-2.347499877541849023e-02 1.208333351338903017e-01
-2.346999877554480085e-02 1.201041684563581985e-01
-2.346499877567111148e-02 1.198958351199204686e-01
-2.345999877579742210e-02 1.195833351152638530e-01
-2.345499877592373272e-02 1.192708351106072373e-01
-2.344999877605004335e-02 1.188541684377317637e-01
-2.344499877617635397e-02 1.187500017695128918e-01
-2.343999877630266460e-02 1.182291684284185462e-01
-2.343499877642897522e-02 1.177083350873241729e-01
-2.342999877655528584e-02 1.172916684144486993e-01
-2.342499877668159647e-02 1.168750017415732118e-01
-2.341999877680790709e-02 1.163541684004788662e-01
-2.341499877693421772e-02 1.158333350593845207e-01
-2.340999877706052834e-02 1.154166683865090054e-01
-2.340499877718683897e-02 1.150000017136335317e-01
-2.339999877731314959e-02 1.141666683678825706e-01
-2.339499877743946021e-02 1.145833350407580442e-01
-2.338999877756577084e-02 1.131250016856938656e-01
-2.338499877769208146e-02 1.131250016856938656e-01
-2.337999877781839209e-02 1.123958350081617624e-01
-2.337499877794470271e-02 1.116666683306296731e-01
-2.336999877807101333e-02 1.109375016530975699e-01
-2.336499877819732396e-02 1.102083349755654668e-01
-2.335999877832363458e-02 1.095833349662522632e-01
-2.335499877844994521e-02 1.089583349569390180e-01
-2.334999877857625583e-02 1.084375016158446725e-01
-2.334499877870256646e-02 1.076041682700936836e-01
-2.333999877882887708e-02 1.066666682561238644e-01
-2.333499877895518770e-02 1.057291682421540313e-01
-2.332999877908149833e-02 1.056250015739351455e-01
-2.332499877920780895e-02 1.047916682281841844e-01
-2.331999877933411958e-02 1.039583348824332093e-01
-2.331499877946043020e-02 1.030208348684633762e-01
-2.330999877958674082e-02 1.022916681909312869e-01
-2.330499877971305145e-02 1.016666681816180556e-01
-2.329999877983936207e-02 1.008333348358670806e-01
-2.329499877996567270e-02 1.002083348265538770e-01
-2.328999878009198332e-02 9.927083481258401620e-02
-2.328499878021829395e-02 9.843750146683305502e-02
-2.327999878034460457e-02 9.750000145286320807e-02
-2.327499878047091519e-02 9.697916811176886254e-02
-2.326999878059722582e-02 9.614583476601788747e-02
-2.326499878072353644e-02 9.458333474273482311e-02
-2.325999878084984707e-02 9.406250140164047757e-02
-2.325499878097615769e-02 9.385416806520273381e-02
-2.324999878110246831e-02 9.239583471013854132e-02
-2.324499878122877894e-02 9.145833469616869438e-02
-2.323999878135508956e-02 9.062500135041773319e-02
-2.323499878148140019e-02 8.947916800001015636e-02
-2.322999878160771081e-02 8.895833465891579694e-02
-2.322499878173402144e-02 8.802083464494596388e-02
-2.321999878186033206e-02 8.729166796741386070e-02
-2.321499878198664268e-02 8.645833462166289951e-02
-2.320999878211295331e-02 8.583333461234966821e-02
-2.320499878223926393e-02 8.458333459372321950e-02
-2.319999878236557456e-02 8.427083458906660385e-02
-2.319499878249188518e-02 8.312500123865902701e-02
-2.318999878261819581e-02 8.281250123400241137e-02
-2.318499878274450643e-02 8.166666788359483453e-02
-2.317999878287081705e-02 8.052083453318724382e-02
-2.317499878299712768e-02 8.000000119209289828e-02
-2.316999878312343830e-02 7.906250117812306522e-02
-2.316499878324974893e-02 7.843750116880983392e-02
-2.315999878337605955e-02 7.781250115949660262e-02
-2.315499878350237017e-02 7.697916781374564144e-02
-2.314999878362868080e-02 7.666666780908902579e-02
-2.314499878375499142e-02 7.541666779046257707e-02
-2.313999878388130205e-02 7.458333444471160201e-02
-2.313499878400761267e-02 7.385416776717951270e-02
-2.312999878413392330e-02 7.302083442142853764e-02
-2.312499878426023392e-02 7.239583441211532022e-02
-2.311999878438654454e-02 7.177083440280208892e-02
-2.311499878451285517e-02 7.104166772526999962e-02
-2.310999878463916579e-02 7.041666771595676833e-02
-2.310499878476547642e-02 6.937500103376804950e-02
-2.309999878489178704e-02 6.895833436089257584e-02
-2.309499878501809766e-02 6.812500101514161466e-02
-2.308999878514440829e-02 6.760416767404725524e-02
-2.308499878527071891e-02 6.708333433295289583e-02
-2.307999878539702954e-02 6.614583431898306276e-02
-2.307499878552334016e-02 6.593750098254531899e-02
-2.306999878564965079e-02 6.552083430966983146e-02
-2.306499878577596141e-02 6.468750096391885640e-02
-2.305999878590227203e-02 6.406250095460563898e-02
-2.305499878602858266e-02 6.302083427241693403e-02
-2.304999878615489328e-02 6.229166759488483085e-02
-2.304499878628120391e-02 6.229166759488483085e-02
-2.303999878640751453e-02 6.145833424913386966e-02
-2.303499878653382515e-02 6.114583424447725402e-02
-2.302999878666013578e-02 6.010416756228854213e-02
-2.302499878678644640e-02 5.947916755297532471e-02
-2.301999878691275703e-02 5.916666754831870212e-02
-2.301499878703906765e-02 5.833333420256774093e-02
-2.300999878716537828e-02 5.781250086147338152e-02
-2.300499878729168890e-02 5.697916751572241340e-02
-2.299999878741799952e-02 5.677083417928467657e-02
-2.299499878754431015e-02 5.625000083819031715e-02
-2.298999878767062077e-02 5.572916749709595774e-02
-2.298499878779693140e-02 5.510416748778273338e-02
-2.297999878792324202e-02 5.458333414668837397e-02
-2.297499878804955264e-02 5.395833413737515655e-02
-2.296999878817586327e-02 5.395833413737515655e-02
-2.296499878830217389e-02 5.354166746449966902e-02
-2.295999878842848452e-02 5.291666745518644466e-02
-2.295499878855479514e-02 5.260416745052982901e-02
-2.294999878868110577e-02 5.208333410943548347e-02
-2.294499878880741639e-02 5.145833410012224524e-02
-2.293999878893372701e-02 5.145833410012224524e-02
-2.293499878906003764e-02 5.072916742259015593e-02
-2.292999878918634826e-02 5.010416741327693851e-02
-2.292499878931265889e-02 5.020833408149580346e-02
-2.291999878943896951e-02 5.000000074505805969e-02
-2.291499878956528014e-02 4.979166740862031593e-02
-2.290999878969159076e-02 4.937500073574483533e-02
-2.290499878981790138e-02 4.864583405821273909e-02
-2.289999878994421201e-02 4.885416739465047592e-02
-2.289499879007052263e-02 4.843750072177499533e-02
-2.288999879019683326e-02 4.812500071711838662e-02
-2.288499879032314388e-02 4.802083404889951473e-02
-2.287999879044945450e-02 4.739583403958628344e-02
-2.287499879057576513e-02 4.770833404424289909e-02
-2.286999879070207575e-02 4.718750070314853967e-02
-2.286499879082838638e-02 4.718750070314853967e-02
-2.285999879095469700e-02 4.729166737136741155e-02
-2.285499879108100763e-02 4.697916736671080284e-02
-2.284999879120731825e-02 4.656250069383532225e-02
-2.284499879133362887e-02 4.656250069383532225e-02
-2.283999879145993950e-02 4.656250069383532225e-02
-2.283499879158625012e-02 4.593750068452209095e-02
-2.282999879171256075e-02 4.656250069383532225e-02
-2.282499879183887137e-02 4.604166735274096284e-02
-2.281999879196518199e-02 4.625000068917870660e-02
-2.281499879209149262e-02 4.614583402095983472e-02
-2.280999879221780324e-02 4.583333401630321907e-02
-2.280499879234411387e-02 4.593750068452209095e-02
-2.279999879247042449e-02 4.572916734808434719e-02
-2.279499879259673512e-02 4.593750068452209095e-02
-2.278999879272304574e-02 4.614583402095983472e-02
-2.278499879284935636e-02 4.572916734808434719e-02
-2.277999879297566699e-02 4.604166735274096284e-02
-2.277499879310197761e-02 4.572916734808434719e-02
-2.276999879322828824e-02 4.604166735274096284e-02
-2.276499879335459886e-02 4.604166735274096284e-02
-2.275999879348090948e-02 4.572916734808434719e-02
-2.275499879360722011e-02 4.562500067986547531e-02
-2.274999879373353073e-02 4.635416735739757849e-02
-2.274499879385984136e-02 4.604166735274096284e-02
-2.273999879398615198e-02 4.583333401630321907e-02
-2.273499879411246261e-02 4.593750068452209095e-02
-2.272999879423877323e-02 4.697916736671080284e-02
-2.272499879436508385e-02 4.614583402095983472e-02
-2.271999879449139448e-02 4.666666736205418720e-02
-2.271499879461770510e-02 4.635416735739757849e-02
-2.270999879474401573e-02 4.697916736671080284e-02
-2.270499879487032635e-02 4.687500069849193096e-02
-2.269999879499663697e-02 4.687500069849193096e-02
-2.269499879512294760e-02 4.666666736205418720e-02
-2.268999879524925822e-02 4.687500069849193096e-02
-2.268499879537556885e-02 4.718750070314853967e-02
-2.267999879550187947e-02 4.781250071246177097e-02
-2.267499879562819010e-02 4.760416737602402720e-02
-2.266999879575450072e-02 4.781250071246177097e-02
-2.266499879588081134e-02 4.791666738068064285e-02
-2.265999879600712197e-02 4.822916738533725156e-02
-2.265499879613343259e-02 4.833333405355612344e-02
-2.264999879625974322e-02 4.854166738999386721e-02
-2.264499879638605384e-02 4.916666739930709157e-02
-2.263999879651236447e-02 4.895833406286934780e-02
-2.263499879663867509e-02 4.947916740396370722e-02
-2.262999879676498571e-02 4.968750074040145098e-02
-2.262499879689129634e-02 5.031250074971467534e-02
-2.261999879701760696e-02 5.031250074971467534e-02
-2.261499879714391759e-02 5.083333409080902782e-02
-2.260999879727022821e-02 5.125000076368450841e-02
-2.260499879739653883e-02 5.125000076368450841e-02
-2.259999879752284946e-02 5.114583409546564347e-02
-2.259499879764916008e-02 5.166666743656000288e-02
-2.258999879777547071e-02 5.208333410943548347e-02
-2.258499879790178133e-02 5.260416745052982901e-02
-2.257999879802809196e-02 5.302083412340530960e-02
-2.257499879815440258e-02 5.312500079162418842e-02
-2.256999879828071320e-02 5.312500079162418842e-02
-2.256499879840702383e-02 5.416666747381289337e-02
-2.255999879853333445e-02 5.468750081490725279e-02
-2.255499879865964508e-02 5.458333414668837397e-02
-2.254999879878595570e-02 5.520833415600161220e-02
-2.254499879891226632e-02 5.552083416065822091e-02
-2.253999879903857695e-02 5.604166750175257339e-02
-2.253499879916488757e-02 5.677083417928467657e-02
-2.252999879929119820e-02 5.677083417928467657e-02
-2.252499879941750882e-02 5.750000085681676587e-02
-2.251999879954381945e-02 5.770833419325450270e-02
-2.251499879967013007e-02 5.791666752969226034e-02
-2.250999879979644069e-02 5.833333420256774093e-02
-2.250499879992275132e-02 5.864583420722434964e-02
-2.249999880004906194e-02 5.937500088475644588e-02
-2.249499880017537257e-02 5.958333422119418965e-02
-2.248999880030168319e-02 5.979166755763192648e-02
-2.248499880042799381e-02 6.062500090338289460e-02
-2.247999880055430444e-02 6.062500090338289460e-02
-2.247499880068061506e-02 6.104166757625838907e-02
-2.246999880080692569e-02 6.114583424447725402e-02
-2.246499880093323631e-02 6.197916759022821520e-02
-2.245999880105954694e-02 6.260416759954144650e-02
-2.245499880118585756e-02 6.260416759954144650e-02
-2.244999880131216818e-02 6.302083427241693403e-02
-2.244499880143847881e-02 6.322916760885467780e-02
-2.243999880156478943e-02 6.364583428173015145e-02
-2.243499880169110006e-02 6.406250095460563898e-02
-2.242999880181741068e-02 6.437500095926225463e-02
-2.242499880194372130e-02 6.468750096391885640e-02
-2.241999880207003193e-02 6.531250097323208770e-02
-2.241499880219634255e-02 6.531250097323208770e-02
-2.240999880232265318e-02 6.593750098254531899e-02
-2.240499880244896380e-02 6.572916764610757523e-02
-2.239999880257527443e-02 6.635416765542080653e-02
-2.239499880270158505e-02 6.677083432829628018e-02
-2.238999880282789567e-02 6.687500099651515206e-02
-2.238499880295420630e-02 6.729166766939063959e-02
-2.237999880308051692e-02 6.708333433295289583e-02
-2.237499880320682755e-02 6.802083434692272890e-02
-2.236999880333313817e-02 6.802083434692272890e-02
-2.236499880345944880e-02 6.875000102445483208e-02
-2.235999880358575942e-02 6.895833436089257584e-02
-2.235499880371207004e-02 6.947916770198693526e-02
-2.234999880383838067e-02 6.947916770198693526e-02
-2.234499880396469129e-02 6.989583437486240891e-02
-2.233999880409100192e-02 7.041666771595676833e-02
-2.233499880421731254e-02 7.062500105239451209e-02
-2.232999880434362316e-02 7.093750105705111386e-02
-2.232499880446993379e-02 7.072916772061338397e-02
-2.231999880459624441e-02 7.166666773458321704e-02
-2.231499880472255504e-02 7.177083440280208892e-02
-2.230999880484886566e-02 7.187500107102096081e-02
-2.230499880497517629e-02 7.208333440745870457e-02
-2.229999880510148691e-02 7.229166774389644834e-02
-2.229499880522779753e-02 7.343750109430402517e-02
-2.228999880535410816e-02 7.343750109430402517e-02
-2.228499880548041878e-02 7.312500108964740952e-02
-2.227999880560672941e-02 7.354166776252289706e-02
-2.227499880573304003e-02 7.437500110827387212e-02
-2.226999880585935065e-02 7.458333444471160201e-02
-2.226499880598566128e-02 7.500000111758708954e-02
-2.225999880611197190e-02 7.458333444471160201e-02
-2.225499880623828253e-02 7.489583444936821766e-02
-2.224999880636459315e-02 7.562500112690030696e-02
-2.224499880649090378e-02 7.562500112690030696e-02
-2.223999880661721440e-02 7.583333446333805072e-02
-2.223499880674352502e-02 7.583333446333805072e-02
-2.222999880686983565e-02 7.614583446799466637e-02
-2.222499880699614627e-02 7.625000113621353826e-02
-2.221999880712245690e-02 7.645833447265128202e-02
-2.221499880724876752e-02 7.677083447730789767e-02
-2.220999880737507814e-02 7.718750115018337132e-02
-2.220499880750138877e-02 7.666666780908902579e-02
-2.219999880762769939e-02 7.718750115018337132e-02
-2.219499880775401002e-02 7.708333448196451332e-02
-2.218999880788032064e-02 7.739583448662111509e-02
-2.218499880800663127e-02 7.718750115018337132e-02
-2.217999880813294189e-02 7.760416782305885885e-02
-2.217499880825925251e-02 7.739583448662111509e-02
-2.216999880838556314e-02 7.729166781840225708e-02
-2.216499880851187376e-02 7.770833449127773074e-02
-2.215999880863818439e-02 7.750000115484000085e-02
-2.215499880876449501e-02 7.770833449127773074e-02
-2.214999880889080563e-02 7.770833449127773074e-02
-2.214499880901711626e-02 7.802083449593434639e-02
-2.213999880914342688e-02 7.781250115949660262e-02
-2.213499880926973751e-02 7.791666782771547450e-02
-2.212999880939604813e-02 7.802083449593434639e-02
-2.212499880952235876e-02 7.802083449593434639e-02
-2.211999880964866938e-02 7.791666782771547450e-02
-2.211499880977498000e-02 7.864583450524757768e-02
-2.210999880990129063e-02 7.812500116415321827e-02
-2.210499881002760125e-02 7.854166783702870580e-02
-2.209999881015391188e-02 7.812500116415321827e-02
-2.209499881028022250e-02 7.802083449593434639e-02
-2.208999881040653313e-02 7.833333450059096204e-02
-2.208499881053284375e-02 7.843750116880983392e-02
-2.207999881065915437e-02 7.864583450524757768e-02
-2.207499881078546500e-02 7.875000117346643569e-02
-2.206999881091177562e-02 7.885416784168532145e-02
-2.206499881103808625e-02 7.843750116880983392e-02
-2.205999881116439687e-02 7.895833450990417945e-02
-2.205499881129070749e-02 7.906250117812306522e-02
-2.204999881141701812e-02 7.885416784168532145e-02
-2.204499881154332874e-02 7.843750116880983392e-02
-2.203999881166963937e-02 7.854166783702870580e-02
-2.203499881179594999e-02 7.885416784168532145e-02
-2.202999881192226062e-02 7.906250117812306522e-02
-2.202499881204857124e-02 7.906250117812306522e-02
-2.201999881217488186e-02 7.895833450990417945e-02
-2.201499881230119249e-02 7.885416784168532145e-02
-2.200999881242750311e-02 7.906250117812306522e-02
-2.200499881255381374e-02 7.895833450990417945e-02
-2.199999881268012436e-02 7.885416784168532145e-02
-2.199499881280643498e-02 7.906250117812306522e-02
-2.198999881293274561e-02 7.906250117812306522e-02
-2.198499881305905623e-02 7.895833450990417945e-02
-2.197999881318536686e-02 7.895833450990417945e-02
-2.197499881331167748e-02 7.906250117812306522e-02
-2.196999881343798811e-02 7.916666784634192322e-02
-2.196499881356429873e-02 7.885416784168532145e-02
-2.195999881369060935e-02 7.875000117346643569e-02
-2.195499881381691998e-02 7.854166783702870580e-02
-2.194999881394323060e-02 7.895833450990417945e-02
-2.194499881406954123e-02 7.885416784168532145e-02
-2.193999881419585185e-02 7.875000117346643569e-02
-2.193499881432216247e-02 7.895833450990417945e-02
-2.192999881444847310e-02 7.854166783702870580e-02
-2.192499881457478372e-02 7.843750116880983392e-02
-2.191999881470109435e-02 7.864583450524757768e-02
-2.191499881482740497e-02 7.875000117346643569e-02
-2.190999881495371560e-02 7.854166783702870580e-02
-2.190499881508002622e-02 7.833333450059096204e-02
-2.189999881520633684e-02 7.822916783237209015e-02
-2.189499881533264747e-02 7.875000117346643569e-02
-2.188999881545895809e-02 7.822916783237209015e-02
-2.188499881558526872e-02 7.802083449593434639e-02
-2.187999881571157934e-02 7.802083449593434639e-02
-2.187499881583788996e-02 7.812500116415321827e-02
-2.186999881596420059e-02 7.843750116880983392e-02
-2.186499881609051121e-02 7.802083449593434639e-02
-2.185999881621682184e-02 7.822916783237209015e-02
-2.185499881634313246e-02 7.854166783702870580e-02
-2.184999881646944309e-02 7.822916783237209015e-02
-2.184499881659575371e-02 7.843750116880983392e-02
-2.183999881672206433e-02 7.812500116415321827e-02
-2.183499881684837496e-02 7.822916783237209015e-02
-2.182999881697468558e-02 7.802083449593434639e-02
-2.182499881710099621e-02 7.802083449593434639e-02
-2.181999881722730683e-02 7.822916783237209015e-02
-2.181499881735361746e-02 7.812500116415321827e-02
-2.180999881747992808e-02 7.812500116415321827e-02
-2.180499881760623870e-02 7.802083449593434639e-02
-2.179999881773254933e-02 7.802083449593434639e-02
-2.179499881785885995e-02 7.812500116415321827e-02
-2.178999881798517058e-02 7.833333450059096204e-02
-2.178499881811148120e-02 7.843750116880983392e-02
-2.177999881823779182e-02 7.864583450524757768e-02
-2.177499881836410245e-02 7.833333450059096204e-02
-2.176999881849041307e-02 7.822916783237209015e-02
-2.176499881861672370e-02 7.885416784168532145e-02
-2.175999881874303432e-02 7.885416784168532145e-02
-2.175499881886934495e-02 7.885416784168532145e-02
-2.174999881899565557e-02 7.833333450059096204e-02
-2.174499881912196619e-02 7.895833450990417945e-02
-2.173999881924827682e-02 7.875000117346643569e-02
-2.173499881937458744e-02 7.895833450990417945e-02
-2.172999881950089807e-02 7.885416784168532145e-02
-2.172499881962720869e-02 7.916666784634192322e-02
-2.171999881975351931e-02 7.937500118277966699e-02
-2.171499881987982994e-02 7.937500118277966699e-02
-2.170999882000614056e-02 7.927083451456079510e-02
-2.170499882013245119e-02 7.885416784168532145e-02
-2.169999882025876181e-02 7.947916785099853887e-02
-2.169499882038507244e-02 7.927083451456079510e-02
-2.168999882051138306e-02 7.958333451921741075e-02
-2.168499882063769368e-02 7.958333451921741075e-02
-2.167999882076400431e-02 7.979166785565515452e-02
-2.167499882089031493e-02 7.979166785565515452e-02
-2.166999882101662556e-02 7.979166785565515452e-02
-2.166499882114293618e-02 7.979166785565515452e-02
-2.165999882126924680e-02 7.958333451921741075e-02
-2.165499882139555743e-02 7.958333451921741075e-02
-2.164999882152186805e-02 7.979166785565515452e-02
-2.164499882164817868e-02 7.989583452387402640e-02
-2.163999882177448930e-02 7.968750118743628263e-02
-2.163499882190079993e-02 8.000000119209289828e-02
-2.162999882202711055e-02 7.989583452387402640e-02
-2.162499882215342117e-02 7.968750118743628263e-02
-2.161999882227973180e-02 7.989583452387402640e-02
-2.161499882240604242e-02 7.989583452387402640e-02
-2.160999882253235305e-02 8.000000119209289828e-02
-2.160499882265866367e-02 8.020833452853064205e-02
-2.159999882278497429e-02 8.000000119209289828e-02
-2.159499882291128492e-02 8.010416786031177017e-02
-2.158999882303759554e-02 8.010416786031177017e-02
-2.158499882316390617e-02 8.000000119209289828e-02
-2.157999882329021679e-02 7.979166785565515452e-02
-2.157499882341652742e-02 8.020833452853064205e-02
-2.156999882354283804e-02 8.000000119209289828e-02
-2.156499882366914866e-02 8.010416786031177017e-02
-2.155999882379545929e-02 8.020833452853064205e-02
-2.155499882392176991e-02 8.000000119209289828e-02
-2.154999882404808054e-02 8.031250119674950005e-02
-2.154499882417439116e-02 8.041666786496838581e-02
-2.153999882430070179e-02 8.010416786031177017e-02
-2.153499882442701241e-02 8.000000119209289828e-02
-2.152999882455332303e-02 8.052083453318724382e-02
-2.152499882467963366e-02 8.052083453318724382e-02
-2.151999882480594428e-02 8.020833452853064205e-02
-2.151499882493225491e-02 8.052083453318724382e-02
-2.150999882505856553e-02 8.031250119674950005e-02
-2.150499882518487615e-02 8.052083453318724382e-02
-2.149999882531118678e-02 8.052083453318724382e-02
-2.149499882543749740e-02 8.072916786962498759e-02
-2.148999882556380803e-02 8.020833452853064205e-02
-2.148499882569011865e-02 8.062500120140612958e-02
-2.147999882581642928e-02 8.072916786962498759e-02
-2.147499882594273990e-02 8.052083453318724382e-02
-2.146999882606905052e-02 8.062500120140612958e-02
-2.146499882619536115e-02 8.083333453784385947e-02
-2.145999882632167177e-02 8.062500120140612958e-02
-2.145499882644798240e-02 8.041666786496838581e-02
-2.144999882657429302e-02 8.052083453318724382e-02
-2.144499882670060364e-02 8.041666786496838581e-02
-2.143999882682691427e-02 8.020833452853064205e-02
-2.143499882695322489e-02 8.052083453318724382e-02
-2.142999882707953552e-02 8.041666786496838581e-02
-2.142499882720584614e-02 8.020833452853064205e-02
-2.141999882733215677e-02 7.979166785565515452e-02
-2.141499882745846739e-02 7.989583452387402640e-02
-2.140999882758477801e-02 7.968750118743628263e-02
-2.140499882771108864e-02 7.968750118743628263e-02
-2.139999882783739926e-02 7.937500118277966699e-02
-2.139499882796370989e-02 7.968750118743628263e-02
-2.138999882809002051e-02 7.968750118743628263e-02
-2.138499882821633113e-02 7.927083451456079510e-02
-2.137999882834264176e-02 7.916666784634192322e-02
-2.137499882846895238e-02 7.895833450990417945e-02
-2.136999882859526301e-02 7.843750116880983392e-02
-2.136499882872157363e-02 7.854166783702870580e-02
-2.135999882884788426e-02 7.822916783237209015e-02
-2.135499882897419488e-02 7.833333450059096204e-02
-2.134999882910050550e-02 7.802083449593434639e-02
-2.134499882922681613e-02 7.781250115949660262e-02
-2.133999882935312675e-02 7.687500114552676955e-02
-2.133499882947943738e-02 7.687500114552676955e-02
-2.132999882960574800e-02 7.666666780908902579e-02
-2.132499882973205863e-02 7.625000113621353826e-02
-2.131999882985836925e-02 7.583333446333805072e-02
-2.131499882998467987e-02 7.562500112690030696e-02
-2.130999883011099050e-02 7.520833445402483330e-02
-2.130499883023730112e-02 7.500000111758708954e-02
-2.129999883036361175e-02 7.437500110827387212e-02
-2.129499883048992237e-02 7.406250110361724259e-02
-2.128999883061623299e-02 7.375000109896064082e-02
-2.128499883074254362e-02 7.333333442608515329e-02
-2.127999883086885424e-02 7.260416774855306399e-02
-2.127499883099516487e-02 7.197916773923983269e-02
-2.126999883112147549e-02 7.177083440280208892e-02
-2.126499883124778612e-02 7.125000106170774339e-02
-2.125999883137409674e-02 7.072916772061338397e-02
-2.125499883150040736e-02 7.000000104308128079e-02
-2.124999883162671799e-02 6.979166770664353703e-02
-2.124499883175302861e-02 6.916666769733031961e-02
-2.123999883187933924e-02 6.843750101979821643e-02
-2.123499883200564986e-02 6.750000100582838336e-02
-2.122999883213196048e-02 6.739583433760951148e-02
-2.122499883225827111e-02 6.666666766007740830e-02
-2.121999883238458173e-02 6.583333431432644711e-02
-2.121499883251089236e-02 6.541666764145095958e-02
-2.120999883263720298e-02 6.458333429569999840e-02
-2.120499883276351361e-02 6.406250095460563898e-02
-2.119999883288982423e-02 6.333333427707353580e-02
-2.119499883301613485e-02 6.281250093597919026e-02
-2.118999883314244548e-02 6.197916759022821520e-02
-2.118499883326875610e-02 6.114583424447725402e-02
-2.117999883339506673e-02 6.072916757160176648e-02
-2.117499883352137735e-02 5.968750088941306153e-02
-2.116999883364768797e-02 5.864583420722434964e-02
-2.116499883377399860e-02 5.802083419791112529e-02
-2.115999883390030922e-02 5.656250084284693280e-02
-2.115499883402661985e-02 5.604166750175257339e-02
-2.114999883415293047e-02 5.479166748312613161e-02
-2.114499883427924110e-02 5.406250080559402843e-02
-2.113999883440555172e-02 5.291666745518644466e-02
-2.113499883453186234e-02 5.239583411409209218e-02
-2.112999883465817297e-02 5.083333409080902782e-02
-2.112499883478448359e-02 5.000000074505805969e-02
-2.111999883491079422e-02 4.895833406286934780e-02
-2.111499883503710484e-02 4.750000070780515532e-02
-2.110999883516341546e-02 4.687500069849193096e-02
-2.110499883528972609e-02 4.541666734342773848e-02
-2.109999883541603671e-02 4.437500066123902659e-02
-2.109499883554234734e-02 4.302083397439370599e-02
-2.108999883566865796e-02 4.166666728754838539e-02
-2.108499883579496859e-02 4.062500060535967350e-02
-2.107999883592127921e-02 3.906250058207660913e-02
-2.107499883604758983e-02 3.760416722701241665e-02
-2.106999883617390046e-02 3.635416720838596100e-02
-2.106499883630021108e-02 3.500000052154064040e-02
-2.105999883642652171e-02 3.385416717113306356e-02
-2.105499883655283233e-02 3.291666715716322356e-02
-2.104999883667914296e-02 3.135416713388015919e-02
-2.104499883680545358e-02 2.989583377881596324e-02
-2.103999883693176420e-02 2.885416709662725135e-02
-2.103499883705807483e-02 2.687500040046870639e-02
-2.102999883718438545e-02 2.562500038184225420e-02
-2.102499883731069608e-02 2.427083369499693360e-02
-2.101999883743700670e-02 2.322916701280822518e-02
-2.101499883756331732e-02 2.166666698952516082e-02
-2.100999883768962795e-02 2.000000029802322457e-02
-2.100499883781593857e-02 1.885416694761564427e-02
-2.099999883794224920e-02 1.802083360186467614e-02
-2.099499883806855982e-02 1.635416691036273990e-02
-2.098999883819487045e-02 1.437500021420419147e-02
-2.098499883832118107e-02 1.302083352735887087e-02
-2.097999883844749169e-02 1.187500017695128883e-02
-2.097499883857380232e-02 1.010416681723048243e-02
-2.096999883870011294e-02 8.854166798604031982e-03
-2.096499883882642357e-02 7.187500107102095734e-03
-2.095999883895273419e-02 5.520833415600160353e-03
-2.095499883907904481e-02 3.541666719441612359e-03
-2.094999883920535544e-02 2.604166705471774087e-03
-2.094499883933166606e-02 5.208333410943547523e-04
-2.093999883945797669e-02 -5.208333410943547523e-04
-2.093499883958428731e-02 -2.395833369034032056e-03
-2.092999883971059794e-02 -4.062500060535967870e-03
-2.092499883983690856e-02 -5.625000083819032236e-03
-2.091999883996321918e-02 -7.291666775320967617e-03
-2.091499884008952981e-02 -9.062500135041772278e-03
-2.090999884021584043e-02 -1.072916682654370853e-02
-2.090499884034215106e-02 -1.208333351338903086e-02
-2.089999884046846168e-02 -1.406250020954757929e-02
-2.089499884059477230e-02 -1.635416691036273990e-02
-2.088999884072108293e-02 -1.739583359255144832e-02
-2.088499884084739355e-02 -1.927083362049112833e-02
-2.087999884097370418e-02 -2.104166698021193299e-02
-2.087499884110001480e-02 -2.322916701280822518e-02
-2.086999884122632543e-02 -2.552083371362338232e-02
-2.086499884135263605e-02 -2.677083373224983451e-02
-2.085999884147894667e-02 -2.885416709662725135e-02
-2.085499884160525730e-02 -3.104166712922354701e-02
-2.084999884173156792e-02 -3.250000048428774296e-02
-2.084499884185787855e-02 -3.437500051222741604e-02
-2.083999884198418917e-02 -3.604166720372935229e-02
-2.083499884211049979e-02 -3.864583390920112854e-02
-2.082999884223681042e-02 -4.062500060535967350e-02
-2.082499884236312104e-02 -4.260416730151821846e-02
-2.081999884248943167e-02 -4.489583400233338600e-02
-2.081499884261574229e-02 -4.666666736205418720e-02
-2.080999884274205292e-02 -4.937500073574483533e-02
-2.080499884286836354e-02 -5.104166742724676464e-02
-2.079999884299467416e-02 -5.322916745984306724e-02
-2.079499884312098479e-02 -5.541666749243934903e-02
-2.078999884324729541e-02 -5.718750085216015716e-02
-2.078499884337360604e-02 -5.947916755297532471e-02
-2.077999884349991666e-02 -6.177083425379047837e-02
-2.077499884362622729e-02 -6.375000094994902333e-02
-2.076999884375253791e-02 -6.604166765076419088e-02
-2.076499884387884853e-02 -6.854166768801708831e-02
-2.075999884400515916e-02 -7.031250104773789644e-02
-2.075499884413146978e-02 -7.302083442142853764e-02
-2.074999884425778041e-02 -7.541666779046257707e-02
-2.074499884438409103e-02 -7.770833449127773074e-02
-2.073999884451040165e-02 -8.020833452853064205e-02
-2.073499884463671228e-02 -8.218750122468919395e-02
-2.072999884476302290e-02 -8.500000126659869315e-02
-2.072499884488933353e-02 -8.677083462631950128e-02
-2.071999884501564415e-02 -8.854166798604030941e-02
-2.071499884514195478e-02 -9.156250136438758014e-02
-2.070999884526826540e-02 -9.395833473342160569e-02
-2.070499884539457602e-02 -9.666666810711224689e-02
-2.069999884552088665e-02 -9.895833480792741443e-02
-2.069499884564719727e-02 -1.009375015040859525e-01
-2.068999884577350790e-02 -1.037500015459954794e-01
-2.068499884589981852e-02 -1.058333349103728893e-01
-2.067999884602612914e-02 -1.088541682887201600e-01
-2.067499884615243977e-02 -1.111458349895353276e-01
-2.066999884627875039e-02 -1.135416683585693531e-01
-2.066499884640506102e-02 -1.162500017322599943e-01
-2.065999884653137164e-02 -1.179166684237619306e-01
-2.065499884665768227e-02 -1.207291684656714437e-01
-2.064999884678399289e-02 -1.231250018347054692e-01
-2.064499884691030351e-02 -1.260416685448338681e-01
-2.063999884703661414e-02 -1.287500019185245093e-01
-2.063499884716292476e-02 -1.309375019511207772e-01
-2.062999884728923539e-02 -1.333333353201548166e-01
-2.062499884741554601e-02 -1.362500020302832293e-01
-2.061999884754185663e-02 -1.384375020628794972e-01
-2.061499884766816726e-02 -1.414583354412267679e-01
-2.060999884779447788e-02 -1.441666688149174091e-01
-2.060499884792078851e-02 -1.465625021839514208e-01
-2.059999884804709913e-02 -1.491666688894232040e-01
-2.059499884817340976e-02 -1.519791689313327310e-01
-2.058999884829972038e-02 -1.546875023050233722e-01
-2.058499884842603100e-02 -1.571875023422762696e-01
-2.057999884855234163e-02 -1.596875023795291948e-01
-2.057499884867865225e-02 -1.621875024167820645e-01
-2.056999884880496288e-02 -1.655208357997859647e-01
-2.056499884893127350e-02 -1.678125025006011184e-01
-2.055999884905758412e-02 -1.704166692060728738e-01
-2.055499884918389475e-02 -1.728125025751069133e-01
-2.054999884931020537e-02 -1.756250026170164402e-01
-2.054499884943651600e-02 -1.778125026496127081e-01
-2.053999884956282662e-02 -1.813541693690543244e-01
-2.053499884968913725e-02 -1.835416694016506201e-01
-2.052999884981544787e-02 -1.861458361071224032e-01
-2.052499884994175849e-02 -1.884375028079375569e-01
-2.051999885006806912e-02 -1.915625028545036856e-01
-2.051499885019437974e-02 -1.938541695553188393e-01
-2.050999885032069037e-02 -1.967708362654472520e-01
-2.050499885044700099e-02 -1.994791696391378932e-01
-2.049999885057331162e-02 -2.014583363352964451e-01
-2.049499885069962224e-02 -2.039583363725493426e-01
-2.048999885082593286e-02 -2.062500030733644962e-01
-2.048499885095224349e-02 -2.088541697788362517e-01
-2.047999885107855411e-02 -2.117708364889646644e-01
-2.047499885120486474e-02 -2.130208365075911270e-01
-2.046999885133117536e-02 -2.130208365075911270e-01
-2.046499885145748598e-02 -2.130208365075911270e-01
-2.045999885158379661e-02 -2.130208365075911270e-01
-2.045499885171010723e-02 -2.130208365075911270e-01
-2.044999885183641786e-02 -2.130208365075911270e-01
-2.044499885196272848e-02 -2.130208365075911270e-01
-2.043999885208903911e-02 -2.130208365075911270e-01
-2.043499885221534973e-02 -2.130208365075911270e-01
-2.042999885234166035e-02 -2.130208365075911270e-01
-2.042499885246797098e-02 -2.130208365075911270e-01
-2.041999885259428160e-02 -2.130208365075911270e-01
-2.041499885272059223e-02 -2.130208365075911270e-01
-2.040999885284690285e-02 -2.130208365075911270e-01
-2.040499885297321347e-02 -2.130208365075911270e-01
-2.039999885309952410e-02 -2.130208365075911270e-01
-2.039499885322583472e-02 -2.130208365075911270e-01
-2.038999885335214535e-02 -2.130208365075911270e-01
-2.038499885347845597e-02 -2.130208365075911270e-01
-2.037999885360476660e-02 -2.130208365075911270e-01
-2.037499885373107722e-02 -2.130208365075911270e-01
-2.036999885385738784e-02 -2.130208365075911270e-01
-2.036499885398369847e-02 -2.130208365075911270e-01
-2.035999885411000909e-02 -2.130208365075911270e-01
-2.035499885423631972e-02 -2.130208365075911270e-01
-2.034999885436263034e-02 -2.130208365075911270e-01
-2.034499885448894096e-02 -2.130208365075911270e-01
-2.033999885461525159e-02 -2.130208365075911270e-01
-2.033499885474156221e-02 -2.130208365075911270e-01
-2.032999885486787284e-02 -2.130208365075911270e-01
-2.032499885499418346e-02 -2.130208365075911270e-01
-2.031999885512049409e-02 -2.130208365075911270e-01
-2.031499885524680471e-02 -2.130208365075911270e-01
-2.030999885537311533e-02 -2.130208365075911270e-01
-2.030499885549942596e-02 -2.130208365075911270e-01
-2.029999885562573658e-02 -2.130208365075911270e-01
-2.029499885575204721e-02 -2.130208365075911270e-01
-2.028999885587835783e-02 -2.130208365075911270e-01
-2.028499885600466845e-02 -2.130208365075911270e-01
-2.027999885613097908e-02 -2.130208365075911270e-01
-2.027499885625728970e-02 -2.130208365075911270e-01
-2.026999885638360033e-02 -2.130208365075911270e-01
-2.026499885650991095e-02 -2.130208365075911270e-01
-2.025999885663622158e-02 -2.130208365075911270e-01
-2.025499885676253220e-02 -2.130208365075911270e-01
-2.024999885688884282e-02 -2.130208365075911270e-01
-2.024499885701515345e-02 -2.130208365075911270e-01
-2.023999885714146407e-02 -2.130208365075911270e-01
-2.023499885726777470e-02 -2.130208365075911270e-01
-2.022999885739408532e-02 -2.130208365075911270e-01
-2.022499885752039595e-02 -2.130208365075911270e-01
-2.021999885764670657e-02 -2.130208365075911270e-01
-2.021499885777301719e-02 -2.130208365075911270e-01
-2.020999885789932782e-02 -2.130208365075911270e-01
-2.020499885802563844e-02 -2.130208365075911270e-01
-2.019999885815194907e-02 -2.130208365075911270e-01
-2.019499885827825969e-02 -2.130208365075911270e-01
-2.018999885840457031e-02 -2.130208365075911270e-01
-2.018499885853088094e-02 -2.130208365075911270e-01
-2.017999885865719156e-02 -2.130208365075911270e-01
-2.017499885878350219e-02 -2.130208365075911270e-01
-2.016999885890981281e-02 -2.130208365075911270e-01
-2.016499885903612344e-02 -2.130208365075911270e-01
-2.015999885916243406e-02 -2.130208365075911270e-01
-2.015499885928874468e-02 -2.130208365075911270e-01
-2.014999885941505531e-02 -2.130208365075911270e-01
-2.014499885954136593e-02 -2.130208365075911270e-01
-2.013999885966767656e-02 -2.130208365075911270e-01
-2.013499885979398718e-02 -2.130208365075911270e-01
-2.012999885992029780e-02 -2.130208365075911270e-01
-2.012499886004660843e-02 -2.130208365075911270e-01
-2.011999886017291905e-02 -2.130208365075911270e-01
-2.011499886029922968e-02 -2.130208365075911270e-01
-2.010999886042554030e-02 -2.130208365075911270e-01
-2.010499886055185093e-02 -2.130208365075911270e-01
-2.009999886067816155e-02 -2.130208365075911270e-01
-2.009499886080447217e-02 -2.130208365075911270e-01
-2.008999886093078280e-02 -2.130208365075911270e-01
-2.008499886105709342e-02 -2.130208365075911270e-01
-2.007999886118340405e-02 -2.130208365075911270e-01
-2.007499886130971467e-02 -2.130208365075911270e-01
-2.006999886143602529e-02 -2.130208365075911270e-01
-2.006499886156233592e-02 -2.130208365075911270e-01
-2.005999886168864654e-02 -2.130208365075911270e-01
-2.005499886181495717e-02 -2.130208365075911270e-01
-2.004999886194126779e-02 -2.130208365075911270e-01
-2.004499886206757842e-02 -2.130208365075911270e-01
-2.003999886219388904e-02 -2.130208365075911270e-01
-2.003499886232019966e-02 -2.130208365075911270e-01
-2.002999886244651029e-02 -2.130208365075911270e-01
-2.002499886257282091e-02 -2.127083365029344975e-01
-2.001999886269913154e-02 -2.107291698067759456e-01
-2.001499886282544216e-02 -2.089583364470551097e-01
-2.000999886295175278e-02 -2.070833364191154713e-01
-2.000499886307806341e-02 -2.046875030500814319e-01
-1.999999886320437403e-02 -2.027083363539228522e-01
-1.999499886333068466e-02 -2.009375029942020718e-01
-1.998999886345699528e-02 -1.988541696298246619e-01
-1.998499886358330591e-02 -1.969791696018849680e-01
-1.997999886370961653e-02 -1.948958362375075581e-01
-1.997499886383592715e-02 -1.926041695366924045e-01
-1.996999886396223778e-02 -1.904166695040961088e-01
-1.996499886408854840e-02 -1.882291694714998131e-01
-1.995999886421485903e-02 -1.860416694389035175e-01
-1.995499886434116965e-02 -1.844791694156204531e-01
-1.994999886446748028e-02 -1.823958360512430432e-01
-1.994499886459379090e-02 -1.802083360186467476e-01
-1.993999886472010152e-02 -1.778125026496127081e-01
-1.993499886484641215e-02 -1.761458359581107858e-01
-1.992999886497272277e-02 -1.732291692479824008e-01
-1.992499886509903340e-02 -1.713541692200427347e-01
-1.991999886522534402e-02 -1.691666691874464390e-01
-1.991499886535165464e-02 -1.672916691595067451e-01
-1.990999886547796527e-02 -1.654166691315670790e-01
-1.990499886560427589e-02 -1.631250024307519253e-01
-1.989999886573058652e-02 -1.607291690617178859e-01
-1.989499886585689714e-02 -1.585416690291215902e-01
-1.988999886598320777e-02 -1.569791690058385258e-01
-1.988499886610951839e-02 -1.544791689685856284e-01
-1.987999886623582901e-02 -1.518750022631138730e-01
-1.987499886636213964e-02 -1.493750022258609478e-01
-1.986999886648845026e-02 -1.478125022025778834e-01
-1.986499886661476089e-02 -1.456250021699816155e-01
-1.985999886674107151e-02 -1.433333354691664341e-01
-1.985499886686738213e-02 -1.412500021047890242e-01
-1.984999886699369276e-02 -1.391666687404115865e-01
-1.984499886712000338e-02 -1.371875020442530346e-01
-1.983999886724631401e-02 -1.352083353480945105e-01
-1.983499886737262463e-02 -1.330208353154982148e-01
-1.982999886749893526e-02 -1.310416686193396629e-01
-1.982499886762524588e-02 -1.290625019231811110e-01
-1.981999886775155650e-02 -1.266666685541470716e-01
-1.981499886787786713e-02 -1.246875018579885336e-01
-1.980999886800417775e-02 -1.226041684936111237e-01
-1.980499886813048838e-02 -1.207291684656714437e-01
-1.979999886825679900e-02 -1.184375017648562761e-01
-1.979499886838310962e-02 -1.167708350733543399e-01
-1.978999886850942025e-02 -1.143750017043203143e-01
-1.978499886863573087e-02 -1.126041683445995062e-01
-1.977999886876204150e-02 -1.107291683166598123e-01
-1.977499886888835212e-02 -1.084375016158446725e-01
-1.976999886901466275e-02 -1.063541682514672487e-01
-1.976499886914097337e-02 -1.046875015599653125e-01
-1.975999886926728399e-02 -1.025000015273690168e-01
-1.975499886939359462e-02 -1.011458348405236962e-01
-1.974999886951990524e-02 -9.885416813970854255e-02
-1.974499886964621587e-02 -9.739583478464435007e-02
-1.973999886977252649e-02 -9.531250142026692629e-02
-1.973499886989883711e-02 -9.333333472410837439e-02
-1.972999887002514774e-02 -9.125000135973095061e-02
-1.972499887015145836e-02 -8.958333466822902824e-02
-1.971999887027776899e-02 -8.781250130850822011e-02
-1.971499887040407961e-02 -8.562500127591192445e-02
-1.970999887053039024e-02 -8.406250125262886008e-02
-1.970499887065670086e-02 -8.218750122468919395e-02
-1.969999887078301148e-02 -8.062500120140612958e-02
-1.969499887090932211e-02 -7.864583450524757768e-02
-1.968999887103563273e-02 -7.697916781374564144e-02
-1.968499887116194336e-02 -7.531250112224370519e-02
-1.967999887128825398e-02 -7.322916775786628141e-02
-1.967499887141456461e-02 -7.135416772992660139e-02
-1.966999887154087523e-02 -6.937500103376804950e-02
-1.966499887166718585e-02 -6.802083434692272890e-02
-1.965999887179349648e-02 -6.593750098254531899e-02
-1.965499887191980710e-02 -6.479166763213774216e-02
-1.964999887204611773e-02 -6.281250093597919026e-02
-1.964499887217242835e-02 -6.125000091269612590e-02
-1.963999887229873897e-02 -5.927083421653756706e-02
-1.963499887242504960e-02 -5.781250086147338152e-02
-1.962999887255136022e-02 -5.656250084284693280e-02
-1.962499887267767085e-02 -5.427083414203177220e-02
-1.961999887280398147e-02 -5.270833411874870783e-02
-1.961499887293029210e-02 -5.145833410012224524e-02
-1.960999887305660272e-02 -4.979166740862031593e-02
-1.960499887318291334e-02 -4.812500071711838662e-02
-1.959999887330922397e-02 -4.645833402561645037e-02
-1.959499887343553459e-02 -4.447916732945789847e-02
-1.958999887356184522e-02 -4.322916731083144976e-02
-1.958499887368815584e-02 -4.156250061932951351e-02
-1.957999887381446646e-02 -3.968750059138983349e-02
-1.957499887394077709e-02 -3.854166724098225666e-02
-1.956999887406708771e-02 -3.687500054948032041e-02
-1.956499887419339834e-02 -3.458333384866515980e-02
-1.955999887431970896e-02 -3.364583383469531980e-02
-1.955499887444601959e-02 -3.197916714319338355e-02
-1.954999887457233021e-02 -3.052083378812919454e-02
-1.954499887469864083e-02 -2.906250043306499858e-02
-1.953999887482495146e-02 -2.760416707800080610e-02
-1.953499887495126208e-02 -2.583333371828000144e-02
-1.952999887507757271e-02 -2.437500036321580202e-02
-1.952499887520388333e-02 -2.281250033993273765e-02
-1.951999887533019395e-02 -2.114583364843080487e-02
-1.951499887545650458e-02 -1.979166696158548081e-02
-1.950999887558281520e-02 -1.822916693830241644e-02
-1.950499887570912583e-02 -1.687500025145709584e-02
-1.949999887583543645e-02 -1.572916690104951554e-02
-1.949499887596174708e-02 -1.437500021420419147e-02
-1.948999887608805770e-02 -1.239583351804564477e-02
-1.948499887621436832e-02 -1.083333349476258041e-02
-1.947999887634067895e-02 -9.375000139698386192e-03
-1.947499887646698957e-02 -7.916666784634191975e-03
-1.946999887659330020e-02 -6.875000102445483555e-03
-1.946499887671961082e-02 -5.208333410943548174e-03
-1.945999887684592144e-02 -3.958333392317095988e-03
-1.945499887697223207e-02 -2.291666700815161040e-03
-1.944999887709854269e-02 -8.333333457509676905e-04
-1.944499887722485332e-02 2.083333364377419226e-04
-1.943999887735116394e-02 1.875000027939677195e-03
-1.943499887747747457e-02 2.812500041909516118e-03
-1.942999887760378519e-02 4.270833396973709034e-03
-1.942499887773009581e-02 5.416666747381290205e-03
-1.941999887785640644e-02 6.875000102445483555e-03
-1.941499887798271706e-02 8.125000121071935741e-03
-1.940999887810902769e-02 9.687500144355000106e-03
-1.940499887823533831e-02 1.104166683120032071e-02
-1.939999887836164894e-02 1.239583351804564477e-02
-1.939499887848795956e-02 1.333333353201548305e-02
-1.938999887861427018e-02 1.458333355064193523e-02
-1.938499887874058081e-02 1.614583357392499960e-02
-1.937999887886689143e-02 1.708333358789483614e-02
-1.937499887899320206e-02 1.843750027474016021e-02
-1.936999887911951268e-02 1.979166696158548081e-02
-1.936499887924582330e-02 2.156250032130628894e-02
-1.935999887937213393e-02 2.218750033061951329e-02
-1.935499887949844455e-02 2.322916701280822518e-02
-1.934999887962475518e-02 2.489583370431015796e-02
-1.934499887975106580e-02 2.583333371828000144e-02
-1.933999887987737643e-02 2.708333373690644669e-02
-1.933499888000368705e-02 2.822916708731403046e-02
-1.932999888012999767e-02 2.958333377415935106e-02
-1.932499888025630830e-02 3.104166712922354701e-02
-1.931999888038261892e-02 3.177083380675563978e-02
-1.931499888050892955e-02 3.270833382072547979e-02
-1.930999888063524017e-02 3.427083384400854416e-02
-1.930499888076155079e-02 3.510416718975951228e-02
-1.929999888088786142e-02 3.635416720838596100e-02
-1.929499888101417204e-02 3.718750055413693606e-02
-1.928999888114048267e-02 3.854166724098225666e-02
-1.928499888126679329e-02 3.958333392317096161e-02
-1.927999888139310392e-02 4.031250060070306479e-02
-1.927499888151941454e-02 4.166666728754838539e-02
-1.926999888164572516e-02 4.260416730151821846e-02
-1.926499888177203579e-02 4.354166731548805847e-02
-1.925999888189834641e-02 4.447916732945789847e-02
-1.925499888202465704e-02 4.531250067520886660e-02
-1.924999888215096766e-02 4.718750070314853967e-02
-1.924499888227727828e-02 4.729166737136741155e-02
-1.923999888240358891e-02 4.833333405355612344e-02
-1.923499888252989953e-02 4.947916740396370722e-02
-1.922999888265621016e-02 4.989583407683918781e-02
-1.922499888278252078e-02 5.072916742259015593e-02
-1.921999888290883141e-02 5.187500077299773971e-02
-1.921499888303514203e-02 5.281250078696757277e-02
-1.920999888316145265e-02 5.343750079628080407e-02
-1.920499888328776328e-02 5.395833413737515655e-02
-1.919999888341407390e-02 5.458333414668837397e-02
-1.919499888354038453e-02 5.593750083353370151e-02
-1.918999888366669515e-02 5.614583416997143833e-02
-1.918499888379300578e-02 5.687500084750354151e-02
-1.917999888391931640e-02 5.791666752969226034e-02
-1.917499888404562702e-02 5.854166753900547776e-02
-1.916999888417193765e-02 5.906250088009983024e-02
-1.916499888429824827e-02 5.989583422585080530e-02
-1.915999888442455890e-02 6.041666756694515084e-02
-1.915499888455086952e-02 6.135416758091499084e-02
-1.914999888467718014e-02 6.187500092200935026e-02
-1.914499888480349077e-02 6.322916760885467780e-02
-1.913999888492980139e-02 6.291666760419806215e-02
-1.913499888505611202e-02 6.354166761351127957e-02
-1.912999888518242264e-02 6.406250095460563898e-02
-1.912499888530873327e-02 6.437500095926225463e-02
-1.911999888543504389e-02 6.531250097323208770e-02
-1.911499888556135451e-02 6.562500097788870335e-02
-1.910999888568766514e-02 6.583333431432644711e-02
-1.910499888581397576e-02 6.635416765542080653e-02
-1.909999888594028639e-02 6.697916766473402395e-02
-1.909499888606659701e-02 6.708333433295289583e-02
-1.908999888619290763e-02 6.750000100582838336e-02
-1.908499888631921826e-02 6.802083434692272890e-02
-1.907999888644552888e-02 6.854166768801708831e-02
-1.907499888657183951e-02 6.906250102911144773e-02
-1.906999888669815013e-02 6.906250102911144773e-02
-1.906499888682446076e-02 6.968750103842467902e-02
-1.905999888695077138e-02 7.020833437951902456e-02
-1.905499888707708200e-02 6.989583437486240891e-02
-1.904999888720339263e-02 7.041666771595676833e-02
-1.904499888732970325e-02 7.072916772061338397e-02
-1.903999888745601388e-02 7.104166772526999962e-02
-1.903499888758232450e-02 7.125000106170774339e-02
-1.902999888770863512e-02 7.114583439348885763e-02
-1.902499888783494575e-02 7.208333440745870457e-02
-1.901999888796125637e-02 7.197916773923983269e-02
-1.901499888808756700e-02 7.208333440745870457e-02
-1.900999888821387762e-02 7.229166774389644834e-02
-1.900499888834018825e-02 7.229166774389644834e-02
-1.899999888846649887e-02 7.302083442142853764e-02
-1.899499888859280949e-02 7.260416774855306399e-02
-1.898999888871912012e-02 7.302083442142853764e-02
-1.898499888884543074e-02 7.322916775786628141e-02
-1.897999888897174137e-02 7.333333442608515329e-02
-1.897499888909805199e-02 7.333333442608515329e-02
-1.896999888922436261e-02 7.312500108964740952e-02
-1.896499888935067324e-02 7.354166776252289706e-02
-1.895999888947698386e-02 7.343750109430402517e-02
-1.895499888960329449e-02 7.343750109430402517e-02
-1.894999888972960511e-02 7.354166776252289706e-02
-1.894499888985591574e-02 7.354166776252289706e-02
-1.893999888998222636e-02 7.354166776252289706e-02
-1.893499889010853698e-02 7.343750109430402517e-02
-1.892999889023484761e-02 7.333333442608515329e-02
-1.892499889036115823e-02 7.333333442608515329e-02
-1.891999889048746886e-02 7.322916775786628141e-02
-1.891499889061377948e-02 7.312500108964740952e-02
-1.890999889074009011e-02 7.333333442608515329e-02
-1.890499889086640073e-02 7.312500108964740952e-02
-1.889999889099271135e-02 7.281250108499080775e-02
-1.889499889111902198e-02 7.312500108964740952e-02
-1.888999889124533260e-02 7.229166774389644834e-02
-1.888499889137164323e-02 7.260416774855306399e-02
-1.887999889149795385e-02 7.270833441677192199e-02
-1.887499889162426447e-02 7.239583441211532022e-02
-1.886999889175057510e-02 7.197916773923983269e-02
-1.886499889187688572e-02 7.177083440280208892e-02
-1.885999889200319635e-02 7.145833439814547328e-02
-1.885499889212950697e-02 7.145833439814547328e-02
-1.884999889225581760e-02 7.145833439814547328e-02
-1.884499889238212822e-02 7.135416772992660139e-02
-1.883999889250843884e-02 7.093750105705111386e-02
-1.883499889263474947e-02 7.104166772526999962e-02
-1.882999889276106009e-02 7.052083438417564021e-02
-1.882499889288737072e-02 7.062500105239451209e-02
-1.881999889301368134e-02 7.000000104308128079e-02
-1.881499889313999196e-02 6.906250102911144773e-02
-1.880999889326630259e-02 6.958333437020579326e-02
-1.880499889339261321e-02 6.937500103376804950e-02
-1.879999889351892384e-02 6.927083436554919149e-02
-1.879499889364523446e-02 6.895833436089257584e-02
-1.878999889377154509e-02 6.895833436089257584e-02
-1.878499889389785571e-02 6.864583435623596019e-02
-1.877999889402416633e-02 6.822916768336047266e-02
-1.877499889415047696e-02 6.760416767404725524e-02
-1.876999889427678758e-02 6.770833434226612713e-02
-1.876499889440309821e-02 6.770833434226612713e-02
-1.875999889452940883e-02 6.739583433760951148e-02
-1.875499889465571945e-02 6.718750100117176771e-02
-1.874999889478203008e-02 6.697916766473402395e-02
-1.874499889490834070e-02 6.697916766473402395e-02
-1.873999889503465133e-02 6.656250099185855029e-02
-1.873499889516096195e-02 6.614583431898306276e-02
-1.872999889528727258e-02 6.645833432363966453e-02
-1.872499889541358320e-02 6.614583431898306276e-02
-1.871999889553989382e-02 6.593750098254531899e-02
-1.871499889566620445e-02 6.531250097323208770e-02
-1.870999889579251507e-02 6.635416765542080653e-02
-1.870499889591882570e-02 6.458333429569999840e-02
-1.869999889604513632e-02 6.520833430501321581e-02
-1.869499889617144694e-02 6.437500095926225463e-02
-1.868999889629775757e-02 6.427083429104338275e-02
-1.868499889642406819e-02 6.406250095460563898e-02
-1.867999889655037882e-02 6.364583428173015145e-02
-1.867499889667668944e-02 6.385416761816789522e-02
-1.866999889680300007e-02 6.375000094994902333e-02
-1.866499889692931069e-02 6.322916760885467780e-02
-1.865999889705562131e-02 6.302083427241693403e-02
-1.865499889718193194e-02 6.260416759954144650e-02
-1.864999889730824256e-02 6.270833426776031838e-02
-1.864499889743455319e-02 6.250000093132257462e-02
-1.863999889756086381e-02 6.239583426310369579e-02
-1.863499889768717444e-02 6.218750092666595897e-02
-1.862999889781348506e-02 6.187500092200935026e-02
-1.862499889793979568e-02 6.166666758557160649e-02
-1.861999889806610631e-02 6.135416758091499084e-02
-1.861499889819241693e-02 6.135416758091499084e-02
-1.860999889831872756e-02 6.083333423982063143e-02
-1.860499889844503818e-02 6.177083425379047837e-02
-1.859999889857134880e-02 6.062500090338289460e-02
-1.859499889869765943e-02 6.031250089872628589e-02
-1.858999889882397005e-02 6.031250089872628589e-02
-1.858499889895028068e-02 6.010416756228854213e-02
-1.857999889907659130e-02 6.010416756228854213e-02
-1.857499889920290193e-02 6.020833423050741401e-02
-1.856999889932921255e-02 5.989583422585080530e-02
-1.856499889945552317e-02 5.937500088475644588e-02
-1.855999889958183380e-02 5.947916755297532471e-02
-1.855499889970814442e-02 5.916666754831870212e-02
-1.854999889983445505e-02 5.937500088475644588e-02
-1.854499889996076567e-02 5.927083421653756706e-02
-1.853999890008707629e-02 5.885416754366208647e-02
-1.853499890021338692e-02 5.916666754831870212e-02
-1.852999890033969754e-02 5.916666754831870212e-02
-1.852499890046600817e-02 5.916666754831870212e-02
-1.851999890059231879e-02 5.885416754366208647e-02
-1.851499890071862942e-02 5.895833421188096529e-02
-1.850999890084494004e-02 5.906250088009983024e-02
-1.850499890097125066e-02 5.875000087544322153e-02
-1.849999890109756129e-02 5.937500088475644588e-02
-1.849499890122387191e-02 5.864583420722434964e-02
-1.848999890135018254e-02 5.875000087544322153e-02
-1.848499890147649316e-02 5.885416754366208647e-02
-1.847999890160280378e-02 5.885416754366208647e-02
-1.847499890172911441e-02 5.906250088009983024e-02
-1.846999890185542503e-02 5.916666754831870212e-02
-1.846499890198173566e-02 5.916666754831870212e-02
-1.845999890210804628e-02 5.916666754831870212e-02
-1.845499890223435691e-02 5.906250088009983024e-02
-1.844999890236066753e-02 5.937500088475644588e-02
-1.844499890248697815e-02 5.885416754366208647e-02
-1.843999890261328878e-02 5.927083421653756706e-02
-1.843499890273959940e-02 5.906250088009983024e-02
-1.842999890286591003e-02 5.927083421653756706e-02
-1.842499890299222065e-02 5.947916755297532471e-02
-1.841999890311853127e-02 5.968750088941306153e-02
-1.841499890324484190e-02 5.979166755763192648e-02
-1.840999890337115252e-02 5.979166755763192648e-02
-1.840499890349746315e-02 5.979166755763192648e-02
-1.839999890362377377e-02 5.989583422585080530e-02
-1.839499890375008440e-02 6.083333423982063143e-02
-1.838999890387639502e-02 5.979166755763192648e-02
-1.838499890400270564e-02 6.031250089872628589e-02
-1.837999890412901627e-02 5.979166755763192648e-02
-1.837499890425532689e-02 6.041666756694515084e-02
-1.836999890438163752e-02 6.052083423516402966e-02
-1.836499890450794814e-02 6.072916757160176648e-02
-1.835999890463425877e-02 6.052083423516402966e-02
-1.835499890476056939e-02 6.104166757625838907e-02
-1.834999890488688001e-02 6.104166757625838907e-02
-1.834499890501319064e-02 6.135416758091499084e-02
-1.833999890513950126e-02 6.145833424913386966e-02
-1.833499890526581189e-02 6.166666758557160649e-02
-1.832999890539212251e-02 6.125000091269612590e-02
-1.832499890551843313e-02 6.156250091735273461e-02
-1.831999890564474376e-02 6.177083425379047837e-02
-1.831499890577105438e-02 6.166666758557160649e-02
-1.830999890589736501e-02 6.197916759022821520e-02
-1.830499890602367563e-02 6.229166759488483085e-02
-1.829999890614998626e-02 6.135416758091499084e-02
-1.829499890627629688e-02 6.239583426310369579e-02
-1.828999890640260750e-02 6.281250093597919026e-02
-1.828499890652891813e-02 6.281250093597919026e-02
-1.827999890665522875e-02 6.302083427241693403e-02
-1.827499890678153938e-02 6.302083427241693403e-02
-1.826999890690785000e-02 6.343750094529242156e-02
-1.826499890703416062e-02 6.364583428173015145e-02
-1.825999890716047125e-02 6.385416761816789522e-02
-1.825499890728678187e-02 6.364583428173015145e-02
-1.824999890741309250e-02 6.406250095460563898e-02
-1.824499890753940312e-02 6.416666762282451086e-02
-1.823999890766571375e-02 6.458333429569999840e-02
-1.823499890779202437e-02 6.437500095926225463e-02
-1.822999890791833499e-02 6.458333429569999840e-02
-1.822499890804464562e-02 6.500000096857548593e-02
-1.821999890817095624e-02 6.583333431432644711e-02
-1.821499890829726687e-02 6.541666764145095958e-02
-1.820999890842357749e-02 6.562500097788870335e-02
-1.820499890854988811e-02 6.604166765076419088e-02
-1.819999890867619874e-02 6.625000098720192077e-02
-1.819499890880250936e-02 6.656250099185855029e-02
-1.818999890892881999e-02 6.656250099185855029e-02
-1.818499890905513061e-02 6.687500099651515206e-02
-1.817999890918144124e-02 6.708333433295289583e-02
-1.817499890930775186e-02 6.718750100117176771e-02
-1.816999890943406248e-02 6.729166766939063959e-02
-1.816499890956037311e-02 6.770833434226612713e-02
-1.815999890968668373e-02 6.812500101514161466e-02
-1.815499890981299436e-02 6.812500101514161466e-02
-1.814999890993930498e-02 6.854166768801708831e-02
-1.814499891006561560e-02 6.854166768801708831e-02
-1.813999891019192623e-02 6.927083436554919149e-02
-1.813499891031823685e-02 6.895833436089257584e-02
-1.812999891044454748e-02 6.916666769733031961e-02
-1.812499891057085810e-02 6.958333437020579326e-02
-1.811999891069716873e-02 6.968750103842467902e-02
-1.811499891082347935e-02 6.989583437486240891e-02
-1.810999891094978997e-02 7.031250104773789644e-02
-1.810499891107610060e-02 7.062500105239451209e-02
-1.809999891120241122e-02 7.093750105705111386e-02
-1.809499891132872185e-02 7.093750105705111386e-02
-1.808999891145503247e-02 7.093750105705111386e-02
-1.808499891158134310e-02 7.104166772526999962e-02
-1.807999891170765372e-02 7.125000106170774339e-02
-1.807499891183396434e-02 7.166666773458321704e-02
-1.806999891196027497e-02 7.197916773923983269e-02
-1.806499891208658559e-02 7.197916773923983269e-02
-1.805999891221289622e-02 7.187500107102096081e-02
-1.805499891233920684e-02 7.239583441211532022e-02
-1.804999891246551746e-02 7.260416774855306399e-02
-1.804499891259182809e-02 7.260416774855306399e-02
-1.803999891271813871e-02 7.260416774855306399e-02
-1.803499891284444934e-02 7.281250108499080775e-02
-1.802999891297075996e-02 7.312500108964740952e-02
-1.802499891309707059e-02 7.354166776252289706e-02
-1.801999891322338121e-02 7.354166776252289706e-02
-1.801499891334969183e-02 7.416666777183612835e-02
-1.800999891347600246e-02 7.395833443539838459e-02
-1.800499891360231308e-02 7.427083444005498636e-02
-1.799999891372862371e-02 7.437500110827387212e-02
-1.799499891385493433e-02 7.447916777649273012e-02
-1.798999891398124495e-02 7.520833445402483330e-02
-1.798499891410755558e-02 7.489583444936821766e-02
-1.797999891423386620e-02 7.520833445402483330e-02
-1.797499891436017683e-02 7.541666779046257707e-02
-1.796999891448648745e-02 7.552083445868144895e-02
-1.796499891461279808e-02 7.572916779511919272e-02
-1.795999891473910870e-02 7.625000113621353826e-02
-1.795499891486541932e-02 7.656250114087015390e-02
-1.794999891499172995e-02 7.635416780443241014e-02
-1.794499891511804057e-02 7.687500114552676955e-02
-1.793999891524435120e-02 7.718750115018337132e-02
-1.793499891537066182e-02 7.708333448196451332e-02
-1.792999891549697244e-02 7.750000115484000085e-02
-1.792499891562328307e-02 7.781250115949660262e-02
-1.791999891574959369e-02 7.791666782771547450e-02
-1.791499891587590432e-02 7.781250115949660262e-02
-1.790999891600221494e-02 7.802083449593434639e-02
-1.790499891612852557e-02 7.864583450524757768e-02
-1.789999891625483619e-02 7.833333450059096204e-02
-1.789499891638114681e-02 7.895833450990417945e-02
-1.788999891650745744e-02 7.875000117346643569e-02
-1.788499891663376806e-02 7.916666784634192322e-02
-1.787999891676007869e-02 7.906250117812306522e-02
-1.787499891688638931e-02 7.947916785099853887e-02
-1.786999891701269993e-02 8.000000119209289828e-02
-1.786499891713901056e-02 8.000000119209289828e-02
-1.785999891726532118e-02 8.062500120140612958e-02
-1.785499891739163181e-02 8.041666786496838581e-02
-1.784999891751794243e-02 8.000000119209289828e-02
-1.784499891764425306e-02 8.000000119209289828e-02
-1.783999891777056368e-02 8.052083453318724382e-02
-1.783499891789687430e-02 8.072916786962498759e-02
-1.782999891802318493e-02 8.052083453318724382e-02
-1.782499891814949555e-02 8.052083453318724382e-02
-1.781999891827580618e-02 8.125000121071934700e-02
-1.781499891840211680e-02 8.093750120606273135e-02
-1.780999891852842743e-02 8.104166787428160323e-02
-1.780499891865473805e-02 8.114583454250047512e-02
-1.779999891878104867e-02 8.145833454715709077e-02
-1.779499891890735930e-02 8.125000121071934700e-02
-1.778999891903366992e-02 8.125000121071934700e-02
-1.778499891915998055e-02 8.156250121537596265e-02
-1.777999891928629117e-02 8.156250121537596265e-02
-1.777499891941260179e-02 8.177083455181370641e-02
-1.776999891953891242e-02 8.187500122003256442e-02
-1.776499891966522304e-02 8.208333455647030819e-02
-1.775999891979153367e-02 8.229166789290805195e-02
-1.775499891991784429e-02 8.229166789290805195e-02
-1.774999892004415492e-02 8.218750122468919395e-02
-1.774499892017046554e-02 8.250000122934579572e-02
-1.773999892029677616e-02 8.239583456112692383e-02
-1.773499892042308679e-02 8.229166789290805195e-02
-1.772999892054939741e-02 8.270833456578353948e-02
-1.772499892067570804e-02 8.281250123400241137e-02
-1.771999892080201866e-02 8.250000122934579572e-02
-1.771499892092832928e-02 8.281250123400241137e-02
-1.770999892105463991e-02 8.291666790222128325e-02
-1.770499892118095053e-02 8.302083457044015513e-02
-1.769999892130726116e-02 8.333333457509677078e-02
-1.769499892143357178e-02 8.302083457044015513e-02
-1.768999892155988241e-02 8.343750124331562878e-02
-1.768499892168619303e-02 8.375000124797225831e-02
-1.767999892181250365e-02 8.343750124331562878e-02
-1.767499892193881428e-02 8.364583457975337255e-02
-1.766999892206512490e-02 8.375000124797225831e-02
-1.766499892219143553e-02 8.395833458440998820e-02
-1.765999892231774615e-02 8.395833458440998820e-02
-1.765499892244405677e-02 8.427083458906660385e-02
-1.764999892257036740e-02 8.447916792550434761e-02
-1.764499892269667802e-02 8.427083458906660385e-02
-1.763999892282298865e-02 8.375000124797225831e-02
-1.763499892294929927e-02 8.458333459372321950e-02
-1.762999892307560990e-02 8.427083458906660385e-02
-1.762499892320192052e-02 8.468750126194209138e-02
-1.761999892332823114e-02 8.447916792550434761e-02
-1.761499892345454177e-02 8.489583459837983515e-02
-1.760999892358085239e-02 8.520833460303643692e-02
-1.760499892370716302e-02 8.531250127125532268e-02
-1.759999892383347364e-02 8.531250127125532268e-02
-1.759499892395978426e-02 8.541666793947418068e-02
-1.758999892408609489e-02 8.541666793947418068e-02
-1.758499892421240551e-02 8.531250127125532268e-02
-1.757999892433871614e-02 8.541666793947418068e-02
-1.757499892446502676e-02 8.604166794878741198e-02
-1.756999892459133739e-02 8.583333461234966821e-02
-1.756499892471764801e-02 8.562500127591192445e-02
-1.755999892484395863e-02 8.562500127591192445e-02
-1.755499892497026926e-02 8.583333461234966821e-02
-1.754999892509657988e-02 8.625000128522515574e-02
-1.754499892522289051e-02 8.625000128522515574e-02
-1.753999892534920113e-02 8.593750128056854010e-02
-1.753499892547551176e-02 8.604166794878741198e-02
-1.752999892560182238e-02 8.593750128056854010e-02
-1.752499892572813300e-02 8.656250128988175752e-02
-1.751999892585444363e-02 8.645833462166289951e-02
-1.751499892598075425e-02 8.697916796275724505e-02
-1.750999892610706488e-02 8.666666795810064328e-02
-1.750499892623337550e-02 8.687500129453838704e-02
-1.749999892635968612e-02 8.666666795810064328e-02
-1.749499892648599675e-02 8.687500129453838704e-02
-1.748999892661230737e-02 8.687500129453838704e-02
-1.748499892673861800e-02 8.697916796275724505e-02
-1.747999892686492862e-02 8.697916796275724505e-02
-1.747499892699123925e-02 8.729166796741386070e-02
-1.746999892711754987e-02 8.708333463097611693e-02
-1.746499892724386049e-02 8.739583463563273258e-02
-1.745999892737017112e-02 8.750000130385160446e-02
-1.745499892749648174e-02 8.760416797207047634e-02
-1.744999892762279237e-02 8.760416797207047634e-02
-1.744499892774910299e-02 8.781250130850822011e-02
-1.743999892787541361e-02 8.770833464028934823e-02
-1.743499892800172424e-02 8.822916798138370764e-02
-1.742999892812803486e-02 8.812500131316482188e-02
-1.742499892825434549e-02 8.843750131782145141e-02
-1.741999892838065611e-02 8.854166798604030941e-02
-1.741499892850696674e-02 8.864583465425918130e-02
-1.740999892863327736e-02 8.885416799069692506e-02
-1.740499892875958798e-02 8.927083466357241259e-02
-1.739999892888589861e-02 8.937500133179128448e-02
-1.739499892901220923e-02 8.968750133644788625e-02
-1.738999892913851986e-02 8.979166800466677201e-02
-1.738499892926483048e-02 9.020833467754224566e-02
-1.737999892939114110e-02 9.031250134576111754e-02
-1.737499892951745173e-02 9.020833467754224566e-02
-1.736999892964376235e-02 9.083333468685547696e-02
-1.736499892977007298e-02 9.104166802329322072e-02
-1.735999892989638360e-02 9.104166802329322072e-02
-1.735499893002269423e-02 9.166666803260643814e-02
-1.734999893014900485e-02 9.187500136904418191e-02
-1.734499893027531547e-02 9.208333470548192567e-02
-1.733999893040162610e-02 9.208333470548192567e-02
-1.733499893052793672e-02 9.250000137835741321e-02
-1.732999893065424735e-02 9.260416804657628509e-02
-1.732499893078055797e-02 9.302083471945175874e-02
-1.731999893090686859e-02 9.364583472876499004e-02
-1.731499893103317922e-02 9.333333472410837439e-02
-1.730999893115948984e-02 9.364583472876499004e-02
-1.730499893128580047e-02 9.406250140164047757e-02
-1.729999893141211109e-02 9.427083473807822134e-02
-1.729499893153842172e-02 9.479166807917256687e-02
-1.728999893166473234e-02 9.479166807917256687e-02
-1.728499893179104296e-02 9.500000141561031064e-02
-1.727999893191735359e-02 9.520833475204805441e-02
-1.727499893204366421e-02 9.562500142492354194e-02
-1.726999893216997484e-02 9.541666808848579817e-02
-1.726499893229628546e-02 9.604166809779902947e-02
-1.725999893242259609e-02 9.645833477067450312e-02
-1.725499893254890671e-02 9.635416810245563124e-02
-1.724999893267521733e-02 9.677083477533111877e-02
-1.724499893280152796e-02 9.729166811642547819e-02
-1.723999893292783858e-02 9.770833478930095184e-02
-1.723499893305414921e-02 9.770833478930095184e-02
-1.722999893318045983e-02 9.812500146217643937e-02
-1.722499893330677045e-02 9.833333479861418314e-02
-1.721999893343308108e-02 9.947916814902175997e-02
-1.721499893355939170e-02 9.916666814436515820e-02
-1.720999893368570233e-02 9.937500148080290197e-02
-1.720499893381201295e-02 9.947916814902175997e-02
-1.719999893393832358e-02 1.002083348265538770e-01
-1.719499893406463420e-02 1.001041681583349913e-01
-1.718999893419094482e-02 1.007291681676482226e-01
-1.718499893431725545e-02 1.009375015040859525e-01
-1.717999893444356607e-02 1.013541681769614261e-01
-1.717499893456987670e-02 1.017708348498369414e-01
-1.716999893469618732e-02 1.018750015180557994e-01
-1.716499893482249794e-02 1.023958348591501449e-01
-1.715999893494880857e-02 1.025000015273690168e-01
-1.715499893507511919e-02 1.035416682095577356e-01
-1.714999893520142982e-02 1.038541682142143513e-01
-1.714499893532774044e-02 1.041666682188709669e-01
-1.713999893545405107e-02 1.043750015553086968e-01
-1.713499893558036169e-02 1.047916682281841844e-01
-1.712999893570667231e-02 1.061458349150295050e-01
-1.712499893583298294e-02 1.055208349057162737e-01
-1.711999893595929356e-02 1.065625015879049925e-01
-1.711499893608560419e-02 1.063541682514672487e-01
-1.710999893621191481e-02 1.062500015832483768e-01
-1.710499893633822543e-02 1.063541682514672487e-01
-1.709999893646453606e-02 1.071875015972182099e-01
-1.709499893659084668e-02 1.082291682794069287e-01
-1.708999893671715731e-02 1.084375016158446725e-01
-1.708499893684346793e-02 1.083333349476257867e-01
-1.707999893696977856e-02 1.092708349615956337e-01
-1.707499893709608918e-02 1.093750016298145056e-01
-1.706999893722239980e-02 1.098958349709088511e-01
-1.706499893734871043e-02 1.102083349755654668e-01
-1.705999893747502105e-02 1.107291683166598123e-01
-1.705499893760133168e-02 1.107291683166598123e-01
-1.704999893772764230e-02 1.110416683213164418e-01
-1.704499893785395293e-02 1.114583349941919155e-01
-1.703999893798026355e-02 1.118750016670674030e-01
-1.703499893810657417e-02 1.121875016717240187e-01
-1.702999893823288480e-02 1.125000016763806343e-01
-1.702499893835919542e-02 1.129166683492561218e-01
-1.701999893848550605e-02 1.131250016856938656e-01
-1.701499893861181667e-02 1.136458350267882111e-01
-1.700999893873812729e-02 1.136458350267882111e-01
-1.700499893886443792e-02 1.137500016950070830e-01
-1.699999893899074854e-02 1.132291683539127375e-01
-1.699499893911705917e-02 1.150000017136335317e-01
-1.698999893924336979e-02 1.144791683725391862e-01
-1.698499893936968042e-02 1.152083350500712755e-01
-1.697999893949599104e-02 1.154166683865090054e-01
-1.697499893962230166e-02 1.154166683865090054e-01
-1.696999893974861229e-02 1.154166683865090054e-01
-1.696499893987492291e-02 1.156250017229467630e-01
-1.695999894000123354e-02 1.158333350593845207e-01
-1.695499894012754416e-02 1.154166683865090054e-01
-1.694999894025385478e-02 1.159375017276033787e-01
-1.694499894038016541e-02 1.159375017276033787e-01
-1.693999894050647603e-02 1.162500017322599943e-01
-1.693499894063278666e-02 1.166666684051354819e-01
-1.692999894075909728e-02 1.168750017415732118e-01
-1.692499894088540791e-02 1.167708350733543399e-01
-1.691999894101171853e-02 1.161458350640411086e-01
-1.691499894113802915e-02 1.163541684004788662e-01
-1.690999894126433978e-02 1.166666684051354819e-01
-1.690499894139065040e-02 1.168750017415732118e-01
-1.689999894151696103e-02 1.170833350780109555e-01
-1.689499894164327165e-02 1.163541684004788662e-01
-1.688999894176958227e-02 1.169791684097920698e-01
-1.688499894189589290e-02 1.170833350780109555e-01
-1.687999894202220352e-02 1.171875017462298274e-01
-1.687499894214851415e-02 1.169791684097920698e-01
-1.686999894227482477e-02 1.164583350686977242e-01
-1.686499894240113540e-02 1.165625017369165961e-01
-1.685999894252744602e-02 1.166666684051354819e-01
-1.685499894265375664e-02 1.159375017276033787e-01
-1.684999894278006727e-02 1.161458350640411086e-01
-1.684499894290637789e-02 1.161458350640411086e-01
-1.683999894303268852e-02 1.159375017276033787e-01
-1.683499894315899914e-02 1.156250017229467630e-01
-1.682999894328530976e-02 1.158333350593845207e-01
-1.682499894341162039e-02 1.154166683865090054e-01
-1.681999894353793101e-02 1.148958350454146599e-01
-1.681499894366424164e-02 1.151041683818524175e-01
-1.680999894379055226e-02 1.147916683771958019e-01
-1.680499894391686289e-02 1.146875017089769300e-01
-1.679999894404317351e-02 1.142708350361014563e-01
-1.679499894416948413e-02 1.135416683585693531e-01
-1.678999894429579476e-02 1.129166683492561218e-01
-1.678499894442210538e-02 1.126041683445995062e-01
-1.677999894454841601e-02 1.119791683352862888e-01
-1.677499894467472663e-02 1.117708349988485311e-01
-1.676999894480103726e-02 1.117708349988485311e-01
-1.676499894492734788e-02 1.109375016530975699e-01
-1.675999894505365850e-02 1.105208349802220824e-01
-1.675499894517996913e-02 1.102083349755654668e-01
-1.674999894530627975e-02 1.093750016298145056e-01
-1.674499894543259038e-02 1.089583349569390180e-01
-1.673999894555890100e-02 1.082291682794069287e-01
-1.673499894568521162e-02 1.075000016018748256e-01
-1.672999894581152225e-02 1.066666682561238644e-01
-1.672499894593783287e-02 1.063541682514672487e-01
-1.671999894606414350e-02 1.052083349010596580e-01
-1.671499894619045412e-02 1.051041682328408000e-01
-1.670999894631676475e-02 1.036458348777765937e-01
-1.670499894644307537e-02 1.030208348684633762e-01
-1.669999894656938599e-02 1.021875015227124150e-01
-1.669499894669569662e-02 1.010416681723048382e-01
-1.668999894682200724e-02 1.004166681629916069e-01
-1.668499894694831787e-02 1.001041681583349913e-01
-1.667999894707462849e-02 9.843750146683305502e-02
-1.667499894720093911e-02 9.750000145286320807e-02
-1.666999894732724974e-02 9.635416810245563124e-02
-1.666499894745356036e-02 9.583333476136128570e-02
-1.665999894757987099e-02 9.427083473807822134e-02
-1.665499894770618161e-02 9.385416806520273381e-02
-1.664999894783249224e-02 9.229166804191966944e-02
-1.664499894795880286e-02 9.114583469151209261e-02
-1.663999894808511348e-02 8.968750133644788625e-02
-1.663499894821142411e-02 8.864583465425918130e-02
-1.662999894833773473e-02 8.760416797207047634e-02
-1.662499894846404536e-02 8.666666795810064328e-02
-1.661999894859035598e-02 8.541666793947418068e-02
-1.661499894871666660e-02 8.427083458906660385e-02
-1.660999894884297723e-02 8.322916790687789890e-02
-1.660499894896928785e-02 8.135416787893821888e-02
-1.659999894909559848e-02 8.031250119674950005e-02
-1.659499894922190910e-02 7.906250117812306522e-02
-1.658999894934821973e-02 7.750000115484000085e-02
-1.658499894947453035e-02 7.593750113155693648e-02
-1.657999894960084097e-02 7.437500110827387212e-02
-1.657499894972715160e-02 7.322916775786628141e-02
-1.656999894985346222e-02 7.166666773458321704e-02
-1.656499894997977285e-02 7.010416771130015268e-02
-1.655999895010608347e-02 6.864583435623596019e-02
-1.655499895023239409e-02 6.708333433295289583e-02
-1.654999895035870472e-02 6.604166765076419088e-02
-1.654499895048501534e-02 6.406250095460563898e-02
-1.653999895061132597e-02 6.270833426776031838e-02
-1.653499895073763659e-02 6.135416758091499084e-02
-1.652999895086394722e-02 5.979166755763192648e-02
-1.652499895099025784e-02 5.739583418859790093e-02
-1.651999895111656846e-02 5.614583416997143833e-02
-1.651499895124287909e-02 5.375000080093741278e-02
-1.650999895136918971e-02 5.281250078696757277e-02
-1.650499895149550034e-02 5.104166742724676464e-02
-1.649999895162181096e-02 4.937500073574483533e-02
-1.649499895174812159e-02 4.770833404424289909e-02
-1.648999895187443221e-02 4.583333401630321907e-02
-1.648499895200074283e-02 4.406250065658241094e-02
-1.647999895212705346e-02 4.187500062398612916e-02
-1.647499895225336408e-02 4.041666726892192973e-02
-1.646999895237967471e-02 3.822916723632564101e-02
-1.646499895250598533e-02 3.687500054948032041e-02
-1.645999895263229595e-02 3.479166718510289663e-02
-1.645499895275860658e-02 3.312500049360096038e-02
-1.644999895288491720e-02 3.125000046566128731e-02
-1.644499895301122783e-02 2.958333377415935106e-02
-1.643999895313753845e-02 2.802083375087628669e-02
-1.643499895326384908e-02 2.583333371828000144e-02
-1.642999895339015970e-02 2.427083369499693360e-02
-1.642499895351647032e-02 2.197916699418177300e-02
-1.641999895364278095e-02 2.031250030267983675e-02
-1.641499895376909157e-02 1.885416694761564427e-02
-1.640999895389540220e-02 1.666666691501935207e-02
-1.640499895402171282e-02 1.489583355529854741e-02
-1.639999895414802344e-02 1.302083352735887087e-02
-1.639499895427433407e-02 1.072916682654370853e-02
-1.638999895440064469e-02 9.479166807917256340e-03
-1.638499895452695532e-02 7.812500116415321827e-03
-1.637999895465326594e-02 5.312500079162418322e-03
-1.637499895477957657e-02 3.333333383003870762e-03
-1.636999895490588719e-02 1.354166686845322551e-03
-1.636499895503219781e-02 -3.125000046566128839e-04
-1.635999895515850844e-02 -2.291666700815161040e-03
-1.635499895528481906e-02 -4.479166733411451065e-03
-1.634999895541112969e-02 -6.250000093132257462e-03
-1.634499895553744031e-02 -8.541666793947418068e-03
-1.633999895566375093e-02 -1.072916682654370853e-02
-1.633499895579006156e-02 -1.229166684982677289e-02
-1.632999895591637218e-02 -1.447916688242306509e-02
-1.632499895604268281e-02 -1.687500025145709584e-02
-1.631999895616899343e-02 -1.833333360652128832e-02
-1.631499895629530406e-02 -2.062500030733644893e-02
-1.630999895642161468e-02 -2.250000033527612894e-02
-1.630499895654792530e-02 -2.468750036787241767e-02
-1.629999895667423593e-02 -2.666666706403096609e-02
-1.629499895680054655e-02 -2.906250043306499858e-02
-1.628999895692685718e-02 -3.093750046100467513e-02
-1.628499895705316780e-02 -3.333333383003870415e-02
-1.627999895717947842e-02 -3.531250052619725605e-02
-1.627499895730578905e-02 -3.739583389057467289e-02
-1.626999895743209967e-02 -3.947916725495208973e-02
-1.626499895755841030e-02 -4.177083395576725727e-02
-1.625999895768472092e-02 -4.385416732014467411e-02
-1.625499895781103155e-02 -4.614583402095983472e-02
-1.624999895793734217e-02 -4.843750072177499533e-02
-1.624499895806365279e-02 -5.093750075902789970e-02
-1.623999895818996342e-02 -5.312500079162418842e-02
-1.623499895831627404e-02 -5.583333416531483656e-02
-1.622999895844258467e-02 -5.750000085681676587e-02
-1.622499895856889529e-02 -5.979166755763192648e-02
-1.621999895869520592e-02 -6.218750092666595897e-02
-1.621499895882151654e-02 -6.468750096391885640e-02
-1.620999895894782716e-02 -6.708333433295289583e-02
-1.620499895907413779e-02 -6.875000102445483208e-02
-1.619999895920044841e-02 -7.145833439814547328e-02
-1.619499895932675904e-02 -7.354166776252289706e-02
-1.618999895945306966e-02 -7.645833447265128202e-02
-1.618499895957938028e-02 -7.864583450524757768e-02
-1.617999895970569091e-02 -8.145833454715709077e-02
-1.617499895983200153e-02 -8.333333457509677078e-02
-1.616999895995831216e-02 -8.635416795344402763e-02
-1.616499896008462278e-02 -8.833333464960256565e-02
-1.615999896021093341e-02 -9.104166802329322072e-02
-1.615499896033724403e-02 -9.395833473342160569e-02
-1.614999896046355465e-02 -9.604166809779902947e-02
-1.614499896058986528e-02 -9.875000147148967067e-02
-1.613999896071617590e-02 -1.013541681769614261e-01
-1.613499896084248653e-02 -1.038541682142143513e-01
-1.612999896096879715e-02 -1.061458349150295050e-01
-1.612499896109510777e-02 -1.089583349569390180e-01
-1.611999896122141840e-02 -1.115625016624108012e-01
-1.611499896134772902e-02 -1.137500016950070830e-01
-1.610999896147403965e-02 -1.164583350686977242e-01
-1.610499896160035027e-02 -1.188541684377317637e-01
-1.609999896172666090e-02 -1.214583351432035330e-01
-1.609499896185297152e-02 -1.238541685122375724e-01
-1.608999896197928214e-02 -1.270833352270225591e-01
-1.608499896210559277e-02 -1.300000019371509719e-01
-1.607999896223190339e-02 -1.321875019697472398e-01
-1.607499896235821402e-02 -1.340625019976869059e-01
-1.606999896248452464e-02 -1.371875020442530346e-01
-1.606499896261083526e-02 -1.396875020815059598e-01
-1.605999896273714589e-02 -1.421875021187588573e-01
-1.605499896286345651e-02 -1.451041688288872422e-01
-1.604999896298976714e-02 -1.473958355297023959e-01
-1.604499896311607776e-02 -1.497916688987364353e-01
-1.603999896324238839e-02 -1.528125022770836783e-01
-1.603499896336869901e-02 -1.551041689778988597e-01
-1.602999896349500963e-02 -1.578125023515895009e-01
-1.602499896362132026e-02 -1.605208357252801421e-01
-1.601999896374763088e-02 -1.633333357671896691e-01
-1.601499896387394151e-02 -1.656250024680048227e-01
-1.600999896400025213e-02 -1.682291691734766059e-01
-1.600499896412656275e-02 -1.707291692107295034e-01
-1.599999896425287338e-02 -1.733333359162012866e-01
-1.599499896437918400e-02 -1.757291692852352982e-01
-1.598999896450549463e-02 -1.784375026589259672e-01
-1.598499896463180525e-02 -1.807291693597411208e-01
-1.597999896475811588e-02 -1.835416694016506201e-01
-1.597499896488442650e-02 -1.861458361071224032e-01
-1.596999896501073712e-02 -1.886458361443753007e-01
-1.596499896513704775e-02 -1.913541695180659419e-01
-1.595999896526335837e-02 -1.935416695506622375e-01
-1.595499896538966900e-02 -1.965625029290094805e-01
-1.594999896551597962e-02 -1.986458362933869182e-01
-1.594499896564229025e-02 -2.011458363306397878e-01
-1.593999896576860087e-02 -2.036458363678927408e-01
-1.593499896589491149e-02 -2.062500030733644962e-01
-1.592999896602122212e-02 -2.082291697695230759e-01
-1.592499896614753274e-02 -2.109375031432136893e-01
-1.591999896627384337e-02 -2.130208365075911270e-01
-1.591499896640015399e-02 -2.130208365075911270e-01
-1.590999896652646461e-02 -2.130208365075911270e-01
-1.590499896665277524e-02 -2.130208365075911270e-01
-1.589999896677908586e-02 -2.130208365075911270e-01
-1.589499896690539649e-02 -2.130208365075911270e-01
-1.588999896703170711e-02 -2.130208365075911270e-01
-1.588499896715801774e-02 -2.130208365075911270e-01
-1.587999896728432836e-02 -2.130208365075911270e-01
-1.587499896741063898e-02 -2.130208365075911270e-01
-1.586999896753694961e-02 -2.130208365075911270e-01
-1.586499896766326023e-02 -2.130208365075911270e-01
-1.585999896778957086e-02 -2.130208365075911270e-01
-1.585499896791588148e-02 -2.130208365075911270e-01
-1.584999896804219210e-02 -2.130208365075911270e-01
-1.584499896816850273e-02 -2.130208365075911270e-01
-1.583999896829481335e-02 -2.130208365075911270e-01
-1.583499896842112398e-02 -2.130208365075911270e-01
-1.582999896854743460e-02 -2.130208365075911270e-01
-1.582499896867374523e-02 -2.130208365075911270e-01
-1.581999896880005585e-02 -2.130208365075911270e-01
-1.581499896892636647e-02 -2.130208365075911270e-01
-1.580999896905267710e-02 -2.130208365075911270e-01
-1.580499896917898772e-02 -2.130208365075911270e-01
-1.579999896930529835e-02 -2.130208365075911270e-01
-1.579499896943160897e-02 -2.130208365075911270e-01
-1.578999896955791959e-02 -2.130208365075911270e-01
-1.578499896968423022e-02 -2.130208365075911270e-01
-1.577999896981054084e-02 -2.130208365075911270e-01
-1.577499896993685147e-02 -2.130208365075911270e-01
-1.576999897006316209e-02 -2.130208365075911270e-01
-1.576499897018947272e-02 -2.130208365075911270e-01
-1.575999897031578334e-02 -2.130208365075911270e-01
-1.575499897044209396e-02 -2.130208365075911270e-01
-1.574999897056840459e-02 -2.130208365075911270e-01
-1.574499897069471521e-02 -2.130208365075911270e-01
-1.573999897082102584e-02 -2.130208365075911270e-01
-1.573499897094733646e-02 -2.130208365075911270e-01
-1.572999897107364708e-02 -2.130208365075911270e-01
-1.572499897119995771e-02 -2.130208365075911270e-01
-1.571999897132626833e-02 -2.130208365075911270e-01
-1.571499897145257896e-02 -2.130208365075911270e-01
-1.570999897157888958e-02 -2.130208365075911270e-01
-1.570499897170520021e-02 -2.130208365075911270e-01
-1.569999897183151083e-02 -2.130208365075911270e-01
-1.569499897195782145e-02 -2.130208365075911270e-01
-1.568999897208413208e-02 -2.130208365075911270e-01
-1.568499897221044270e-02 -2.130208365075911270e-01
-1.567999897233675333e-02 -2.130208365075911270e-01
-1.567499897246306395e-02 -2.130208365075911270e-01
-1.566999897258937458e-02 -2.130208365075911270e-01
-1.566499897271568520e-02 -2.130208365075911270e-01
-1.565999897284199582e-02 -2.130208365075911270e-01
-1.565499897296830645e-02 -2.130208365075911270e-01
-1.564999897309461707e-02 -2.130208365075911270e-01
-1.564499897322092770e-02 -2.130208365075911270e-01
-1.563999897334723832e-02 -2.130208365075911270e-01
-1.563499897347354894e-02 -2.130208365075911270e-01
-1.562999897359985957e-02 -2.130208365075911270e-01
-1.562499897372617019e-02 -2.130208365075911270e-01
-1.561999897385248082e-02 -2.130208365075911270e-01
-1.561499897397879144e-02 -2.130208365075911270e-01
-1.560999897410510207e-02 -2.130208365075911270e-01
-1.560499897423141269e-02 -2.130208365075911270e-01
-1.559999897435772331e-02 -2.130208365075911270e-01
-1.559499897448403394e-02 -2.130208365075911270e-01
-1.558999897461034456e-02 -2.130208365075911270e-01
-1.558499897473665519e-02 -2.130208365075911270e-01
-1.557999897486296581e-02 -2.130208365075911270e-01
-1.557499897498927643e-02 -2.130208365075911270e-01
-1.556999897511558706e-02 -2.130208365075911270e-01
-1.556499897524189768e-02 -2.130208365075911270e-01
-1.555999897536820831e-02 -2.130208365075911270e-01
-1.555499897549451893e-02 -2.130208365075911270e-01
-1.554999897562082956e-02 -2.130208365075911270e-01
-1.554499897574714018e-02 -2.130208365075911270e-01
-1.553999897587345080e-02 -2.130208365075911270e-01
-1.553499897599976143e-02 -2.130208365075911270e-01
-1.552999897612607205e-02 -2.130208365075911270e-01
-1.552499897625238268e-02 -2.130208365075911270e-01
-1.551999897637869330e-02 -2.130208365075911270e-01
-1.551499897650500392e-02 -2.130208365075911270e-01
-1.550999897663131455e-02 -2.130208365075911270e-01
-1.550499897675762517e-02 -2.130208365075911270e-01
-1.549999897688393580e-02 -2.130208365075911270e-01
-1.549499897701024642e-02 -2.130208365075911270e-01
-1.548999897713655705e-02 -2.130208365075911270e-01
-1.548499897726286767e-02 -2.130208365075911270e-01
-1.547999897738917829e-02 -2.130208365075911270e-01
-1.547499897751548892e-02 -2.130208365075911270e-01
-1.546999897764179954e-02 -2.114583364843080626e-01
-1.546499897776811017e-02 -2.091666697834928812e-01
-1.545999897789442079e-02 -2.078125030966475606e-01
-1.545499897802073141e-02 -2.059375030687078945e-01
-1.544999897814704204e-02 -2.039583363725493426e-01
-1.544499897827335266e-02 -2.016666696717341611e-01
-1.543999897839966329e-02 -2.002083363166699825e-01
-1.543499897852597391e-02 -1.980208362840736869e-01
-1.542999897865228454e-02 -1.964583362607906225e-01
-1.542499897877859516e-02 -1.942708362281943268e-01
-1.541999897890490578e-02 -1.928125028731301482e-01
-1.541499897903121641e-02 -1.903125028358772231e-01
-1.540999897915752703e-02 -1.883333361397186989e-01
-1.540499897928383766e-02 -1.866666694482167488e-01
-1.539999897941014828e-02 -1.846875027520582246e-01
-1.539499897953645891e-02 -1.834375027334317620e-01
-1.538999897966276953e-02 -1.804166693550844913e-01
-1.538499897978908015e-02 -1.784375026589259672e-01
-1.537999897991539078e-02 -1.769791693038617608e-01
-1.537499898004170140e-02 -1.753125026123598384e-01
-1.536999898016801203e-02 -1.729166692433257990e-01
-1.536499898029432265e-02 -1.709375025471672471e-01
-1.535999898042063327e-02 -1.690625025192275810e-01
-1.535499898054694390e-02 -1.671875024912878871e-01
-1.534999898067325452e-02 -1.654166691315670790e-01
-1.534499898079956515e-02 -1.636458357718462708e-01
-1.533999898092587577e-02 -1.616666690756877189e-01
-1.533499898105218640e-02 -1.594791690430914233e-01
-1.532999898117849702e-02 -1.573958356787140134e-01
-1.532499898130480764e-02 -1.555208356507743472e-01
-1.531999898143111827e-02 -1.536458356228346533e-01
-1.531499898155742889e-02 -1.516666689266761014e-01
-1.530999898168373952e-02 -1.501041689033930371e-01
-1.530499898181005014e-02 -1.480208355390156272e-01
-1.529999898193636076e-02 -1.461458355110759610e-01
-1.529499898206267139e-02 -1.443750021513551529e-01
-1.528999898218898201e-02 -1.419791687823211135e-01
-1.528499898231529264e-02 -1.402083354226003054e-01
-1.527999898244160326e-02 -1.382291687264417535e-01
-1.527499898256791389e-02 -1.361458353620643436e-01
-1.526999898269422451e-02 -1.341666686659057917e-01
-1.526499898282053513e-02 -1.322916686379661255e-01
-1.525999898294684576e-02 -1.307291686146830612e-01
-1.525499898307315638e-02 -1.289583352549622530e-01
-1.524999898319946701e-02 -1.264583352177093556e-01
-1.524499898332577763e-02 -1.248958351944262773e-01
-1.523999898345208825e-02 -1.229166684982677393e-01
-1.523499898357839888e-02 -1.209375018021091874e-01
-1.522999898370470950e-02 -1.191666684423883793e-01
-1.522499898383102013e-02 -1.173958350826675850e-01
-1.521999898395733075e-02 -1.155208350547278912e-01
-1.521499898408364138e-02 -1.142708350361014563e-01
-1.520999898420995200e-02 -1.121875016717240187e-01
-1.520499898433626262e-02 -1.107291683166598123e-01
-1.519999898446257325e-02 -1.086458349522824024e-01
-1.519499898458888387e-02 -1.067708349243427224e-01
-1.518999898471519450e-02 -1.050000015646219281e-01
-1.518499898484150512e-02 -1.033333348731200058e-01
-1.517999898496781574e-02 -1.012500015087425681e-01
-1.517499898509412637e-02 -1.001041681583349913e-01
-1.516999898522043699e-02 -9.760416812108209383e-02
-1.516499898534674762e-02 -9.625000143423677323e-02
-1.515999898547305824e-02 -9.447916807451596510e-02
-1.515499898559936887e-02 -9.270833471479515697e-02
-1.514999898572567949e-02 -9.114583469151209261e-02
-1.514499898585199011e-02 -8.947916800001015636e-02
-1.513999898597830074e-02 -8.739583463563273258e-02
-1.513499898610461136e-02 -8.572916794413079633e-02
-1.512999898623092199e-02 -8.447916792550434761e-02
-1.512499898635723261e-02 -8.302083457044015513e-02
-1.511999898648354324e-02 -8.156250121537596265e-02
-1.511499898660985386e-02 -7.979166785565515452e-02
-1.510999898673616448e-02 -7.843750116880983392e-02
-1.510499898686247511e-02 -7.625000113621353826e-02
-1.509999898698878573e-02 -7.458333444471160201e-02
-1.509499898711509636e-02 -7.322916775786628141e-02
-1.508999898724140698e-02 -7.125000106170774339e-02
-1.508499898736771760e-02 -7.010416771130015268e-02
-1.507999898749402823e-02 -6.875000102445483208e-02
-1.507499898762033885e-02 -6.770833434226612713e-02
-1.506999898774664948e-02 -6.572916764610757523e-02
-1.506499898787296010e-02 -6.437500095926225463e-02
-1.505999898799927073e-02 -6.312500094063579203e-02
-1.505499898812558135e-02 -6.156250091735273461e-02
-1.504999898825189197e-02 -5.989583422585080530e-02
-1.504499898837820260e-02 -5.843750087078660588e-02
-1.503999898850451322e-02 -5.750000085681676587e-02
-1.503499898863082385e-02 -5.593750083353370151e-02
-1.502999898875713447e-02 -5.427083414203177220e-02
-1.502499898888344509e-02 -5.312500079162418842e-02
-1.501999898900975572e-02 -5.187500077299773971e-02
-1.501499898913606634e-02 -5.041666741793354029e-02
-1.500999898926237697e-02 -4.947916740396370722e-02
-1.500499898938868759e-02 -4.760416737602402720e-02
-1.499999898951499822e-02 -4.656250069383532225e-02
-1.499499898964130884e-02 -4.520833400698999471e-02
-1.498999898976761946e-02 -4.395833398836354600e-02
-1.498499898989393009e-02 -4.281250063795596222e-02
-1.497999899002024071e-02 -4.135416728289176974e-02
-1.497499899014655134e-02 -4.010416726426532102e-02
-1.496999899027286196e-02 -3.885416724563886537e-02
-1.496499899039917258e-02 -3.750000055879354477e-02
-1.495999899052548321e-02 -3.729166722235580100e-02
-1.495499899065179383e-02 -3.552083386263499981e-02
-1.494999899077810446e-02 -3.427083384400854416e-02
-1.494499899090441508e-02 -3.333333383003870415e-02
-1.493999899103072571e-02 -3.177083380675563978e-02
-1.493499899115703633e-02 -3.104166712922354701e-02
-1.492999899128334695e-02 -2.947916710594048265e-02
-1.492499899140965758e-02 -2.822916708731403046e-02
-1.491999899153596820e-02 -2.750000040978193422e-02
-1.491499899166227883e-02 -2.625000039115548203e-02
-1.490999899178858945e-02 -2.520833370896677014e-02
-1.490499899191490007e-02 -2.333333368102709360e-02
-1.489999899204121070e-02 -2.260416700349499736e-02
-1.489499899216752132e-02 -2.156250032130628894e-02
-1.488999899229383195e-02 -2.041666697089870863e-02
-1.488499899242014257e-02 -1.968750029336660892e-02
-1.487999899254645320e-02 -1.843750027474016021e-02
-1.487499899267276382e-02 -1.770833359720806396e-02
-1.486999899279907444e-02 -1.697916691967596772e-02
-1.486499899292538507e-02 -1.572916690104951554e-02
-1.485999899305169569e-02 -1.468750021886080538e-02
-1.485499899317800632e-02 -1.447916688242306509e-02
-1.484999899330431694e-02 -1.302083352735887087e-02
-1.484499899343062757e-02 -1.187500017695128883e-02
-1.483999899355693819e-02 -1.072916682654370853e-02
-1.483499899368324881e-02 -9.895833480792740403e-03
-1.482999899380955944e-02 -8.645833462166289951e-03
-1.482499899393587006e-02 -8.229166789290805889e-03
-1.481999899406218069e-02 -7.291666775320967617e-03
-1.481499899418849131e-02 -6.250000093132257462e-03
-1.480999899431480193e-02 -5.625000083819032236e-03
-1.480499899444111256e-02 -4.479166733411451065e-03
-1.479999899456742318e-02 -4.062500060535967870e-03
-1.479499899469373381e-02 -3.125000046566128731e-03
-1.478999899482004443e-02 -2.708333373690645102e-03
-1.478499899494635506e-02 -1.562500023283064365e-03
-1.477999899507266568e-02 -1.145833350407580520e-03
-1.477499899519897630e-02 0.000000000000000000e+00
-1.476999899532528693e-02 3.125000046566128839e-04
-1.476499899545159755e-02 1.458333355064193350e-03
-1.475999899557790818e-02 1.979166696158547994e-03
-1.475499899570421880e-02 2.708333373690645102e-03
-1.474999899583052942e-02 2.812500041909516118e-03
-1.474499899595684005e-02 4.270833396973709034e-03
-1.473999899608315067e-02 4.270833396973709034e-03
-1.473499899620946130e-02 5.416666747381290205e-03
-1.472999899633577192e-02 5.833333420256773399e-03
-1.472499899646208255e-02 6.562500097788870508e-03
-1.471999899658839317e-02 6.666666766007741524e-03
-1.471499899671470379e-02 7.812500116415321827e-03
-1.470999899684101442e-02 8.437500125728547920e-03
-1.470499899696732504e-02 9.166666803260644161e-03
-1.469999899709363567e-02 9.479166807917256340e-03
-1.469499899721994629e-02 9.895833480792740403e-03
-1.468999899734625691e-02 1.041666682188709635e-02
-1.468499899747256754e-02 1.114583349941919259e-02
-1.467999899759887816e-02 1.197916684517016071e-02
-1.467499899772518879e-02 1.218750018160790101e-02
-1.466999899785149941e-02 1.312500019557774102e-02
-1.466499899797781004e-02 1.354166686845322334e-02
-1.465999899810412066e-02 1.437500021420419147e-02
-1.465499899823043128e-02 1.447916688242306509e-02
-1.464999899835674191e-02 1.510416689173628771e-02
-1.464499899848305253e-02 1.479166688707967553e-02
-1.463999899860936316e-02 1.583333356926838395e-02
-1.463499899873567378e-02 1.656250024680048019e-02
-1.462999899886198441e-02 1.708333358789483614e-02
-1.462499899898829503e-02 1.739583359255144832e-02
-1.461999899911460565e-02 1.791666693364580426e-02
-1.461499899924091628e-02 1.885416694761564427e-02
-1.460999899936722690e-02 1.906250028405338456e-02
-1.460499899949353753e-02 1.906250028405338456e-02
-1.459999899961984815e-02 1.947916695692886863e-02
-1.459499899974615877e-02 1.979166696158548081e-02
-1.458999899987246940e-02 2.000000029802322457e-02
-1.458499899999878002e-02 2.041666697089870863e-02
-1.457999900012509065e-02 2.104166698021193299e-02
-1.457499900025140127e-02 2.093750031199306458e-02
-1.456999900037771190e-02 2.177083365774402923e-02
-1.456499900050402252e-02 2.177083365774402923e-02
-1.455999900063033314e-02 2.229166699883838518e-02
-1.455499900075664377e-02 2.260416700349499736e-02
-1.454999900088295439e-02 2.302083367637048142e-02
-1.454499900100926502e-02 2.343750034924596548e-02
-1.453999900113557564e-02 2.375000035390257766e-02
-1.453499900126188626e-02 2.416666702677806172e-02
-1.452999900138819689e-02 2.458333369965354578e-02
-1.452499900151450751e-02 2.500000037252902985e-02
-1.451999900164081814e-02 2.458333369965354578e-02
-1.451499900176712876e-02 2.541666704540451391e-02
-1.450999900189343939e-02 2.583333371828000144e-02
-1.450499900201975001e-02 2.572916705006112262e-02
-1.449999900214606063e-02 2.614583372293661015e-02
-1.449499900227237126e-02 2.645833372759322233e-02
-1.448999900239868188e-02 2.635416705937435392e-02
-1.448499900252499251e-02 2.666666706403096609e-02
-1.447999900265130313e-02 2.697916706868757827e-02
-1.447499900277761375e-02 2.677083373224983451e-02
-1.446999900290392438e-02 2.718750040512531857e-02
-1.446499900303023500e-02 2.750000040978193422e-02
-1.445999900315654563e-02 2.760416707800080610e-02
-1.445499900328285625e-02 2.802083375087628669e-02
-1.444999900340916688e-02 2.833333375553289887e-02
-1.444499900353547750e-02 2.875000042840838294e-02
-1.443999900366178812e-02 2.875000042840838294e-02
-1.443499900378809875e-02 2.895833376484613017e-02
-1.442999900391440937e-02 2.937500043772161076e-02
-1.442499900404072000e-02 2.937500043772161076e-02
-1.441999900416703062e-02 2.979166711059709483e-02
-1.441499900429334124e-02 2.947916710594048265e-02
-1.440999900441965187e-02 2.958333377415935106e-02
-1.440499900454596249e-02 3.083333379278580325e-02
-1.439999900467227312e-02 2.989583377881596324e-02
-1.439499900479858374e-02 3.062500045634806295e-02
-1.438999900492489437e-02 3.083333379278580325e-02
-1.438499900505120499e-02 3.114583379744241542e-02
-1.437999900517751561e-02 3.135416713388015919e-02
-1.437499900530382624e-02 3.166666713853676790e-02
-1.436999900543013686e-02 3.187500047497451167e-02
-1.436499900555644749e-02 3.156250047031789602e-02
-1.435999900568275811e-02 3.177083380675563978e-02
-1.435499900580906874e-02 3.229166714784999920e-02
-1.434999900593537936e-02 3.250000048428774296e-02
-1.434499900606168998e-02 3.281250048894435167e-02
-1.433999900618800061e-02 3.302083382538209544e-02
-1.433499900631431123e-02 3.333333383003870415e-02
-1.432999900644062186e-02 3.364583383469531980e-02
-1.432499900656693248e-02 3.364583383469531980e-02
-1.431999900669324310e-02 3.364583383469531980e-02
-1.431499900681955373e-02 3.395833383935193545e-02
-1.430999900694586435e-02 3.416666717578967227e-02
-1.430499900707217498e-02 3.437500051222741604e-02
-1.429999900719848560e-02 3.458333384866515980e-02
-1.429499900732479623e-02 3.510416718975951228e-02
-1.428999900745110685e-02 3.458333384866515980e-02
-1.428499900757741747e-02 3.489583385332176851e-02
-1.427999900770372810e-02 3.552083386263499981e-02
-1.427499900783003872e-02 3.541666719441612793e-02
-1.426999900795634935e-02 3.572916719907273664e-02
-1.426499900808265997e-02 3.572916719907273664e-02
-1.425999900820897059e-02 3.614583387194822417e-02
-1.425499900833528122e-02 3.645833387660483288e-02
-1.424999900846159184e-02 3.625000054016708911e-02
-1.424499900858790247e-02 3.645833387660483288e-02
-1.423999900871421309e-02 3.635416720838596100e-02
-1.423499900884052372e-02 3.666666721304257665e-02
-1.422999900896683434e-02 3.739583389057467289e-02
-1.422499900909314496e-02 3.718750055413693606e-02
-1.421999900921945559e-02 3.750000055879354477e-02
-1.421499900934576621e-02 3.833333390454451289e-02
-1.420999900947207684e-02 3.677083388126144853e-02
-1.420499900959838746e-02 3.791666723166902536e-02
-1.419999900972469808e-02 3.822916723632564101e-02
-1.419499900985100871e-02 3.875000057742000042e-02
-1.418999900997731933e-02 3.864583390920112854e-02
-1.418499901010362996e-02 3.885416724563886537e-02
-1.417999901022994058e-02 3.916666725029548102e-02
-1.417499901035625121e-02 3.968750059138983349e-02
-1.416999901048256183e-02 4.000000059604644914e-02
-1.416499901060887245e-02 3.989583392782757726e-02
-1.415999901073518308e-02 4.010416726426532102e-02
-1.415499901086149370e-02 4.020833393248419291e-02
-1.414999901098780433e-02 4.072916727357854538e-02
-1.414499901111411495e-02 4.072916727357854538e-02
-1.413999901124042557e-02 4.104166727823515409e-02
-1.413499901136673620e-02 4.166666728754838539e-02
-1.412999901149304682e-02 4.156250061932951351e-02
-1.412499901161935745e-02 4.229166729686160975e-02
-1.411999901174566807e-02 4.229166729686160975e-02
-1.411499901187197870e-02 4.260416730151821846e-02
-1.410999901199828932e-02 4.343750064726919352e-02
-1.410499901212459994e-02 4.385416732014467411e-02
-1.409999901225091057e-02 4.375000065192580223e-02
-1.409499901237722119e-02 4.385416732014467411e-02
-1.408999901250353182e-02 4.416666732480128282e-02
-1.408499901262984244e-02 4.458333399767677035e-02
-1.407999901275615307e-02 4.479166733411451412e-02
-1.407499901288246369e-02 4.531250067520886660e-02
-1.406999901300877431e-02 4.531250067520886660e-02
-1.406499901313508494e-02 4.583333401630321907e-02
-1.405999901326139556e-02 4.583333401630321907e-02
-1.405499901338770619e-02 4.583333401630321907e-02
-1.404999901351401681e-02 4.635416735739757849e-02
-1.404499901364032743e-02 4.677083403027305908e-02
-1.403999901376663806e-02 4.687500069849193096e-02
-1.403499901389294868e-02 4.770833404424289909e-02
-1.402999901401925931e-02 4.770833404424289909e-02
-1.402499901414556993e-02 4.812500071711838662e-02
-1.401999901427188056e-02 4.802083404889951473e-02
-1.401499901439819118e-02 4.822916738533725156e-02
-1.400999901452450180e-02 4.885416739465047592e-02
-1.400499901465081243e-02 4.885416739465047592e-02
-1.399999901477712305e-02 4.947916740396370722e-02
-1.399499901490343368e-02 4.968750074040145098e-02
-1.398999901502974430e-02 5.020833408149580346e-02
-1.398499901515605492e-02 5.000000074505805969e-02
-1.397999901528236555e-02 5.052083408615241911e-02
-1.397499901540867617e-02 5.072916742259015593e-02
-1.396999901553498680e-02 5.083333409080902782e-02
-1.396499901566129742e-02 5.114583409546564347e-02
-1.395999901578760805e-02 5.135416743190338029e-02
-1.395499901591391867e-02 5.197916744121660465e-02
-1.394999901604022929e-02 5.208333410943548347e-02
-1.394499901616653992e-02 5.302083412340530960e-02
-1.393999901629285054e-02 5.270833411874870783e-02
-1.393499901641916117e-02 5.322916745984306724e-02
-1.392999901654547179e-02 5.322916745984306724e-02
-1.392499901667178241e-02 5.364583413271854784e-02
-1.391999901679809304e-02 5.364583413271854784e-02
-1.391499901692440366e-02 5.395833413737515655e-02
-1.390999901705071429e-02 5.437500081025063714e-02
-1.390499901717702491e-02 5.447916747846950902e-02
-1.389999901730333554e-02 5.500000081956386844e-02
-1.389499901742964616e-02 5.406250080559402843e-02
-1.388999901755595678e-02 5.541666749243934903e-02
-1.388499901768226741e-02 5.614583416997143833e-02
-1.387999901780857803e-02 5.666666751106579775e-02
-1.387499901793488866e-02 5.656250084284693280e-02
-1.386999901806119928e-02 5.718750085216015716e-02
-1.386499901818750990e-02 5.718750085216015716e-02
-1.385999901831382053e-02 5.729166752037902210e-02
-1.385499901844013115e-02 5.812500086612999717e-02
-1.384999901856644178e-02 5.802083419791112529e-02
-1.384499901869275240e-02 5.822916753434886211e-02
-1.383999901881906303e-02 5.843750087078660588e-02
-1.383499901894537365e-02 5.906250088009983024e-02
-1.382999901907168427e-02 5.947916755297532471e-02
-1.382499901919799490e-02 5.979166755763192648e-02
-1.381999901932430552e-02 6.052083423516402966e-02
-1.381499901945061615e-02 6.020833423050741401e-02
-1.380999901957692677e-02 6.062500090338289460e-02
-1.380499901970323740e-02 6.135416758091499084e-02
-1.379999901982954802e-02 6.135416758091499084e-02
-1.379499901995585864e-02 6.166666758557160649e-02
-1.378999902008216927e-02 6.208333425844709402e-02
-1.378499902020847989e-02 6.208333425844709402e-02
-1.377999902033479052e-02 6.239583426310369579e-02
-1.377499902046110114e-02 6.312500094063579203e-02
-1.376999902058741176e-02 6.333333427707353580e-02
-1.376499902071372239e-02 6.364583428173015145e-02
-1.375999902084003301e-02 6.375000094994902333e-02
-1.375499902096634364e-02 6.437500095926225463e-02
-1.374999902109265426e-02 6.447916762748112651e-02
-1.374499902121896489e-02 6.427083429104338275e-02
-1.373999902134527551e-02 6.510416763679434393e-02
-1.373499902147158613e-02 6.541666764145095958e-02
-1.372999902159789676e-02 6.500000096857548593e-02
-1.372499902172420738e-02 6.583333431432644711e-02
-1.371999902185051801e-02 6.583333431432644711e-02
-1.371499902197682863e-02 6.593750098254531899e-02
-1.370999902210313925e-02 6.635416765542080653e-02
-1.370499902222944988e-02 6.656250099185855029e-02
-1.369999902235576050e-02 6.708333433295289583e-02
-1.369499902248207113e-02 6.687500099651515206e-02
-1.368999902260838175e-02 6.729166766939063959e-02
-1.368499902273469238e-02 6.729166766939063959e-02
-1.367999902286100300e-02 6.760416767404725524e-02
-1.367499902298731362e-02 6.791666767870387089e-02
-1.366999902311362425e-02 6.833333435157934455e-02
-1.366499902323993487e-02 6.833333435157934455e-02
-1.365999902336624550e-02 6.864583435623596019e-02
-1.365499902349255612e-02 6.854166768801708831e-02
-1.364999902361886674e-02 6.895833436089257584e-02
-1.364499902374517737e-02 6.958333437020579326e-02
-1.363999902387148799e-02 6.958333437020579326e-02
-1.363499902399779862e-02 6.989583437486240891e-02
-1.362999902412410924e-02 7.010416771130015268e-02
-1.362499902425041987e-02 7.062500105239451209e-02
-1.361999902437673049e-02 7.062500105239451209e-02
-1.361499902450304111e-02 7.083333438883225586e-02
-1.360999902462935174e-02 7.104166772526999962e-02
-1.360499902475566236e-02 7.093750105705111386e-02
-1.359999902488197299e-02 7.197916773923983269e-02
-1.359499902500828361e-02 7.135416772992660139e-02
-1.358999902513459423e-02 7.197916773923983269e-02
-1.358499902526090486e-02 7.218750107567757646e-02
-1.357999902538721548e-02 7.260416774855306399e-02
-1.357499902551352611e-02 7.270833441677192199e-02
-1.356999902563983673e-02 7.302083442142853764e-02
-1.356499902576614736e-02 7.281250108499080775e-02
-1.355999902589245798e-02 7.354166776252289706e-02
-1.355499902601876860e-02 7.322916775786628141e-02
-1.354999902614507923e-02 7.395833443539838459e-02
-1.354499902627138985e-02 7.385416776717951270e-02
-1.353999902639770048e-02 7.416666777183612835e-02
-1.353499902652401110e-02 7.437500110827387212e-02
-1.352999902665032173e-02 7.437500110827387212e-02
-1.352499902677663235e-02 7.458333444471160201e-02
-1.351999902690294297e-02 7.510416778580596142e-02
-1.351499902702925360e-02 7.520833445402483330e-02
-1.350999902715556422e-02 7.593750113155693648e-02
-1.350499902728187485e-02 7.614583446799466637e-02
-1.349999902740818547e-02 7.614583446799466637e-02
-1.349499902753449609e-02 7.593750113155693648e-02
-1.348999902766080672e-02 7.593750113155693648e-02
-1.348499902778711734e-02 7.614583446799466637e-02
-1.347999902791342797e-02 7.677083447730789767e-02
-1.347499902803973859e-02 7.687500114552676955e-02
-1.346999902816604922e-02 7.687500114552676955e-02
-1.346499902829235984e-02 7.718750115018337132e-02
-1.345999902841867046e-02 7.750000115484000085e-02
-1.345499902854498109e-02 7.729166781840225708e-02
-1.344999902867129171e-02 7.697916781374564144e-02
-1.344499902879760234e-02 7.750000115484000085e-02
-1.343999902892391296e-02 7.750000115484000085e-02
-1.343499902905022358e-02 7.770833449127773074e-02
-1.342999902917653421e-02 7.802083449593434639e-02
-1.342499902930284483e-02 7.760416782305885885e-02
-1.341999902942915546e-02 7.791666782771547450e-02
-1.341499902955546608e-02 7.791666782771547450e-02
-1.340999902968177671e-02 7.791666782771547450e-02
-1.340499902980808733e-02 7.843750116880983392e-02
-1.339999902993439795e-02 7.822916783237209015e-02
-1.339499903006070858e-02 7.833333450059096204e-02
-1.338999903018701920e-02 7.875000117346643569e-02
-1.338499903031332983e-02 7.875000117346643569e-02
-1.337999903043964045e-02 7.864583450524757768e-02
-1.337499903056595107e-02 7.885416784168532145e-02
-1.336999903069226170e-02 7.927083451456079510e-02
-1.336499903081857232e-02 7.895833450990417945e-02
-1.335999903094488295e-02 7.937500118277966699e-02
-1.335499903107119357e-02 7.947916785099853887e-02
-1.334999903119750420e-02 7.937500118277966699e-02
-1.334499903132381482e-02 7.937500118277966699e-02
-1.333999903145012544e-02 7.947916785099853887e-02
-1.333499903157643607e-02 7.958333451921741075e-02
-1.332999903170274669e-02 7.979166785565515452e-02
-1.332499903182905732e-02 8.000000119209289828e-02
-1.331999903195536794e-02 8.062500120140612958e-02
-1.331499903208167856e-02 8.041666786496838581e-02
-1.330999903220798919e-02 8.041666786496838581e-02
-1.330499903233429981e-02 8.052083453318724382e-02
-1.329999903246061044e-02 8.072916786962498759e-02
-1.329499903258692106e-02 8.062500120140612958e-02
-1.328999903271323169e-02 8.104166787428160323e-02
-1.328499903283954231e-02 8.114583454250047512e-02
-1.327999903296585293e-02 8.125000121071934700e-02
-1.327499903309216356e-02 8.125000121071934700e-02
-1.326999903321847418e-02 8.156250121537596265e-02
-1.326499903334478481e-02 8.156250121537596265e-02
-1.325999903347109543e-02 8.177083455181370641e-02
-1.325499903359740606e-02 8.208333455647030819e-02
-1.324999903372371668e-02 8.239583456112692383e-02
-1.324499903385002730e-02 8.208333455647030819e-02
-1.323999903397633793e-02 8.197916788825145018e-02
-1.323499903410264855e-02 8.239583456112692383e-02
-1.322999903422895918e-02 8.218750122468919395e-02
-1.322499903435526980e-02 8.281250123400241137e-02
-1.321999903448158042e-02 8.302083457044015513e-02
-1.321499903460789105e-02 8.302083457044015513e-02
-1.320999903473420167e-02 8.302083457044015513e-02
-1.320499903486051230e-02 8.322916790687789890e-02
-1.319999903498682292e-02 8.333333457509677078e-02
-1.319499903511313355e-02 8.385416791619111632e-02
-1.318999903523944417e-02 8.312500123865902701e-02
-1.318499903536575479e-02 8.354166791153451455e-02
-1.317999903549206542e-02 8.343750124331562878e-02
-1.317499903561837604e-02 8.406250125262886008e-02
-1.316999903574468667e-02 8.427083458906660385e-02
-1.316499903587099729e-02 8.427083458906660385e-02
-1.315999903599730791e-02 8.458333459372321950e-02
-1.315499903612361854e-02 8.468750126194209138e-02
-1.314999903624992916e-02 8.468750126194209138e-02
-1.314499903637623979e-02 8.520833460303643692e-02
-1.313999903650255041e-02 8.468750126194209138e-02
-1.313499903662886104e-02 8.531250127125532268e-02
-1.312999903675517166e-02 8.510416793481757891e-02
-1.312499903688148228e-02 8.562500127591192445e-02
-1.311999903700779291e-02 8.583333461234966821e-02
-1.311499903713410353e-02 8.593750128056854010e-02
-1.310999903726041416e-02 8.604166794878741198e-02
-1.310499903738672478e-02 8.614583461700628386e-02
-1.309999903751303540e-02 8.687500129453838704e-02
-1.309499903763934603e-02 8.645833462166289951e-02
-1.308999903776565665e-02 8.677083462631950128e-02
-1.308499903789196728e-02 8.697916796275724505e-02
-1.307999903801827790e-02 8.760416797207047634e-02
-1.307499903814458853e-02 8.802083464494596388e-02
-1.306999903827089915e-02 8.822916798138370764e-02
-1.306499903839720977e-02 8.864583465425918130e-02
-1.305999903852352040e-02 8.864583465425918130e-02
-1.305499903864983102e-02 8.927083466357241259e-02
-1.304999903877614165e-02 8.927083466357241259e-02
-1.304499903890245227e-02 8.968750133644788625e-02
-1.303999903902876289e-02 9.010416800932337378e-02
-1.303499903915507352e-02 9.093750135507434884e-02
-1.302999903928138414e-02 9.041666801397998943e-02
-1.302499903940769477e-02 9.093750135507434884e-02
-1.301999903953400539e-02 9.104166802329322072e-02
-1.301499903966031602e-02 9.135416802794983637e-02
-1.300999903978662664e-02 9.239583471013854132e-02
-1.300499903991293726e-02 9.281250138301401498e-02
-1.299999904003924789e-02 9.291666805123290074e-02
-1.299499904016555851e-02 9.375000139698386192e-02
-1.298999904029186914e-02 9.395833473342160569e-02
-1.298499904041817976e-02 9.447916807451596510e-02
-1.297999904054449039e-02 9.500000141561031064e-02
-1.297499904067080101e-02 9.510416808382918252e-02
-1.296999904079711163e-02 9.593750142958014371e-02
-1.296499904092342226e-02 9.625000143423677323e-02
-1.295999904104973288e-02 9.635416810245563124e-02
-1.295499904117604351e-02 9.739583478464435007e-02
-1.294999904130235413e-02 9.781250145751983760e-02
-1.294499904142866475e-02 9.833333479861418314e-02
-1.293999904155497538e-02 9.854166813505192690e-02
-1.293499904168128600e-02 9.875000147148967067e-02
-1.292999904180759663e-02 9.895833480792741443e-02
-1.292499904193390725e-02 1.000000014901161194e-01
-1.291999904206021788e-02 9.989583482189724750e-02
-1.291499904218652850e-02 1.011458348405236962e-01
-1.290999904231283912e-02 1.014583348451803119e-01
-1.290499904243914975e-02 1.020833348544935293e-01
-1.289999904256546037e-02 1.026041681955879026e-01
-1.289499904269177100e-02 1.025000015273690168e-01
-1.288999904281808162e-02 1.033333348731200058e-01
-1.288499904294439224e-02 1.040625015506520812e-01
-1.287999904307070287e-02 1.046875015599653125e-01
-1.287499904319701349e-02 1.051041682328408000e-01
-1.286999904332332412e-02 1.050000015646219281e-01
-1.286499904344963474e-02 1.062500015832483768e-01
-1.285999904357594537e-02 1.066666682561238644e-01
-1.285499904370225599e-02 1.073958349336559537e-01
-1.284999904382856661e-02 1.078125016065314412e-01
-1.284499904395487724e-02 1.083333349476257867e-01
-1.283999904408118786e-02 1.092708349615956337e-01
-1.283499904420749849e-02 1.095833349662522632e-01
-1.282999904433380911e-02 1.097916683026899931e-01
-1.282499904446011973e-02 1.105208349802220824e-01
-1.281999904458643036e-02 1.114583349941919155e-01
-1.281499904471274098e-02 1.120833350035051468e-01
-1.280999904483905161e-02 1.127083350128183920e-01
-1.280499904496536223e-02 1.134375016903504674e-01
-1.279999904509167286e-02 1.141666683678825706e-01
-1.279499904521798348e-02 1.145833350407580442e-01
-1.278999904534429410e-02 1.151041683818524175e-01
-1.278499904547060473e-02 1.161458350640411086e-01
-1.277999904559691535e-02 1.162500017322599943e-01
-1.277499904572322598e-02 1.170833350780109555e-01
-1.276999904584953660e-02 1.175000017508864431e-01
-1.276499904597584722e-02 1.183333350966374042e-01
-1.275999904610215785e-02 1.186458351012940199e-01
-1.275499904622846847e-02 1.193750017788261231e-01
-1.274999904635477910e-02 1.202083351245770843e-01
-1.274499904648108972e-02 1.211458351385469173e-01
-1.273999904660740035e-02 1.219791684842978924e-01
-1.273499904673371097e-02 1.222916684889545080e-01
-1.272999904686002159e-02 1.230208351664865973e-01
-1.272499904698633222e-02 1.238541685122375724e-01
-1.271999904711264284e-02 1.247916685262073916e-01
-1.271499904723895347e-02 1.248958351944262773e-01
-1.270999904736526409e-02 1.259375018766149823e-01
-1.270499904749157472e-02 1.267708352223659574e-01
-1.269999904761788534e-02 1.275000018998980467e-01
-1.269499904774419596e-02 1.279166685727735342e-01
-1.268999904787050659e-02 1.288541685867433673e-01
-1.268499904799681721e-02 1.293750019278377128e-01
-1.267999904812312784e-02 1.302083352735886879e-01
-1.267499904824943846e-02 1.306250019464641754e-01
-1.266999904837574908e-02 1.316666686286528942e-01
-1.266499904850205971e-02 1.326041686426227273e-01
-1.265999904862837033e-02 1.326041686426227273e-01
-1.265499904875468096e-02 1.334375019883737024e-01
-1.264999904888099158e-02 1.342708353341246774e-01
-1.264499904900730221e-02 1.342708353341246774e-01
-1.263999904913361283e-02 1.351041686798756247e-01
-1.263499904925992345e-02 1.352083353480945105e-01
-1.262999904938623408e-02 1.359375020256265998e-01
-1.262499904951254470e-02 1.369791687078153186e-01
-1.261999904963885533e-02 1.373958353806908061e-01
-1.261499904976516595e-02 1.379166687217851517e-01
-1.260999904989147657e-02 1.383333353946606392e-01
-1.260499905001778720e-02 1.389583354039738705e-01
-1.259999905014409782e-02 1.392708354086304723e-01
-1.259499905027040845e-02 1.398958354179437036e-01
-1.258999905039671907e-02 1.401041687543814473e-01
-1.258499905052302970e-02 1.409375021001324224e-01
-1.257999905064934032e-02 1.417708354458833697e-01
-1.257499905077565094e-02 1.420833354505399992e-01
-1.256999905090196157e-02 1.427083354598532028e-01
-1.256499905102827219e-02 1.429166687962909466e-01
-1.255999905115458282e-02 1.439583354784796654e-01
-1.255499905128089344e-02 1.441666688149174091e-01
-1.254999905140720406e-02 1.446875021560117547e-01
-1.254499905153351469e-02 1.453125021653249860e-01
-1.253999905165982531e-02 1.455208355017627297e-01
-1.253499905178613594e-02 1.458333355064193315e-01
-1.252999905191244656e-02 1.463541688475137048e-01
-1.252499905203875719e-02 1.468750021886080503e-01
-1.251999905216506781e-02 1.467708355203891923e-01
-1.251499905229137843e-02 1.475000021979212816e-01
-1.250999905241768906e-02 1.478125022025778834e-01
-1.250499905254399968e-02 1.482291688754533709e-01
-1.249999905267031031e-02 1.487500022165477442e-01
-1.249499905279662093e-02 1.493750022258609478e-01
-1.248999905292293156e-02 1.491666688894232040e-01
-1.248499905304924218e-02 1.493750022258609478e-01
-1.247999905317555280e-02 1.500000022351741791e-01
-1.247499905330186343e-02 1.503125022398308086e-01
-1.246999905342817405e-02 1.509375022491440121e-01
-1.246499905355448468e-02 1.511458355855817559e-01
-1.245999905368079530e-02 1.510416689173628979e-01
-1.245499905380710592e-02 1.513541689220194997e-01
-1.244999905393341655e-02 1.515625022584572434e-01
-1.244499905405972717e-02 1.520833355995515890e-01
-1.243999905418603780e-02 1.522916689359893327e-01
-1.243499905431234842e-02 1.528125022770836783e-01
-1.242999905443865905e-02 1.523958356042082185e-01
-1.242499905456496967e-02 1.530208356135214498e-01
-1.241999905469128029e-02 1.528125022770836783e-01
-1.241499905481759092e-02 1.530208356135214498e-01
-1.240999905494390154e-02 1.530208356135214498e-01
-1.240499905507021217e-02 1.530208356135214498e-01
-1.239999905519652279e-02 1.531250022817403078e-01
-1.239499905532283341e-02 1.533333356181780516e-01
-1.238999905544914404e-02 1.533333356181780516e-01
-1.238499905557545466e-02 1.529166689453025640e-01
-1.237999905570176529e-02 1.527083356088648203e-01
-1.237499905582807591e-02 1.527083356088648203e-01
-1.236999905595438654e-02 1.528125022770836783e-01
-1.236499905608069716e-02 1.525000022724270765e-01
-1.235999905620700778e-02 1.521875022677704747e-01
-1.235499905633331841e-02 1.517708355948949872e-01
-1.234999905645962903e-02 1.519791689313327310e-01
-1.234499905658593966e-02 1.515625022584572434e-01
-1.233999905671225028e-02 1.511458355855817559e-01
-1.233499905683856090e-02 1.506250022444874104e-01
-1.232999905696487153e-02 1.506250022444874104e-01
-1.232499905709118215e-02 1.504166689080496666e-01
-1.231999905721749278e-02 1.496875022305175496e-01
-1.231499905734380340e-02 1.492708355576420898e-01
-1.230999905747011403e-02 1.488541688847666022e-01
-1.230499905759642465e-02 1.485416688801099727e-01
-1.229999905772273527e-02 1.480208355390156272e-01
-1.229499905784904590e-02 1.476041688661401396e-01
-1.228999905797535652e-02 1.470833355250457941e-01
-1.228499905810166715e-02 1.461458355110759610e-01
-1.227999905822797777e-02 1.457291688382004735e-01
-1.227499905835428839e-02 1.451041688288872422e-01
-1.226999905848059902e-02 1.444791688195740109e-01
-1.226499905860690964e-02 1.436458354738230636e-01
-1.225999905873322027e-02 1.432291688009475761e-01
-1.225499905885953089e-02 1.420833354505399992e-01
-1.224999905898584152e-02 1.415625021094456260e-01
-1.224499905911215214e-02 1.411458354365701384e-01
-1.223999905923846276e-02 1.401041687543814473e-01
-1.223499905936477339e-02 1.392708354086304723e-01
-1.222999905949108401e-02 1.385416687310983830e-01
-1.222499905961739464e-02 1.385416687310983830e-01
-1.221999905974370526e-02 1.369791687078153186e-01
-1.221499905987001589e-02 1.361458353620643436e-01
-1.220999905999632651e-02 1.348958353434378810e-01
-1.220499906012263713e-02 1.347916686752190230e-01
-1.219999906024894776e-02 1.332291686519359586e-01
-1.219499906037525838e-02 1.325000019744038415e-01
-1.218999906050156901e-02 1.309375019511207772e-01
-1.218499906062787963e-02 1.300000019371509719e-01
-1.217999906075419025e-02 1.293750019278377128e-01
-1.217499906088050088e-02 1.280208352409924200e-01
-1.216999906100681150e-02 1.272916685634603029e-01
-1.216499906113312213e-02 1.258333352083961243e-01
-1.215999906125943275e-02 1.243750018533319179e-01
-1.215499906138574338e-02 1.231250018347054692e-01
-1.214999906151205400e-02 1.221875018207356361e-01
-1.214499906163836462e-02 1.208333351338903017e-01
-1.213999906176467525e-02 1.195833351152638530e-01
-1.213499906189098587e-02 1.180208350919807886e-01
-1.212999906201729650e-02 1.164583350686977242e-01
-1.212499906214360712e-02 1.155208350547278912e-01
-1.211999906226991774e-02 1.138541683632259410e-01
-1.211499906239622837e-02 1.128125016810372500e-01
-1.210999906252253899e-02 1.112500016577541856e-01
-1.210499906264884962e-02 1.097916683026899931e-01
-1.209999906277516024e-02 1.078125016065314412e-01
-1.209499906290147087e-02 1.065625015879049925e-01
-1.208999906302778149e-02 1.053125015692785438e-01
-1.208499906315409211e-02 1.037500015459954794e-01
-1.207999906328040274e-02 1.016666681816180556e-01
-1.207499906340671336e-02 1.001041681583349913e-01
-1.206999906353302399e-02 9.864583480327079879e-02
-1.206499906365933461e-02 9.687500144354999065e-02
-1.205999906378564523e-02 9.510416808382918252e-02
-1.205499906391195586e-02 9.354166806054611816e-02
-1.204999906403826648e-02 9.177083470082531003e-02
-1.204499906416457711e-02 8.958333466822902824e-02
-1.203999906429088773e-02 8.802083464494596388e-02
-1.203499906441719836e-02 8.656250128988175752e-02
-1.202999906454350898e-02 8.468750126194209138e-02
-1.202499906466981960e-02 8.239583456112692383e-02
-1.201999906479613023e-02 8.041666786496838581e-02
-1.201499906492244085e-02 7.864583450524757768e-02
-1.200999906504875148e-02 7.656250114087015390e-02
-1.200499906517506210e-02 7.468750111293047389e-02
-1.199999906530137272e-02 7.322916775786628141e-02
-1.199499906542768335e-02 7.114583439348885763e-02
-1.198999906555399397e-02 6.875000102445483208e-02
-1.198499906568030460e-02 6.656250099185855029e-02
-1.197999906580661522e-02 6.510416763679434393e-02
-1.197499906593292585e-02 6.291666760419806215e-02
-1.196999906605923647e-02 6.093750090803951025e-02
-1.196499906618554709e-02 5.875000087544322153e-02
-1.195999906631185772e-02 5.645833417462806092e-02
-1.195499906643816834e-02 5.489583415134499655e-02
-1.194999906656447897e-02 5.291666745518644466e-02
-1.194499906669078959e-02 5.093750075902789970e-02
-1.193999906681710022e-02 4.885416739465047592e-02
-1.193499906694341084e-02 4.697916736671080284e-02
-1.192999906706972146e-02 4.468750066589564224e-02
-1.192499906719603209e-02 4.302083397439370599e-02
-1.191999906732234271e-02 4.062500060535967350e-02
-1.191499906744865334e-02 3.875000057742000042e-02
-1.190999906757496396e-02 3.645833387660483288e-02
-1.190499906770127458e-02 3.489583385332176851e-02
-1.189999906782758521e-02 3.250000048428774296e-02
-1.189499906795389583e-02 3.062500045634806295e-02
-1.188999906808020646e-02 2.875000042840838294e-02
-1.188499906820651708e-02 2.677083373224983451e-02
-1.187999906833282771e-02 2.458333369965354578e-02
-1.187499906845913833e-02 2.270833367171386924e-02
-1.186999906858544895e-02 1.989583362980435269e-02
-1.186499906871175958e-02 1.843750027474016021e-02
-1.185999906883807020e-02 1.645833357858161178e-02
-1.185499906896438083e-02 1.468750021886080538e-02
-1.184999906909069145e-02 1.229166684982677289e-02
-1.184499906921700207e-02 1.052083349010596650e-02
-1.183999906934331270e-02 8.333333457509676037e-03
-1.183499906946962332e-02 6.041666756694515431e-03
-1.182999906959593395e-02 3.958333392317095988e-03
-1.182499906972224457e-02 1.770833359720806180e-03
-1.181999906984855520e-02 -3.125000046566128839e-04
-1.181499906997486582e-02 -2.604166705471774087e-03
-1.180999907010117644e-02 -4.166666728754838019e-03
-1.180499907022748707e-02 -6.562500097788870508e-03
-1.179999907035379769e-02 -8.541666793947418068e-03
-1.179499907048010832e-02 -1.072916682654370853e-02
-1.178999907060641894e-02 -1.270833352270225695e-02
-1.178499907073272956e-02 -1.489583355529854741e-02
-1.177999907085904019e-02 -1.750000026077032020e-02
-1.177499907098535081e-02 -1.958333362514774051e-02
-1.176999907111166144e-02 -2.197916699418177300e-02
-1.176499907123797206e-02 -2.385416702212144954e-02
-1.175999907136428269e-02 -2.625000039115548203e-02
-1.175499907149059331e-02 -2.854166709197064264e-02
-1.174999907161690393e-02 -3.020833378347257542e-02
-1.174499907174321456e-02 -3.270833382072547979e-02
-1.173999907186952518e-02 -3.510416718975951228e-02
-1.173499907199583581e-02 -3.697916721769919229e-02
-1.172999907212214643e-02 -3.916666725029548102e-02
-1.172499907224845705e-02 -4.135416728289176974e-02
-1.171999907237476768e-02 -4.375000065192580223e-02
-1.171499907250107830e-02 -4.614583402095983472e-02
-1.170999907262738893e-02 -4.822916738533725156e-02
-1.170499907275369955e-02 -5.093750075902789970e-02
-1.169999907288001018e-02 -5.291666745518644466e-02
-1.169499907300632080e-02 -5.479166748312613161e-02
-1.168999907313263142e-02 -5.729166752037902210e-02
-1.168499907325894205e-02 -5.937500088475644588e-02
-1.167999907338525267e-02 -6.166666758557160649e-02
-1.167499907351156330e-02 -6.364583428173015145e-02
-1.166999907363787392e-02 -6.593750098254531899e-02
-1.166499907376418455e-02 -6.812500101514161466e-02
-1.165999907389049517e-02 -7.041666771595676833e-02
-1.165499907401680579e-02 -7.322916775786628141e-02
-1.164999907414311642e-02 -7.541666779046257707e-02
-1.164499907426942704e-02 -7.781250115949660262e-02
-1.163999907439573767e-02 -8.010416786031177017e-02
-1.163499907452204829e-02 -8.218750122468919395e-02
-1.162999907464835891e-02 -8.458333459372321950e-02
-1.162499907477466954e-02 -8.635416795344402763e-02
-1.161999907490098016e-02 -8.885416799069692506e-02
-1.161499907502729079e-02 -9.093750135507434884e-02
-1.160999907515360141e-02 -9.343750139232724627e-02
-1.160499907527991204e-02 -9.572916809314241382e-02
-1.159999907540622266e-02 -9.854166813505192690e-02
-1.159499907553253328e-02 -1.004166681629916069e-01
-1.158999907565884391e-02 -1.028125015320256325e-01
-1.158499907578515453e-02 -1.047916682281841844e-01
-1.157999907591146516e-02 -1.071875015972182099e-01
-1.157499907603777578e-02 -1.100000016391277369e-01
-1.156999907616408640e-02 -1.120833350035051468e-01
-1.156499907629039703e-02 -1.143750017043203143e-01
-1.155999907641670765e-02 -1.167708350733543399e-01
-1.155499907654301828e-02 -1.187500017695128918e-01
-1.154999907666932890e-02 -1.212500018067657892e-01
-1.154499907679563953e-02 -1.238541685122375724e-01
-1.153999907692195015e-02 -1.256250018719583805e-01
-1.153499907704826077e-02 -1.282291685774301360e-01
-1.152999907717457140e-02 -1.306250019464641754e-01
-1.152499907730088202e-02 -1.330208353154982148e-01
-1.151999907742719265e-02 -1.354166686845322543e-01
-1.151499907755350327e-02 -1.376041687171285222e-01
-1.150999907767981389e-02 -1.401041687543814473e-01
-1.150499907780612452e-02 -1.425000021234154868e-01
-1.149999907793243514e-02 -1.443750021513551529e-01
-1.149499907805874577e-02 -1.467708355203891923e-01
-1.148999907818505639e-02 -1.490625022212043460e-01
-1.148499907831136702e-02 -1.512500022538006139e-01
-1.147999907843767764e-02 -1.537500022910535391e-01
-1.147499907856398826e-02 -1.560416689918686928e-01
-1.146999907869029889e-02 -1.582291690244649884e-01
-1.146499907881660951e-02 -1.604166690570612841e-01
-1.145999907894292014e-02 -1.631250024307519253e-01
-1.145499907906923076e-02 -1.653125024633481932e-01
-1.144999907919554138e-02 -1.670833358230690291e-01
-1.144499907932185201e-02 -1.695833358603219265e-01
-1.143999907944816263e-02 -1.715625025564804507e-01
-1.143499907957447326e-02 -1.734375025844201446e-01
-1.142999907970078388e-02 -1.761458359581107858e-01
-1.142499907982709451e-02 -1.779166693178315939e-01
-1.141999907995340513e-02 -1.802083360186467476e-01
-1.141499908007971575e-02 -1.822916693830241852e-01
-1.140999908020602638e-02 -1.843750027474015951e-01
-1.140499908033233700e-02 -1.861458361071224032e-01
-1.139999908045864763e-02 -1.879166694668432114e-01
-1.139499908058495825e-02 -1.903125028358772231e-01
-1.138999908071126888e-02 -1.919791695273791732e-01
-1.138499908083757950e-02 -1.939583362235377251e-01
-1.137999908096389012e-02 -1.963541695925717645e-01
-1.137499908109020075e-02 -1.981250029522925449e-01
-1.136999908121651137e-02 -1.998958363120133808e-01
-1.136499908134282200e-02 -2.015625030035153031e-01
-1.135999908146913262e-02 -2.031250030267983675e-01
-1.135499908159544324e-02 -2.053125030593946632e-01
-1.134999908172175387e-02 -2.069791697508965855e-01
-1.134499908184806449e-02 -2.086458364423985357e-01
-1.133999908197437512e-02 -2.106250031385570876e-01
-1.133499908210068574e-02 -2.123958364982778957e-01
-1.132999908222699637e-02 -2.130208365075911270e-01
-1.132499908235330699e-02 -2.130208365075911270e-01
-1.131999908247961761e-02 -2.130208365075911270e-01
-1.131499908260592824e-02 -2.130208365075911270e-01
-1.130999908273223886e-02 -2.130208365075911270e-01
-1.130499908285854949e-02 -2.130208365075911270e-01
-1.129999908298486011e-02 -2.130208365075911270e-01
-1.129499908311117073e-02 -2.130208365075911270e-01
-1.128999908323748136e-02 -2.130208365075911270e-01
-1.128499908336379198e-02 -2.130208365075911270e-01
-1.127999908349010261e-02 -2.130208365075911270e-01
-1.127499908361641323e-02 -2.130208365075911270e-01
-1.126999908374272386e-02 -2.130208365075911270e-01
-1.126499908386903448e-02 -2.130208365075911270e-01
-1.125999908399534510e-02 -2.130208365075911270e-01
-1.125499908412165573e-02 -2.130208365075911270e-01
-1.124999908424796635e-02 -2.130208365075911270e-01
-1.124499908437427698e-02 -2.130208365075911270e-01
-1.123999908450058760e-02 -2.130208365075911270e-01
-1.123499908462689822e-02 -2.130208365075911270e-01
-1.122999908475320885e-02 -2.130208365075911270e-01
-1.122499908487951947e-02 -2.130208365075911270e-01
-1.121999908500583010e-02 -2.130208365075911270e-01
-1.121499908513214072e-02 -2.130208365075911270e-01
-1.120999908525845135e-02 -2.130208365075911270e-01
-1.120499908538476197e-02 -2.130208365075911270e-01
-1.119999908551107259e-02 -2.130208365075911270e-01
-1.119499908563738322e-02 -2.130208365075911270e-01
-1.118999908576369384e-02 -2.130208365075911270e-01
-1.118499908589000447e-02 -2.130208365075911270e-01
-1.117999908601631509e-02 -2.130208365075911270e-01
-1.117499908614262571e-02 -2.130208365075911270e-01
-1.116999908626893634e-02 -2.130208365075911270e-01
-1.116499908639524696e-02 -2.130208365075911270e-01
-1.115999908652155759e-02 -2.130208365075911270e-01
-1.115499908664786821e-02 -2.130208365075911270e-01
-1.114999908677417884e-02 -2.130208365075911270e-01
-1.114499908690048946e-02 -2.130208365075911270e-01
-1.113999908702680008e-02 -2.130208365075911270e-01
-1.113499908715311071e-02 -2.130208365075911270e-01
-1.112999908727942133e-02 -2.130208365075911270e-01
-1.112499908740573196e-02 -2.130208365075911270e-01
-1.111999908753204258e-02 -2.130208365075911270e-01
-1.111499908765835321e-02 -2.130208365075911270e-01
-1.110999908778466383e-02 -2.130208365075911270e-01
-1.110499908791097445e-02 -2.130208365075911270e-01
-1.109999908803728508e-02 -2.130208365075911270e-01
-1.109499908816359570e-02 -2.130208365075911270e-01
-1.108999908828990633e-02 -2.130208365075911270e-01
-1.108499908841621695e-02 -2.130208365075911270e-01
-1.107999908854252757e-02 -2.130208365075911270e-01
-1.107499908866883820e-02 -2.130208365075911270e-01
-1.106999908879514882e-02 -2.130208365075911270e-01
-1.106499908892145945e-02 -2.130208365075911270e-01
-1.105999908904777007e-02 -2.130208365075911270e-01
-1.105499908917408070e-02 -2.130208365075911270e-01
-1.104999908930039132e-02 -2.130208365075911270e-01
-1.104499908942670194e-02 -2.130208365075911270e-01
-1.103999908955301257e-02 -2.130208365075911270e-01
-1.103499908967932319e-02 -2.130208365075911270e-01
-1.102999908980563382e-02 -2.130208365075911270e-01
-1.102499908993194444e-02 -2.130208365075911270e-01
-1.101999909005825506e-02 -2.130208365075911270e-01
-1.101499909018456569e-02 -2.130208365075911270e-01
-1.100999909031087631e-02 -2.130208365075911270e-01
-1.100499909043718694e-02 -2.130208365075911270e-01
-1.099999909056349756e-02 -2.130208365075911270e-01
-1.099499909068980819e-02 -2.130208365075911270e-01
-1.098999909081611881e-02 -2.130208365075911270e-01
-1.098499909094242943e-02 -2.130208365075911270e-01
-1.097999909106874006e-02 -2.128125031711533555e-01
-1.097499909119505068e-02 -2.117708364889646644e-01
-1.096999909132136131e-02 -2.104166698021193160e-01
-1.096499909144767193e-02 -2.088541697788362517e-01
-1.095999909157398255e-02 -2.073958364237720453e-01
-1.095499909170029318e-02 -2.066666697462400115e-01
-1.094999909182660380e-02 -2.047916697183002899e-01
-1.094499909195291443e-02 -2.035416696996738828e-01
-1.093999909207922505e-02 -2.018750030081719049e-01
-1.093499909220553568e-02 -2.004166696531077541e-01
-1.092999909233184630e-02 -1.991666696344812637e-01
-1.092499909245815692e-02 -1.979166696158548289e-01
-1.091999909258446755e-02 -1.964583362607906225e-01
-1.091499909271077817e-02 -1.944791695646320706e-01
-1.090999909283708880e-02 -1.929166695413490062e-01
-1.090499909296339942e-02 -1.915625028545036856e-01
-1.089999909308971004e-02 -1.895833361583451337e-01
-1.089499909321602067e-02 -1.883333361397186989e-01
-1.088999909334233129e-02 -1.865625027799978908e-01
-1.088499909346864192e-02 -1.850000027567148264e-01
-1.087999909359495254e-02 -1.834375027334317620e-01
-1.087499909372126317e-02 -1.820833360465864414e-01
-1.086999909384757379e-02 -1.804166693550844913e-01
-1.086499909397388441e-02 -1.789583360000203127e-01
-1.085999909410019504e-02 -1.771875026402995046e-01
-1.085499909422650566e-02 -1.757291692852352982e-01
-1.084999909435281629e-02 -1.739583359255144901e-01
-1.084499909447912691e-02 -1.720833358975748240e-01
-1.083999909460543754e-02 -1.703125025378540158e-01
-1.083499909473174816e-02 -1.688541691827898095e-01
-1.082999909485805878e-02 -1.672916691595067451e-01
-1.082499909498436941e-02 -1.655208357997859647e-01
-1.081999909511068003e-02 -1.644791691175972459e-01
-1.081499909523699066e-02 -1.626041690896575520e-01
-1.080999909536330128e-02 -1.610416690663744876e-01
-1.080499909548961190e-02 -1.593750023748725653e-01
-1.079999909561592253e-02 -1.579166690198083589e-01
-1.079499909574223315e-02 -1.563541689965252945e-01
-1.078999909586854378e-02 -1.543750023003667426e-01
-1.078499909599485440e-02 -1.526041689406459623e-01
-1.077999909612116503e-02 -1.510416689173628979e-01
-1.077499909624747565e-02 -1.494791688940798335e-01
-1.076999909637378627e-02 -1.480208355390156272e-01
-1.076499909650009690e-02 -1.463541688475137048e-01
-1.075999909662640752e-02 -1.446875021560117547e-01
-1.075499909675271815e-02 -1.433333354691664341e-01
-1.074999909687902877e-02 -1.415625021094456260e-01
-1.074499909700533939e-02 -1.394791687450682161e-01
-1.073999909713165002e-02 -1.381250020582228955e-01
-1.073499909725796064e-02 -1.364583353667209453e-01
-1.072999909738427127e-02 -1.351041686798756247e-01
-1.072499909751058189e-02 -1.335416686565925604e-01
-1.071999909763689252e-02 -1.325000019744038415e-01
-1.071499909776320314e-02 -1.304166686100264316e-01
-1.070999909788951376e-02 -1.291666685913999968e-01
-1.070499909801582439e-02 -1.276041685681169324e-01
-1.069999909814213501e-02 -1.259375018766149823e-01
-1.069499909826844564e-02 -1.242708351851130461e-01
-1.068999909839475626e-02 -1.229166684982677393e-01
-1.068499909852106688e-02 -1.218750018160790205e-01
-1.067999909864737751e-02 -1.201041684563581985e-01
-1.067499909877368813e-02 -1.190625017741695074e-01
-1.066999909889999876e-02 -1.176041684191053149e-01
-1.066499909902630938e-02 -1.162500017322599943e-01
-1.065999909915262001e-02 -1.151041683818524175e-01
-1.065499909927893063e-02 -1.131250016856938656e-01
-1.064999909940524125e-02 -1.117708349988485311e-01
-1.064499909953155188e-02 -1.103125016437843386e-01
-1.063999909965786250e-02 -1.089583349569390180e-01
-1.063499909978417313e-02 -1.076041682700936836e-01
-1.062999909991048375e-02 -1.061458349150295050e-01
-1.062499910003679437e-02 -1.052083349010596580e-01
-1.061999910016310500e-02 -1.037500015459954794e-01
-1.061499910028941562e-02 -1.019791681862746713e-01
-1.060999910041572625e-02 -1.011458348405236962e-01
-1.060499910054203687e-02 -9.968750148545950374e-02
-1.059999910066834750e-02 -9.854166813505192690e-02
-1.059499910079465812e-02 -9.687500144354999065e-02
-1.058999910092096874e-02 -9.593750142958014371e-02
-1.058499910104727937e-02 -9.416666806985934945e-02
-1.057999910117358999e-02 -9.281250138301401498e-02
-1.057499910129990062e-02 -9.187500136904418191e-02
-1.056999910142621124e-02 -9.083333468685547696e-02
-1.056499910155252187e-02 -8.937500133179128448e-02
-1.055999910167883249e-02 -8.770833464028934823e-02
-1.055499910180514311e-02 -8.708333463097611693e-02
-1.054999910193145374e-02 -8.572916794413079633e-02
-1.054499910205776436e-02 -8.437500125728547573e-02
-1.053999910218407499e-02 -8.302083457044015513e-02
-1.053499910231038561e-02 -8.218750122468919395e-02
-1.052999910243669623e-02 -8.156250121537596265e-02
-1.052499910256300686e-02 -7.989583452387402640e-02
-1.051999910268931748e-02 -7.895833450990417945e-02
-1.051499910281562811e-02 -7.812500116415321827e-02
-1.050999910294193873e-02 -7.687500114552676955e-02
-1.050499910306824936e-02 -7.572916779511919272e-02
-1.049999910319455998e-02 -7.447916777649273012e-02
-1.049499910332087060e-02 -7.312500108964740952e-02
-1.048999910344718123e-02 -7.239583441211532022e-02
-1.048499910357349185e-02 -7.104166772526999962e-02
-1.047999910369980248e-02 -6.968750103842467902e-02
-1.047499910382611310e-02 -6.916666769733031961e-02
-1.046999910395242372e-02 -6.854166768801708831e-02
-1.046499910407873435e-02 -6.729166766939063959e-02
-1.045999910420504497e-02 -6.677083432829628018e-02
-1.045499910433135560e-02 -6.562500097788870335e-02
-1.044999910445766622e-02 -6.427083429104338275e-02
-1.044499910458397685e-02 -6.333333427707353580e-02
-1.043999910471028747e-02 -6.270833426776031838e-02
-1.043499910483659809e-02 -6.166666758557160649e-02
-1.042999910496290872e-02 -6.072916757160176648e-02
-1.042499910508921934e-02 -5.979166755763192648e-02
-1.041999910521552997e-02 -5.916666754831870212e-02
-1.041499910534184059e-02 -5.822916753434886211e-02
-1.040999910546815121e-02 -5.781250086147338152e-02
-1.040499910559446184e-02 -5.656250084284693280e-02
-1.039999910572077246e-02 -5.593750083353370151e-02
-1.039499910584708309e-02 -5.500000081956386844e-02
-1.038999910597339371e-02 -5.427083414203177220e-02
-1.038499910609970434e-02 -5.354166746449966902e-02
-1.037999910622601496e-02 -5.270833411874870783e-02
-1.037499910635232558e-02 -5.135416743190338029e-02
-1.036999910647863621e-02 -5.125000076368450841e-02
-1.036499910660494683e-02 -5.031250074971467534e-02
-1.035999910673125746e-02 -4.968750074040145098e-02
-1.035499910685756808e-02 -4.885416739465047592e-02
-1.034999910698387871e-02 -4.812500071711838662e-02
-1.034499910711018933e-02 -4.770833404424289909e-02
-1.033999910723649995e-02 -4.708333403492967473e-02
-1.033499910736281058e-02 -4.614583402095983472e-02
-1.032999910748912120e-02 -4.520833400698999471e-02
-1.032499910761543183e-02 -4.468750066589564224e-02
-1.031999910774174245e-02 -4.395833398836354600e-02
-1.031499910786805307e-02 -4.395833398836354600e-02
-1.030999910799436370e-02 -4.239583396508048163e-02
-1.030499910812067432e-02 -4.218750062864273787e-02
-1.029999910824698495e-02 -4.156250061932951351e-02
-1.029499910837329557e-02 -4.083333394179741727e-02
-1.028999910849960620e-02 -3.979166725960870538e-02
-1.028499910862591682e-02 -3.927083391851435290e-02
-1.027999910875222744e-02 -3.833333390454451289e-02
-1.027499910887853807e-02 -3.770833389523128854e-02
-1.026999910900484869e-02 -3.770833389523128854e-02
-1.026499910913115932e-02 -3.572916719907273664e-02
-1.025999910925746994e-02 -3.625000054016708911e-02
-1.025499910938378056e-02 -3.562500053085387169e-02
-1.024999910951009119e-02 -3.510416718975951228e-02
-1.024499910963640181e-02 -3.427083384400854416e-02
-1.023999910976271244e-02 -3.395833383935193545e-02
-1.023499910988902306e-02 -3.312500049360096038e-02
-1.022999911001533369e-02 -3.239583381606887108e-02
-1.022499911014164431e-02 -3.218750047963112731e-02
-1.021999911026795493e-02 -3.208333381141225543e-02
-1.021499911039426556e-02 -3.114583379744241542e-02
-1.020999911052057618e-02 -3.125000046566128731e-02
-1.020499911064688681e-02 -3.020833378347257542e-02
-1.019999911077319743e-02 -2.968750044237822294e-02
-1.019499911089950805e-02 -2.927083376950273888e-02
-1.018999911102581868e-02 -2.885416709662725135e-02
-1.018499911115212930e-02 -2.885416709662725135e-02
-1.017999911127843993e-02 -2.812500041909515858e-02
-1.017499911140475055e-02 -2.781250041443854640e-02
-1.016999911153106118e-02 -2.708333373690644669e-02
-1.016499911165737180e-02 -2.677083373224983451e-02
-1.015999911178368242e-02 -2.625000039115548203e-02
-1.015499911190999305e-02 -2.572916705006112262e-02
-1.014999911203630367e-02 -2.510416704074790173e-02
-1.014499911216261430e-02 -2.510416704074790173e-02
-1.013999911228892492e-02 -2.468750036787241767e-02
-1.013499911241523554e-02 -2.385416702212144954e-02
-1.012999911254154617e-02 -2.364583368568370578e-02
-1.012499911266785679e-02 -2.354166701746483736e-02
-1.011999911279416742e-02 -2.260416700349499736e-02
-1.011499911292047804e-02 -2.260416700349499736e-02
-1.010999911304678867e-02 -2.197916699418177300e-02
-1.010499911317309929e-02 -2.166666698952516082e-02
-1.009999911329940991e-02 -2.114583364843080487e-02
-1.009499911342572054e-02 -2.093750031199306458e-02
-1.008999911355203116e-02 -2.083333364377419269e-02
-1.008499911367834179e-02 -2.031250030267983675e-02
-1.007999911380465241e-02 -1.968750029336660892e-02
-1.007499911393096304e-02 -1.958333362514774051e-02
-1.006999911405727366e-02 -1.937500028871000021e-02
-1.006499911418358428e-02 -1.895833361583451268e-02
-1.005999911430989491e-02 -1.864583361117790050e-02
-1.005499911443620553e-02 -1.812500027008354456e-02
-1.004999911456251616e-02 -1.760416692898919208e-02
-1.004499911468882678e-02 -1.729166692433257990e-02
-1.003999911481513740e-02 -1.656250024680048019e-02
-1.003499911494144803e-02 -1.656250024680048019e-02
-1.002999911506775865e-02 -1.562500023283064365e-02
-1.002499911519406928e-02 -1.562500023283064365e-02
-1.001999911532037990e-02 -1.562500023283064365e-02
-1.001499911544669053e-02 -1.468750021886080538e-02
-1.000999911557300115e-02 -1.479166688707967553e-02
-1.000499911569931177e-02 -1.406250020954757929e-02
-9.999999115825622398e-03 -1.375000020489096711e-02
-9.994999115951933022e-03 -1.364583353667209349e-02
-9.989999116078243646e-03 -1.312500019557774102e-02
-9.984999116204554270e-03 -1.291666685914000072e-02
-9.979999116330864894e-03 -1.218750018160790101e-02
-9.974999116457175519e-03 -1.166666684051354680e-02
-9.969999116583486143e-03 -1.166666684051354680e-02
-9.964999116709796767e-03 -1.093750016298145056e-02
-9.959999116836107391e-03 -1.093750016298145056e-02
-9.954999116962418015e-03 -1.041666682188709635e-02
-9.949999117088728640e-03 -1.000000014901161229e-02
-9.944999117215039264e-03 -1.000000014901161229e-02
-9.939999117341349888e-03 -8.854166798604031982e-03
-9.934999117467660512e-03 -9.062500135041772278e-03
-9.929999117593971136e-03 -8.645833462166289951e-03
-9.924999117720281760e-03 -8.333333457509676037e-03
-9.919999117846592385e-03 -8.020833452853063858e-03
-9.914999117972903009e-03 -7.500000111758708780e-03
-9.909999118099213633e-03 -7.291666775320967617e-03
-9.904999118225524257e-03 -6.666666766007741524e-03
-9.899999118351834881e-03 -6.458333429570000360e-03
-9.894999118478145506e-03 -6.145833424913386446e-03
-9.889999118604456130e-03 -6.145833424913386446e-03
-9.884999118730766754e-03 -5.833333420256773399e-03
-9.879999118857077378e-03 -5.625000083819032236e-03
-9.874999118983388002e-03 -5.208333410943548174e-03
-9.869999119109698626e-03 -4.687500069849193096e-03
-9.864999119236009251e-03 -4.270833396973709034e-03
-9.859999119362319875e-03 -4.166666728754838019e-03
-9.854999119488630499e-03 -3.333333383003870762e-03
-9.849999119614941123e-03 -3.437500051222741777e-03
-9.844999119741251747e-03 -2.500000037252903071e-03
-9.839999119867562372e-03 -2.291666700815161040e-03
-9.834999119993872996e-03 -2.708333373690645102e-03
-9.829999120120183620e-03 -1.458333355064193350e-03
-9.824999120246494244e-03 -1.354166686845322551e-03
-9.819999120372804868e-03 -8.333333457509676905e-04
-9.814999120499115492e-03 -6.250000093132257678e-04
-9.809999120625426117e-03 -4.166666728754838452e-04
-9.804999120751736741e-03 -2.083333364377419226e-04
-9.799999120878047365e-03 -1.041666682188709613e-04
-9.794999121004357989e-03 7.291666775320966749e-04
-9.789999121130668613e-03 1.145833350407580520e-03
-9.784999121256979238e-03 1.250000018626451536e-03
-9.779999121383289862e-03 1.562500023283064365e-03
-9.774999121509600486e-03 2.395833369034032056e-03
-9.769999121635911110e-03 2.500000037252903071e-03
-9.764999121762221734e-03 2.916666710128386700e-03
-9.759999121888532359e-03 3.854166724098225406e-03
-9.754999122014842983e-03 4.062500060535967870e-03
-9.749999122141153607e-03 4.166666728754838019e-03
-9.744999122267464231e-03 5.416666747381290205e-03
-9.739999122393774855e-03 5.208333410943548174e-03
-9.734999122520085479e-03 5.625000083819032236e-03
-9.729999122646396104e-03 6.250000093132257462e-03
-9.724999122772706728e-03 6.875000102445483555e-03
-9.719999122899017352e-03 7.083333438883224718e-03
-9.714999123025327976e-03 7.604166779977578929e-03
-9.709999123151638600e-03 8.020833452853063858e-03
-9.704999123277949225e-03 8.645833462166289951e-03
-9.699999123404259849e-03 8.750000130385160099e-03
-9.694999123530570473e-03 9.583333476136128223e-03
-9.689999123656881097e-03 1.010416681723048243e-02
-9.684999123783191721e-03 1.052083349010596650e-02
-9.679999123909502345e-03 1.114583349941919259e-02
-9.674999124035812970e-03 1.145833350407580477e-02
-9.669999124162123594e-03 1.156250017229467665e-02
-9.664999124288434218e-03 1.218750018160790101e-02
-9.659999124414744842e-03 1.239583351804564477e-02
-9.654999124541055466e-03 1.312500019557774102e-02
-9.649999124667366091e-03 1.354166686845322334e-02
-9.644999124793676715e-03 1.395833354132870914e-02
-9.639999124919987339e-03 1.447916688242306509e-02
-9.634999125046297963e-03 1.489583355529854741e-02
-9.629999125172608587e-03 1.552083356461177351e-02
-9.624999125298919211e-03 1.583333356926838395e-02
-9.619999125425229836e-03 1.604166690570612772e-02
-9.614999125551540460e-03 1.645833357858161178e-02
-9.609999125677851084e-03 1.718750025611370802e-02
-9.604999125804161708e-03 1.791666693364580426e-02
-9.599999125930472332e-03 1.802083360186467614e-02
-9.594999126056782957e-03 1.854166694295903209e-02
-9.589999126183093581e-03 1.916666695227225645e-02
-9.584999126309404205e-03 1.958333362514774051e-02
-9.579999126435714829e-03 2.010416696624209645e-02
-9.574999126562025453e-03 2.020833363446096487e-02
-9.569999126688336077e-03 2.072916697555532081e-02
-9.564999126814646702e-03 2.104166698021193299e-02
-9.559999126940957326e-03 2.177083365774402923e-02
-9.554999127067267950e-03 2.197916699418177300e-02
-9.549999127193578574e-03 2.260416700349499736e-02
-9.544999127319889198e-03 2.281250033993273765e-02
-9.539999127446199823e-03 2.364583368568370578e-02
-9.534999127572510447e-03 2.416666702677806172e-02
-9.529999127698821071e-03 2.479166703609128955e-02
-9.524999127825131695e-03 2.510416704074790173e-02
-9.519999127951442319e-03 2.520833370896677014e-02
-9.514999128077752943e-03 2.604166705471774174e-02
-9.509999128204063568e-03 2.656250039581209421e-02
-9.504999128330374192e-03 2.729166707334418698e-02
-9.499999128456684816e-03 2.770833374621967451e-02
-9.494999128582995440e-03 2.781250041443854640e-02
-9.489999128709306064e-03 2.843750042375177076e-02
-9.484999128835616689e-03 2.875000042840838294e-02
-9.479999128961927313e-03 2.968750044237822294e-02
-9.474999129088237937e-03 3.000000044703483512e-02
-9.469999129214548561e-03 3.000000044703483512e-02
-9.464999129340859185e-03 3.104166712922354701e-02
-9.459999129467169809e-03 3.125000046566128731e-02
-9.454999129593480434e-03 3.208333381141225543e-02
-9.449999129719791058e-03 3.260416715250660791e-02
-9.444999129846101682e-03 3.270833382072547979e-02
-9.439999129972412306e-03 3.322916716181983227e-02
-9.434999130098722930e-03 3.395833383935193545e-02
-9.429999130225033555e-03 3.395833383935193545e-02
-9.424999130351344179e-03 3.458333384866515980e-02
-9.419999130477654803e-03 3.531250052619725605e-02
-9.414999130603965427e-03 3.531250052619725605e-02
-9.409999130730276051e-03 3.593750053551048040e-02
-9.404999130856586675e-03 3.645833387660483288e-02
-9.399999130982897300e-03 3.645833387660483288e-02
-9.394999131109207924e-03 3.708333388591806418e-02
-9.389999131235518548e-03 3.729166722235580100e-02
-9.384999131361829172e-03 3.802083389988789724e-02
-9.379999131488139796e-03 3.833333390454451289e-02
-9.374999131614450421e-03 3.854166724098225666e-02
-9.369999131740761045e-03 3.937500058673321784e-02
-9.364999131867071669e-03 3.927083391851435290e-02
-9.359999131993382293e-03 3.968750059138983349e-02
-9.354999132119692917e-03 4.135416728289176974e-02
-9.349999132246003541e-03 4.083333394179741727e-02
-9.344999132372314166e-03 4.156250061932951351e-02
-9.339999132498624790e-03 4.156250061932951351e-02
-9.334999132624935414e-03 4.156250061932951351e-02
-9.329999132751246038e-03 4.260416730151821846e-02
-9.324999132877556662e-03 4.260416730151821846e-02
-9.319999133003867287e-03 4.291666730617483411e-02
-9.314999133130177911e-03 4.333333397905032164e-02
-9.309999133256488535e-03 4.354166731548805847e-02
-9.304999133382799159e-03 4.364583398370693035e-02
-9.299999133509109783e-03 4.458333399767677035e-02
-9.294999133635420407e-03 4.468750066589564224e-02
-9.289999133761731032e-03 4.489583400233338600e-02
-9.284999133888041656e-03 4.552083401164661036e-02
-9.279999134014352280e-03 4.604166735274096284e-02
-9.274999134140662904e-03 4.614583402095983472e-02
-9.269999134266973528e-03 4.625000068917870660e-02
-9.264999134393284153e-03 4.656250069383532225e-02
-9.259999134519594777e-03 4.739583403958628344e-02
-9.254999134645905401e-03 4.750000070780515532e-02
-9.249999134772216025e-03 4.802083404889951473e-02
-9.244999134898526649e-03 4.791666738068064285e-02
-9.239999135024837273e-03 4.833333405355612344e-02
-9.234999135151147898e-03 4.833333405355612344e-02
-9.229999135277458522e-03 4.906250073108821969e-02
-9.224999135403769146e-03 4.937500073574483533e-02
-9.219999135530079770e-03 4.947916740396370722e-02
-9.214999135656390394e-03 4.968750074040145098e-02
-9.209999135782701019e-03 5.041666741793354029e-02
-9.204999135909011643e-03 5.072916742259015593e-02
-9.199999136035322267e-03 5.093750075902789970e-02
-9.194999136161632891e-03 5.114583409546564347e-02
-9.189999136287943515e-03 5.177083410477886782e-02
-9.184999136414254139e-03 5.166666743656000288e-02
-9.179999136540564764e-03 5.239583411409209218e-02
-9.174999136666875388e-03 5.239583411409209218e-02
-9.169999136793186012e-03 5.250000078231096406e-02
-9.164999136919496636e-03 5.291666745518644466e-02
-9.159999137045807260e-03 5.312500079162418842e-02
-9.154999137172117885e-03 5.343750079628080407e-02
-9.149999137298428509e-03 5.333333412806193219e-02
-9.144999137424739133e-03 5.364583413271854784e-02
-9.139999137551049757e-03 5.468750081490725279e-02
-9.134999137677360381e-03 5.427083414203177220e-02
-9.129999137803671005e-03 5.500000081956386844e-02
-9.124999137929981630e-03 5.520833415600161220e-02
-9.119999138056292254e-03 5.552083416065822091e-02
-9.114999138182602878e-03 5.583333416531483656e-02
-9.109999138308913502e-03 5.604166750175257339e-02
-9.104999138435224126e-03 5.593750083353370151e-02
-9.099999138561534751e-03 5.635416750640919598e-02
-9.094999138687845375e-03 5.614583416997143833e-02
-9.089999138814155999e-03 5.677083417928467657e-02
-9.084999138940466623e-03 5.687500084750354151e-02
-9.079999139066777247e-03 5.750000085681676587e-02
-9.074999139193087871e-03 5.750000085681676587e-02
-9.069999139319398496e-03 5.750000085681676587e-02
-9.064999139445709120e-03 5.802083419791112529e-02
-9.059999139572019744e-03 5.854166753900547776e-02
-9.054999139698330368e-03 5.833333420256774093e-02
-9.049999139824640992e-03 5.895833421188096529e-02
-9.044999139950951617e-03 5.875000087544322153e-02
-9.039999140077262241e-03 5.895833421188096529e-02
-9.034999140203572865e-03 5.895833421188096529e-02
-9.029999140329883489e-03 5.927083421653756706e-02
-9.024999140456194113e-03 5.958333422119418965e-02
-9.019999140582504737e-03 5.979166755763192648e-02
-9.014999140708815362e-03 6.000000089406967024e-02
-9.009999140835125986e-03 6.000000089406967024e-02
-9.004999140961436610e-03 6.020833423050741401e-02
-8.999999141087747234e-03 6.052083423516402966e-02
-8.994999141214057858e-03 6.083333423982063143e-02
-8.989999141340368483e-03 6.104166757625838907e-02
-8.984999141466679107e-03 6.135416758091499084e-02
-8.979999141592989731e-03 6.135416758091499084e-02
-8.974999141719300355e-03 6.156250091735273461e-02
-8.969999141845610979e-03 6.187500092200935026e-02
-8.964999141971921603e-03 6.208333425844709402e-02
-8.959999142098232228e-03 6.250000093132257462e-02
-8.954999142224542852e-03 6.260416759954144650e-02
-8.949999142350853476e-03 6.291666760419806215e-02
-8.944999142477164100e-03 6.260416759954144650e-02
-8.939999142603474724e-03 6.312500094063579203e-02
-8.934999142729785349e-03 6.354166761351127957e-02
-8.929999142856095973e-03 6.333333427707353580e-02
-8.924999142982406597e-03 6.406250095460563898e-02
-8.919999143108717221e-03 6.447916762748112651e-02
-8.914999143235027845e-03 6.468750096391885640e-02
-8.909999143361338469e-03 6.489583430035660017e-02
-8.904999143487649094e-03 6.479166763213774216e-02
-8.899999143613959718e-03 6.531250097323208770e-02
-8.894999143740270342e-03 6.552083430966983146e-02
-8.889999143866580966e-03 6.552083430966983146e-02
-8.884999143992891590e-03 6.593750098254531899e-02
-8.879999144119202215e-03 6.625000098720192077e-02
-8.874999144245512839e-03 6.645833432363966453e-02
-8.869999144371823463e-03 6.687500099651515206e-02
-8.864999144498134087e-03 6.687500099651515206e-02
-8.859999144624444711e-03 6.708333433295289583e-02
-8.854999144750755335e-03 6.760416767404725524e-02
-8.849999144877065960e-03 6.739583433760951148e-02
-8.844999145003376584e-03 6.833333435157934455e-02
-8.839999145129687208e-03 6.833333435157934455e-02
-8.834999145255997832e-03 6.843750101979821643e-02
-8.829999145382308456e-03 6.854166768801708831e-02
-8.824999145508619081e-03 6.916666769733031961e-02
-8.819999145634929705e-03 6.937500103376804950e-02
-8.814999145761240329e-03 6.947916770198693526e-02
-8.809999145887550953e-03 7.010416771130015268e-02
-8.804999146013861577e-03 7.020833437951902456e-02
-8.799999146140172201e-03 7.041666771595676833e-02
-8.794999146266482826e-03 7.072916772061338397e-02
-8.789999146392793450e-03 7.104166772526999962e-02
-8.784999146519104074e-03 7.145833439814547328e-02
-8.779999146645414698e-03 7.125000106170774339e-02
-8.774999146771725322e-03 7.187500107102096081e-02
-8.769999146898035947e-03 7.208333440745870457e-02
-8.764999147024346571e-03 7.239583441211532022e-02
-8.759999147150657195e-03 7.250000108033417823e-02
-8.754999147276967819e-03 7.250000108033417823e-02
-8.749999147403278443e-03 7.302083442142853764e-02
-8.744999147529589067e-03 7.333333442608515329e-02
-8.739999147655899692e-03 7.354166776252289706e-02
-8.734999147782210316e-03 7.375000109896064082e-02
-8.729999147908520940e-03 7.437500110827387212e-02
-8.724999148034831564e-03 7.468750111293047389e-02
-8.719999148161142188e-03 7.479166778114934577e-02
-8.714999148287452813e-03 7.572916779511919272e-02
-8.709999148413763437e-03 7.593750113155693648e-02
-8.704999148540074061e-03 7.614583446799466637e-02
-8.699999148666384685e-03 7.645833447265128202e-02
-8.694999148792695309e-03 7.677083447730789767e-02
-8.689999148919005934e-03 7.729166781840225708e-02
-8.684999149045316558e-03 7.770833449127773074e-02
-8.679999149171627182e-03 7.812500116415321827e-02
-8.674999149297937806e-03 7.854166783702870580e-02
-8.669999149424248430e-03 7.895833450990417945e-02
-8.664999149550559054e-03 7.916666784634192322e-02
-8.659999149676869679e-03 7.968750118743628263e-02
-8.654999149803180303e-03 8.072916786962498759e-02
-8.649999149929490927e-03 8.062500120140612958e-02
-8.644999150055801551e-03 8.145833454715709077e-02
-8.639999150182112175e-03 8.177083455181370641e-02
-8.634999150308422800e-03 8.197916788825145018e-02
-8.629999150434733424e-03 8.343750124331562878e-02
-8.624999150561044048e-03 8.343750124331562878e-02
-8.619999150687354672e-03 8.385416791619111632e-02
-8.614999150813665296e-03 8.447916792550434761e-02
-8.609999150939975920e-03 8.500000126659869315e-02
-8.604999151066286545e-03 8.520833460303643692e-02
-8.599999151192597169e-03 8.593750128056854010e-02
-8.594999151318907793e-03 8.666666795810064328e-02
-8.589999151445218417e-03 8.718750129919498881e-02
-8.584999151571529041e-03 8.729166796741386070e-02
-8.579999151697839666e-03 8.843750131782145141e-02
-8.574999151824150290e-03 8.875000132247805318e-02
-8.569999151950460914e-03 8.906250132713466883e-02
-8.564999152076771538e-03 8.937500133179128448e-02
-8.559999152203082162e-03 9.041666801397998943e-02
-8.554999152329392786e-03 9.156250136438758014e-02
-8.549999152455703411e-03 9.177083470082531003e-02
-8.544999152582014035e-03 9.260416804657628509e-02
-8.539999152708324659e-03 9.312500138767064450e-02
-8.534999152834635283e-03 9.364583472876499004e-02
-8.529999152960945907e-03 9.489583474739143876e-02
-8.524999153087256532e-03 9.562500142492354194e-02
-8.519999153213567156e-03 9.562500142492354194e-02
-8.514999153339877780e-03 9.614583476601788747e-02
-8.509999153466188404e-03 9.687500144354999065e-02
-8.504999153592499028e-03 9.781250145751983760e-02
-8.499999153718809652e-03 9.875000147148967067e-02
-8.494999153845120277e-03 9.906250147614627244e-02
-8.489999153971430901e-03 9.979166815367837562e-02
-8.484999154097741525e-03 1.007291681676482226e-01
-8.479999154224052149e-03 1.014583348451803119e-01
-8.474999154350362773e-03 1.020833348544935293e-01
-8.469999154476673398e-03 1.029166682002444905e-01
-8.464999154602984022e-03 1.031250015366822481e-01
-8.459999154729294646e-03 1.041666682188709669e-01
-8.454999154855605270e-03 1.045833348917464406e-01
-8.449999154981915894e-03 1.054166682374974157e-01
-8.444999155108226518e-03 1.064583349196861345e-01
-8.439999155234537143e-03 1.070833349289993380e-01
-8.434999155360847767e-03 1.081250016111880569e-01
-8.429999155487158391e-03 1.086458349522824024e-01
-8.424999155613469015e-03 1.098958349709088511e-01
-8.419999155739779639e-03 1.101041683073466088e-01
-8.414999155866090264e-03 1.113541683259730575e-01
-8.409999155992400888e-03 1.120833350035051468e-01
-8.404999156118711512e-03 1.127083350128183920e-01
-8.399999156245022136e-03 1.143750017043203143e-01
-8.394999156371332760e-03 1.152083350500712755e-01
-8.389999156497643384e-03 1.161458350640411086e-01
-8.384999156623954009e-03 1.169791684097920698e-01
-8.379999156750264633e-03 1.173958350826675850e-01
-8.374999156876575257e-03 1.186458351012940199e-01
-8.369999157002885881e-03 1.194791684470449949e-01
-8.364999157129196505e-03 1.205208351292337138e-01
-8.359999157255507130e-03 1.214583351432035330e-01
-8.354999157381817754e-03 1.223958351571733660e-01
-8.349999157508128378e-03 1.235416685075809567e-01
-8.344999157634439002e-03 1.245833351897696617e-01
-8.339999157760749626e-03 1.259375018766149823e-01
-8.334999157887060250e-03 1.263541685494904698e-01
-8.329999158013370875e-03 1.276041685681169324e-01
-8.324999158139681499e-03 1.287500019185245093e-01
-8.319999158265992123e-03 1.297916686007132003e-01
-8.314999158392302747e-03 1.309375019511207772e-01
-8.309999158518613371e-03 1.316666686286528942e-01
-8.304999158644923996e-03 1.326041686426227273e-01
-8.299999158771234620e-03 1.336458353248114461e-01
-8.294999158897545244e-03 1.346875020070001649e-01
-8.289999159023855868e-03 1.357291686891888560e-01
-8.284999159150166492e-03 1.369791687078153186e-01
-8.279999159276477116e-03 1.376041687171285222e-01
-8.274999159402787741e-03 1.385416687310983830e-01
-8.269999159529098365e-03 1.390625020721927285e-01
-8.264999159655408989e-03 1.412500021047890242e-01
-8.259999159781719613e-03 1.416666687776645117e-01
-8.254999159908030237e-03 1.426041687916343448e-01
-8.249999160034340862e-03 1.432291688009475761e-01
-8.244999160160651486e-03 1.448958354924494984e-01
-8.239999160286962110e-03 1.458333355064193315e-01
-8.234999160413272734e-03 1.467708355203891923e-01
-8.229999160539583358e-03 1.476041688661401396e-01
-8.224999160665893982e-03 1.488541688847666022e-01
-8.219999160792204607e-03 1.498958355669553211e-01
-8.214999160918515231e-03 1.507291689127062684e-01
-8.209999161044825855e-03 1.514583355902383854e-01
-8.204999161171136479e-03 1.529166689453025640e-01
-8.199999161297447103e-03 1.537500022910535391e-01
-8.194999161423757728e-03 1.545833356368045142e-01
-8.189999161550068352e-03 1.558333356554309490e-01
-8.184999161676378976e-03 1.564583356647441803e-01
-8.179999161802689600e-03 1.573958356787140134e-01
-8.174999161929000224e-03 1.585416690291215902e-01
-8.169999162055310848e-03 1.593750023748725653e-01
-8.164999162181621473e-03 1.603125023888423983e-01
-8.159999162307932097e-03 1.616666690756877189e-01
-8.154999162434242721e-03 1.625000024214386940e-01
-8.149999162560553345e-03 1.633333357671896691e-01
-8.144999162686863969e-03 1.637500024400651288e-01
-8.139999162813174594e-03 1.651041691269104772e-01
-8.134999162939485218e-03 1.658333358044425665e-01
-8.129999163065795842e-03 1.668750024866312576e-01
-8.124999163192106466e-03 1.676041691641633746e-01
-8.119999163318417090e-03 1.688541691827898095e-01
-8.114999163444727714e-03 1.692708358556652970e-01
-8.109999163571038339e-03 1.702083358696351578e-01
-8.104999163697348963e-03 1.711458358836049909e-01
-8.099999163823659587e-03 1.717708358929182222e-01
-8.094999163949970211e-03 1.728125025751069133e-01
-8.089999164076280835e-03 1.733333359162012866e-01
-8.084999164202591460e-03 1.741666692619522339e-01
-8.079999164328902084e-03 1.746875026030465794e-01
-8.074999164455212708e-03 1.759375026216730420e-01
-8.069999164581523332e-03 1.758333359534541840e-01
-8.064999164707833956e-03 1.768750026356429028e-01
-8.059999164834144580e-03 1.778125026496127081e-01
-8.054999164960455205e-03 1.782291693224881957e-01
-8.049999165086765829e-03 1.790625026682391707e-01
-8.044999165213076453e-03 1.795833360093335440e-01
-8.039999165339387077e-03 1.805208360233033771e-01
-8.034999165465697701e-03 1.807291693597411208e-01
-8.029999165592008326e-03 1.816666693737109539e-01
-8.024999165718318950e-03 1.818750027101486977e-01
-8.019999165844629574e-03 1.823958360512430432e-01
-8.014999165970940198e-03 1.826041693876807870e-01
-8.009999166097250822e-03 1.833333360652128763e-01
-8.004999166223561446e-03 1.838541694063072496e-01
-7.999999166349872071e-03 1.844791694156204531e-01
-7.994999166476182695e-03 1.844791694156204531e-01
-7.989999166602493319e-03 1.844791694156204531e-01
-7.984999166728803943e-03 1.845833360838393389e-01
-7.979999166855114567e-03 1.858333361024658015e-01
-7.974999166981425192e-03 1.858333361024658015e-01
-7.969999167107735816e-03 1.858333361024658015e-01
-7.964999167234046440e-03 1.863541694435601470e-01
-7.959999167360357064e-03 1.861458361071224032e-01
-7.954999167486667688e-03 1.864583361117790050e-01
-7.949999167612978312e-03 1.866666694482167488e-01
-7.944999167739288937e-03 1.867708361164356345e-01
-7.939999167865599561e-03 1.865625027799978908e-01
-7.934999167991910185e-03 1.865625027799978908e-01
-7.929999168118220809e-03 1.869791694528733783e-01
-7.924999168244531433e-03 1.872916694575299801e-01
-7.919999168370842058e-03 1.871875027893110943e-01
-7.914999168497152682e-03 1.869791694528733783e-01
-7.909999168623463306e-03 1.870833361210922363e-01
-7.904999168749773930e-03 1.866666694482167488e-01
-7.899999168876084554e-03 1.864583361117790050e-01
-7.894999169002395178e-03 1.863541694435601470e-01
-7.889999169128705803e-03 1.861458361071224032e-01
-7.884999169255016427e-03 1.858333361024658015e-01
-7.879999169381327051e-03 1.860416694389035175e-01
-7.874999169507637675e-03 1.856250027660280300e-01
-7.869999169633948299e-03 1.854166694295903139e-01
-7.864999169760258924e-03 1.850000027567148264e-01
-7.859999169886569548e-03 1.846875027520582246e-01
-7.854999170012880172e-03 1.844791694156204531e-01
-7.849999170139190796e-03 1.840625027427449656e-01
-7.844999170265501420e-03 1.834375027334317620e-01
-7.839999170391812044e-03 1.827083360558996727e-01
-7.834999170518122669e-03 1.823958360512430432e-01
-7.829999170644433293e-03 1.820833360465864414e-01
-7.824999170770743917e-03 1.813541693690543244e-01
-7.819999170897054541e-03 1.807291693597411208e-01
-7.814999171023365165e-03 1.805208360233033771e-01
-7.809999171149675790e-03 1.791666693364580565e-01
-7.804999171275986414e-03 1.791666693364580565e-01
-7.799999171402297038e-03 1.784375026589259672e-01
-7.794999171528607662e-03 1.776041693131749921e-01
-7.789999171654918286e-03 1.762500026263296438e-01
-7.784999171781228910e-03 1.759375026216730420e-01
-7.779999171907539535e-03 1.750000026077032089e-01
-7.774999172033850159e-03 1.734375025844201446e-01
-7.769999172160160783e-03 1.728125025751069133e-01
-7.764999172286471407e-03 1.722916692340125677e-01
-7.759999172412782031e-03 1.712500025518238489e-01
-7.754999172539092656e-03 1.703125025378540158e-01
-7.749999172665403280e-03 1.692708358556652970e-01
-7.744999172791713904e-03 1.684375025099143219e-01
-7.739999172918024528e-03 1.671875024912878871e-01
-7.734999173044335152e-03 1.662500024773180540e-01
-7.729999173170645776e-03 1.650000024586915914e-01
-7.724999173296956401e-03 1.635416691036274128e-01
-7.719999173423267025e-03 1.625000024214386940e-01
-7.714999173549577649e-03 1.616666690756877189e-01
-7.709999173675888273e-03 1.601041690524046546e-01
-7.704999173802198897e-03 1.584375023609027322e-01
-7.699999173928509522e-03 1.572916690104951554e-01
-7.694999174054820146e-03 1.562500023283064365e-01
-7.689999174181130770e-03 1.546875023050233722e-01
-7.684999174307441394e-03 1.536458356228346533e-01
-7.679999174433752018e-03 1.521875022677704747e-01
-7.674999174560062642e-03 1.506250022444874104e-01
-7.669999174686373267e-03 1.490625022212043460e-01
-7.664999174812683891e-03 1.477083355343590254e-01
-7.659999174938994515e-03 1.457291688382004735e-01
-7.654999175065305139e-03 1.443750021513551529e-01
-7.649999175191615763e-03 1.432291688009475761e-01
-7.644999175317926388e-03 1.411458354365701384e-01
-7.639999175444237012e-03 1.392708354086304723e-01
-7.634999175570547636e-03 1.382291687264417535e-01
-7.629999175696858260e-03 1.367708353713775749e-01
-7.624999175823168884e-03 1.350000020116567667e-01
-7.619999175949479508e-03 1.334375019883737024e-01
-7.614999176075790133e-03 1.318750019650906380e-01
-7.609999176202100757e-03 1.303125019418075736e-01
-7.604999176328411381e-03 1.284375019138679075e-01
-7.599999176454722005e-03 1.267708352223659574e-01
-7.594999176581032629e-03 1.245833351897696617e-01
-7.589999176707343254e-03 1.228125018300488536e-01
-7.584999176833653878e-03 1.217708351478601486e-01
-7.579999176959964502e-03 1.193750017788261231e-01
-7.574999177086275126e-03 1.179166684237619306e-01
-7.569999177212585750e-03 1.160416683958222506e-01
-7.564999177338896375e-03 1.139583350314448268e-01
-7.559999177465206999e-03 1.119791683352862888e-01
-7.554999177591517623e-03 1.108333349848786981e-01
-7.549999177717828247e-03 1.084375016158446725e-01
-7.544999177844138871e-03 1.065625015879049925e-01
-7.539999177970449495e-03 1.051041682328408000e-01
-7.534999178096760120e-03 1.027083348638067606e-01
-7.529999178223070744e-03 1.008333348358670806e-01
-7.524999178349381368e-03 9.875000147148967067e-02
-7.519999178475691992e-03 9.687500144354999065e-02
-7.514999178602002616e-03 9.510416808382918252e-02
-7.509999178728313241e-03 9.302083471945175874e-02
-7.504999178854623865e-03 9.104166802329322072e-02
-7.499999178980934489e-03 8.833333464960256565e-02
-7.494999179107245113e-03 8.677083462631950128e-02
-7.489999179233555737e-03 8.458333459372321950e-02
-7.484999179359866361e-03 8.250000122934579572e-02
-7.479999179486176986e-03 8.020833452853064205e-02
-7.474999179612487610e-03 7.833333450059096204e-02
-7.469999179738798234e-03 7.583333446333805072e-02
-7.464999179865108858e-03 7.385416776717951270e-02
-7.459999179991419482e-03 7.187500107102096081e-02
-7.454999180117730107e-03 7.000000104308128079e-02
-7.449999180244040731e-03 6.760416767404725524e-02
-7.444999180370351355e-03 6.520833430501321581e-02
-7.439999180496661979e-03 6.291666760419806215e-02
-7.434999180622972603e-03 6.093750090803951025e-02
-7.429999180749283227e-03 5.854166753900547776e-02
-7.424999180875593852e-03 5.656250084284693280e-02
-7.419999181001904476e-03 5.427083414203177220e-02
-7.414999181128215100e-03 5.208333410943548347e-02
-7.409999181254525724e-03 4.979166740862031593e-02
-7.404999181380836348e-03 4.822916738533725156e-02
-7.399999181507146973e-03 4.593750068452209095e-02
-7.394999181633457597e-03 4.354166731548805847e-02
-7.389999181759768221e-03 4.145833395111064162e-02
-7.384999181886078845e-03 3.927083391851435290e-02
-7.379999182012389469e-03 3.708333388591806418e-02
-7.374999182138700093e-03 3.500000052154064040e-02
-7.369999182265010718e-03 3.291666715716322356e-02
-7.364999182391321342e-03 3.125000046566128731e-02
-7.359999182517631966e-03 2.864583376018951105e-02
-7.354999182643942590e-03 2.666666706403096609e-02
-7.349999182770253214e-03 2.447916703143467390e-02
-7.344999182896563839e-03 2.281250033993273765e-02
-7.339999183022874463e-03 2.031250030267983675e-02
-7.334999183149185087e-03 1.854166694295903209e-02
-7.329999183275495711e-03 1.635416691036273990e-02
-7.324999183401806335e-03 1.427083354598532132e-02
-7.319999183528116959e-03 1.239583351804564477e-02
-7.314999183654427584e-03 1.020833348544935432e-02
-7.309999183780738208e-03 8.125000121071935741e-03
-7.304999183907048832e-03 6.041666756694515431e-03
-7.299999184033359456e-03 4.166666728754838019e-03
-7.294999184159670080e-03 2.291666700815161040e-03
-7.289999184285980705e-03 1.041666682188709613e-04
-7.284999184412291329e-03 -1.666666691501935381e-03
-7.279999184538601953e-03 -3.958333392317095988e-03
-7.274999184664912577e-03 -6.041666756694515431e-03
-7.269999184791223201e-03 -8.125000121071935741e-03
-7.264999184917533825e-03 -1.072916682654370853e-02
-7.259999185043844450e-03 -1.229166684982677289e-02
-7.254999185170155074e-03 -1.437500021420419147e-02
-7.249999185296465698e-03 -1.666666691501935207e-02
-7.244999185422776322e-03 -1.833333360652128832e-02
-7.239999185549086946e-03 -2.041666697089870863e-02
-7.234999185675397571e-03 -2.239583366705725706e-02
-7.229999185801708195e-03 -2.489583370431015796e-02
-7.224999185928018819e-03 -2.729166707334418698e-02
-7.219999186054329443e-03 -2.875000042840838294e-02
-7.214999186180640067e-03 -3.145833380209903107e-02
-7.209999186306950691e-03 -3.343750049825757603e-02
-7.204999186433261316e-03 -3.541666719441612793e-02
-7.199999186559571940e-03 -3.750000055879354477e-02
-7.194999186685882564e-03 -3.937500058673321784e-02
-7.189999186812193188e-03 -4.145833395111064162e-02
-7.184999186938503812e-03 -4.375000065192580223e-02
-7.179999187064814437e-03 -4.583333401630321907e-02
-7.174999187191125061e-03 -4.802083404889951473e-02
-7.169999187317435685e-03 -4.968750074040145098e-02
-7.164999187443746309e-03 -5.187500077299773971e-02
-7.159999187570056933e-03 -5.437500081025063714e-02
-7.154999187696367557e-03 -5.635416750640919598e-02
-7.149999187822678182e-03 -5.854166753900547776e-02
-7.144999187948988806e-03 -6.052083423516402966e-02
-7.139999188075299430e-03 -6.302083427241693403e-02
-7.134999188201610054e-03 -6.479166763213774216e-02
-7.129999188327920678e-03 -6.645833432363966453e-02
-7.124999188454231303e-03 -6.885416769267370396e-02
-7.119999188580541927e-03 -7.125000106170774339e-02
-7.114999188706852551e-03 -7.354166776252289706e-02
-7.109999188833163175e-03 -7.531250112224370519e-02
-7.104999188959473799e-03 -7.770833449127773074e-02
-7.099999189085784423e-03 -7.968750118743628263e-02
-7.094999189212095048e-03 -8.145833454715709077e-02
-7.089999189338405672e-03 -8.322916790687789890e-02
-7.084999189464716296e-03 -8.531250127125532268e-02
-7.079999189591026920e-03 -8.729166796741386070e-02
-7.074999189717337544e-03 -8.989583467288563001e-02
-7.069999189843648169e-03 -9.125000135973095061e-02
-7.064999189969958793e-03 -9.322916805588950251e-02
-7.059999190096269417e-03 -9.593750142958014371e-02
-7.054999190222580041e-03 -9.781250145751983760e-02
-7.049999190348890665e-03 -9.958333481724063185e-02
-7.044999190475201289e-03 -1.020833348544935293e-01
-7.039999190601511914e-03 -1.035416682095577356e-01
-7.034999190727822538e-03 -1.056250015739351455e-01
-7.029999190854133162e-03 -1.078125016065314412e-01
-7.024999190980443786e-03 -1.096875016344711212e-01
-7.019999191106754410e-03 -1.118750016670674030e-01
-7.014999191233065035e-03 -1.135416683585693531e-01
-7.009999191359375659e-03 -1.156250017229467630e-01
-7.004999191485686283e-03 -1.163541684004788662e-01
-6.999999191611996907e-03 -1.191666684423883793e-01
-6.994999191738307531e-03 -1.207291684656714437e-01
-6.989999191864618155e-03 -1.226041684936111237e-01
-6.984999191990928780e-03 -1.244791685215508037e-01
-6.979999192117239404e-03 -1.269791685588037011e-01
-6.974999192243550028e-03 -1.278125019045546484e-01
-6.969999192369860652e-03 -1.301041686053698299e-01
-6.964999192496171276e-03 -1.321875019697472398e-01
-6.959999192622481901e-03 -1.338541686612491899e-01
-6.954999192748792525e-03 -1.352083353480945105e-01
-6.949999192875103149e-03 -1.375000020489096642e-01
-6.944999193001413773e-03 -1.388541687357549848e-01
-6.939999193127724397e-03 -1.408333354319135367e-01
-6.934999193254035021e-03 -1.423958354551966010e-01
-6.929999193380345646e-03 -1.445833354877928967e-01
-6.924999193506656270e-03 -1.462500021792948190e-01
-6.919999193632966894e-03 -1.477083355343590254e-01
-6.914999193759277518e-03 -1.494791688940798335e-01
-6.909999193885588142e-03 -1.510416689173628979e-01
-6.904999194011898767e-03 -1.527083356088648203e-01
-6.899999194138209391e-03 -1.540625022957101409e-01
-6.894999194264520015e-03 -1.560416689918686928e-01
-6.889999194390830639e-03 -1.577083356833706429e-01
-6.884999194517141263e-03 -1.594791690430914233e-01
-6.879999194643451887e-03 -1.608333357299367716e-01
-6.874999194769762512e-03 -1.629166690943141815e-01
-6.869999194896073136e-03 -1.644791691175972459e-01
-6.864999195022383760e-03 -1.655208357997859647e-01
-6.859999195148694384e-03 -1.668750024866312576e-01
-6.854999195275005008e-03 -1.685416691781332077e-01
-6.849999195401315633e-03 -1.697916691967596703e-01
-6.844999195527626257e-03 -1.710416692153861051e-01
-6.839999195653936881e-03 -1.721875025657937097e-01
-6.834999195780247505e-03 -1.737500025890767741e-01
-6.829999195906558129e-03 -1.753125026123598384e-01
-6.824999196032868753e-03 -1.762500026263296438e-01
-6.819999196159179378e-03 -1.776041693131749921e-01
-6.814999196285490002e-03 -1.791666693364580565e-01
-6.809999196411800626e-03 -1.804166693550844913e-01
-6.804999196538111250e-03 -1.814583360372732102e-01
-6.799999196664421874e-03 -1.823958360512430432e-01
-6.794999196790732499e-03 -1.838541694063072496e-01
-6.789999196917043123e-03 -1.846875027520582246e-01
-6.784999197043353747e-03 -1.857291694342469157e-01
-6.779999197169664371e-03 -1.868750027846544925e-01
-6.774999197295974995e-03 -1.879166694668432114e-01
-6.769999197422285619e-03 -1.887500028125941587e-01
-6.764999197548596244e-03 -1.902083361676583650e-01
-6.759999197674906868e-03 -1.906250028405338526e-01
-6.754999197801217492e-03 -1.916666695227225714e-01
-6.749999197927528116e-03 -1.920833361955980589e-01
-6.744999198053838740e-03 -1.934375028824433518e-01
-6.739999198180149365e-03 -1.939583362235377251e-01
-6.734999198306459989e-03 -1.952083362421641877e-01
-6.729999198432770613e-03 -1.959375029196962770e-01
-6.724999198559081237e-03 -1.963541695925717645e-01
-6.719999198685391861e-03 -1.969791696018849680e-01
-6.714999198811702485e-03 -1.971875029383227396e-01
-6.709999198938013110e-03 -1.978125029476359431e-01
-6.704999199064323734e-03 -1.985416696251680324e-01
-6.699999199190634358e-03 -1.990625029662624057e-01
-6.694999199316944982e-03 -1.994791696391378932e-01
-6.689999199443255606e-03 -2.000000029802322388e-01
-6.684999199569566231e-03 -2.005208363213266121e-01
-6.679999199695876855e-03 -2.001041696484510968e-01
-6.674999199822187479e-03 -2.006250029895454701e-01
-6.669999199948498103e-03 -2.010416696624209298e-01
-6.664999200074808727e-03 -2.017708363399530469e-01
-6.659999200201119351e-03 -2.017708363399530469e-01
-6.654999200327429976e-03 -2.020833363446096764e-01
-6.649999200453740600e-03 -2.018750030081719049e-01
-6.644999200580051224e-03 -2.022916696810473924e-01
-6.639999200706361848e-03 -2.023958363492662782e-01
-6.634999200832672472e-03 -2.028125030221417657e-01
-6.629999200958983097e-03 -2.023958363492662782e-01
-6.624999201085293721e-03 -2.027083363539228522e-01
-6.619999201211604345e-03 -2.022916696810473924e-01
-6.614999201337914969e-03 -2.027083363539228522e-01
-6.609999201464225593e-03 -2.019791696763908184e-01
-6.604999201590536217e-03 -2.023958363492662782e-01
-6.599999201716846842e-03 -2.005208363213266121e-01
-6.594999201843157466e-03 -2.019791696763908184e-01
-6.589999201969468090e-03 -2.018750030081719049e-01
-6.584999202095778714e-03 -2.016666696717341611e-01
-6.579999202222089338e-03 -2.014583363352964451e-01
-6.574999202348399963e-03 -2.011458363306397878e-01
-6.569999202474710587e-03 -2.009375029942020718e-01
-6.564999202601021211e-03 -2.005208363213266121e-01
-6.559999202727331835e-03 -2.000000029802322388e-01
-6.554999202853642459e-03 -1.992708363027001495e-01
-6.549999202979953083e-03 -1.990625029662624057e-01
-6.544999203106263708e-03 -1.985416696251680324e-01
-6.539999203232574332e-03 -1.978125029476359431e-01
-6.534999203358884956e-03 -1.980208362840736869e-01
-6.529999203485195580e-03 -1.967708362654472520e-01
-6.524999203611506204e-03 -1.965625029290094805e-01
-6.519999203737816829e-03 -1.957291695832585332e-01
-6.514999203864127453e-03 -1.954166695786019037e-01
-6.509999203990438077e-03 -1.944791695646320706e-01
-6.504999204116748701e-03 -1.938541695553188393e-01
-6.499999204243059325e-03 -1.927083362049112625e-01
-6.494999204369369949e-03 -1.917708361909414294e-01
-6.489999204495680574e-03 -1.911458361816281981e-01
-6.484999204621991198e-03 -1.906250028405338526e-01
-6.479999204748301822e-03 -1.890625028172507882e-01
-6.474999204874612446e-03 -1.887500028125941587e-01
-6.469999205000923070e-03 -1.880208361350620694e-01
-6.464999205127233695e-03 -1.870833361210922363e-01
-6.459999205253544319e-03 -1.858333361024658015e-01
-6.454999205379854943e-03 -1.853125027613714282e-01
-6.449999205506165567e-03 -1.845833360838393389e-01
-6.444999205632476191e-03 -1.835416694016506201e-01
-6.439999205758786816e-03 -1.825000027194619012e-01
-6.434999205885097440e-03 -1.813541693690543244e-01
-6.429999206011408064e-03 -1.806250026915222351e-01
-6.424999206137718688e-03 -1.793750026728957725e-01
-6.419999206264029312e-03 -1.783333359907070814e-01
-6.414999206390339936e-03 -1.771875026402995046e-01
-6.409999206516650561e-03 -1.760416692898919278e-01
-6.404999206642961185e-03 -1.753125026123598384e-01
-6.399999206769271809e-03 -1.745833359348277214e-01
-6.394999206895582433e-03 -1.730208359115446570e-01
-6.389999207021893057e-03 -1.723958359022314257e-01
-6.384999207148203682e-03 -1.710416692153861051e-01
-6.379999207274514306e-03 -1.702083358696351578e-01
-6.374999207400824930e-03 -1.685416691781332077e-01
-6.369999207527135554e-03 -1.673958358277256309e-01
-6.364999207653446178e-03 -1.668750024866312576e-01
-6.359999207779756802e-03 -1.657291691362236807e-01
-6.354999207906067427e-03 -1.643750024493783879e-01
-6.349999208032378051e-03 -1.637500024400651288e-01
-6.344999208158688675e-03 -1.628125024260953235e-01
-6.339999208284999299e-03 -1.611458357345933734e-01
-6.334999208411309923e-03 -1.602083357206235403e-01
-6.329999208537620548e-03 -1.588541690337782197e-01
-6.324999208663931172e-03 -1.582291690244649884e-01
-6.319999208790241796e-03 -1.567708356694007821e-01
-6.314999208916552420e-03 -1.556250023189932052e-01
-6.309999209042863044e-03 -1.540625022957101409e-01
-6.304999209169173668e-03 -1.537500022910535391e-01
-6.299999209295484293e-03 -1.521875022677704747e-01
-6.294999209421794917e-03 -1.496875022305175496e-01
-6.289999209548105541e-03 -1.501041689033930371e-01
-6.284999209674416165e-03 -1.491666688894232040e-01
-6.279999209800726789e-03 -1.481250022072344852e-01
-6.274999209927037414e-03 -1.467708355203891923e-01
-6.269999210053348038e-03 -1.456250021699816155e-01
-6.264999210179658662e-03 -1.448958354924494984e-01
-6.259999210305969286e-03 -1.432291688009475761e-01
-6.254999210432279910e-03 -1.423958354551966010e-01
-6.249999210558590534e-03 -1.415625021094456260e-01
-6.244999210684901159e-03 -1.398958354179437036e-01
-6.239999210811211783e-03 -1.388541687357549848e-01
-6.234999210937522407e-03 -1.379166687217851517e-01
-6.229999211063833031e-03 -1.369791687078153186e-01
-6.224999211190143655e-03 -1.358333353574077418e-01
-6.219999211316454280e-03 -1.350000020116567667e-01
-6.214999211442764904e-03 -1.337500019930303041e-01
-6.209999211569075528e-03 -1.328125019790604711e-01
-6.204999211695386152e-03 -1.316666686286528942e-01
-6.199999211821696776e-03 -1.301041686053698299e-01
-6.194999211948007400e-03 -1.294791685960565986e-01
-6.189999212074318025e-03 -1.280208352409924200e-01
-6.184999212200628649e-03 -1.276041685681169324e-01
-6.179999212326939273e-03 -1.257291685401772385e-01
-6.174999212453249897e-03 -1.247916685262073916e-01
-6.169999212579560521e-03 -1.235416685075809567e-01
-6.164999212705871146e-03 -1.227083351618299817e-01
-6.159999212832181770e-03 -1.217708351478601486e-01
-6.154999212958492394e-03 -1.206250017974525718e-01
-6.149999213084803018e-03 -1.192708351106072373e-01
-6.144999213211113642e-03 -1.185416684330751341e-01
-6.139999213337424266e-03 -1.177083350873241729e-01
-6.134999213463734891e-03 -1.169791684097920698e-01
-6.129999213590045515e-03 -1.160416683958222506e-01
-6.124999213716356139e-03 -1.146875017089769300e-01
-6.119999213842666763e-03 -1.137500016950070830e-01
-6.114999213968977387e-03 -1.130208350174749798e-01
-6.109999214095288012e-03 -1.122916683399428767e-01
-6.104999214221598636e-03 -1.112500016577541856e-01
-6.099999214347909260e-03 -1.107291683166598123e-01
-6.094999214474219884e-03 -1.098958349709088511e-01
-6.089999214600530508e-03 -1.084375016158446725e-01
-6.084999214726841132e-03 -1.076041682700936836e-01
-6.079999214853151757e-03 -1.068750015925616081e-01
-6.074999214979462381e-03 -1.057291682421540313e-01
-6.069999215105773005e-03 -1.054166682374974157e-01
-6.064999215232083629e-03 -1.040625015506520812e-01
-6.059999215358394253e-03 -1.032291682049011200e-01
-6.054999215484704878e-03 -1.028125015320256325e-01
-6.049999215611015502e-03 -1.021875015227124150e-01
-6.044999215737326126e-03 -1.011458348405236962e-01
-6.039999215863636750e-03 -1.005208348312104649e-01
-6.034999215989947374e-03 -9.947916814902175997e-02
-6.029999216116257998e-03 -9.875000147148967067e-02
-6.024999216242568623e-03 -9.822916813039531125e-02
-6.019999216368879247e-03 -9.708333477998773442e-02
-6.014999216495189871e-03 -9.718750144820660630e-02
-6.009999216621500495e-03 -9.562500142492354194e-02
-6.004999216747811119e-03 -9.531250142026692629e-02
-5.999999216874121744e-03 -9.437500140629707934e-02
-5.994999217000432368e-03 -9.406250140164047757e-02
-5.989999217126742992e-03 -9.291666805123290074e-02
-5.984999217253053616e-03 -9.239583471013854132e-02
-5.979999217379364240e-03 -9.166666803260643814e-02
-5.974999217505674864e-03 -9.083333468685547696e-02
-5.969999217631985489e-03 -9.052083468219886131e-02
-5.964999217758296113e-03 -8.947916800001015636e-02
-5.959999217884606737e-03 -8.864583465425918130e-02
-5.954999218010917361e-03 -8.812500131316482188e-02
-5.949999218137227985e-03 -8.708333463097611693e-02
-5.944999218263538610e-03 -8.697916796275724505e-02
-5.939999218389849234e-03 -8.635416795344402763e-02
-5.934999218516159858e-03 -8.614583461700628386e-02
-5.929999218642470482e-03 -8.552083460769305256e-02
-5.924999218768781106e-03 -8.458333459372321950e-02
-5.919999218895091730e-03 -8.427083458906660385e-02
-5.914999219021402355e-03 -8.385416791619111632e-02
-5.909999219147712979e-03 -8.291666790222128325e-02
-5.904999219274023603e-03 -8.239583456112692383e-02
-5.899999219400334227e-03 -8.177083455181370641e-02
-5.894999219526644851e-03 -8.125000121071934700e-02
-5.889999219652955476e-03 -8.093750120606273135e-02
-5.884999219779266100e-03 -8.062500120140612958e-02
-5.879999219905576724e-03 -7.979166785565515452e-02
-5.874999220031887348e-03 -7.916666784634192322e-02
-5.869999220158197972e-03 -7.864583450524757768e-02
-5.864999220284508596e-03 -7.843750116880983392e-02
-5.859999220410819221e-03 -7.750000115484000085e-02
-5.854999220537129845e-03 -7.708333448196451332e-02
-5.849999220663440469e-03 -7.677083447730789767e-02
-5.844999220789751093e-03 -7.635416780443241014e-02
-5.839999220916061717e-03 -7.604166779977579449e-02
-5.834999221042372342e-03 -7.510416778580596142e-02
-5.829999221168682966e-03 -7.479166778114934577e-02
-5.824999221294993590e-03 -7.427083444005498636e-02
-5.819999221421304214e-03 -7.375000109896064082e-02
-5.814999221547614838e-03 -7.260416774855306399e-02
-5.809999221673925462e-03 -7.291666775320966576e-02
-5.804999221800236087e-03 -7.229166774389644834e-02
-5.799999221926546711e-03 -7.197916773923983269e-02
-5.794999222052857335e-03 -7.125000106170774339e-02
-5.789999222179167959e-03 -7.114583439348885763e-02
-5.784999222305478583e-03 -7.104166772526999962e-02
-5.779999222431789208e-03 -7.031250104773789644e-02
-5.774999222558099832e-03 -6.989583437486240891e-02
-5.769999222684410456e-03 -6.958333437020579326e-02
-5.764999222810721080e-03 -6.895833436089257584e-02
-5.759999222937031704e-03 -6.885416769267370396e-02
-5.754999223063342328e-03 -6.843750101979821643e-02
-5.749999223189652953e-03 -6.760416767404725524e-02
-5.744999223315963577e-03 -6.750000100582838336e-02
-5.739999223442274201e-03 -6.718750100117176771e-02
-5.734999223568584825e-03 -6.656250099185855029e-02
-5.729999223694895449e-03 -6.635416765542080653e-02
-5.724999223821206074e-03 -6.604166765076419088e-02
-5.719999223947516698e-03 -6.562500097788870335e-02
-5.714999224073827322e-03 -6.541666764145095958e-02
-5.709999224200137946e-03 -6.572916764610757523e-02
-5.704999224326448570e-03 -6.468750096391885640e-02
-5.699999224452759194e-03 -6.406250095460563898e-02
-5.694999224579069819e-03 -6.395833428638676710e-02
-5.689999224705380443e-03 -6.343750094529242156e-02
-5.684999224831691067e-03 -6.333333427707353580e-02
-5.679999224958001691e-03 -6.302083427241693403e-02
-5.674999225084312315e-03 -6.208333425844709402e-02
-5.669999225210622940e-03 -6.177083425379047837e-02
-5.664999225336933564e-03 -6.187500092200935026e-02
-5.659999225463244188e-03 -6.145833424913386966e-02
-5.654999225589554812e-03 -6.083333423982063143e-02
-5.649999225715865436e-03 -6.052083423516402966e-02
-5.644999225842176060e-03 -5.968750088941306153e-02
-5.639999225968486685e-03 -5.937500088475644588e-02
-5.634999226094797309e-03 -5.875000087544322153e-02
-5.629999226221107933e-03 -5.864583420722434964e-02
-5.624999226347418557e-03 -5.802083419791112529e-02
-5.619999226473729181e-03 -5.770833419325450270e-02
-5.614999226600039806e-03 -5.750000085681676587e-02
-5.609999226726350430e-03 -5.708333418394128528e-02
-5.604999226852661054e-03 -5.656250084284693280e-02
-5.599999226978971678e-03 -5.645833417462806092e-02
-5.594999227105282302e-03 -5.614583416997143833e-02
-5.589999227231592926e-03 -5.541666749243934903e-02
-5.584999227357903551e-03 -5.468750081490725279e-02
-5.579999227484214175e-03 -5.468750081490725279e-02
-5.574999227610524799e-03 -5.385416746915628466e-02
-5.569999227736835423e-03 -5.354166746449966902e-02
-5.564999227863146047e-03 -5.312500079162418842e-02
-5.559999227989456672e-03 -5.239583411409209218e-02
-5.554999228115767296e-03 -5.239583411409209218e-02
-5.549999228242077920e-03 -5.239583411409209218e-02
-5.544999228368388544e-03 -5.156250076834112406e-02
-5.539999228494699168e-03 -5.114583409546564347e-02
-5.534999228621009792e-03 -5.104166742724676464e-02
-5.529999228747320417e-03 -5.052083408615241911e-02
-5.524999228873631041e-03 -4.989583407683918781e-02
-5.519999228999941665e-03 -4.927083406752596345e-02
-5.514999229126252289e-03 -4.958333407218257910e-02
-5.509999229252562913e-03 -4.875000072643160404e-02
-5.504999229378873538e-03 -4.822916738533725156e-02
-5.499999229505184162e-03 -4.843750072177499533e-02
-5.494999229631494786e-03 -4.739583403958628344e-02
-5.489999229757805410e-03 -4.718750070314853967e-02
-5.484999229884116034e-03 -4.677083403027305908e-02
-5.479999230010426658e-03 -4.604166735274096284e-02
-5.474999230136737283e-03 -4.593750068452209095e-02
-5.469999230263047907e-03 -4.541666734342773848e-02
-5.464999230389358531e-03 -4.510416733877112283e-02
-5.459999230515669155e-03 -4.416666732480128282e-02
-5.454999230641979779e-03 -4.437500066123902659e-02
-5.449999230768290404e-03 -4.343750064726919352e-02
-5.444999230894601028e-03 -4.302083397439370599e-02
-5.439999231020911652e-03 -4.270833396973709034e-02
-5.434999231147222276e-03 -4.187500062398612916e-02
-5.429999231273532900e-03 -4.083333394179741727e-02
-5.424999231399843524e-03 -4.114583394645402598e-02
-5.419999231526154149e-03 -4.072916727357854538e-02
-5.414999231652464773e-03 -4.010416726426532102e-02
-5.409999231778775397e-03 -4.000000059604644914e-02
-5.404999231905086021e-03 -3.895833391385773725e-02
-5.399999232031396645e-03 -3.916666725029548102e-02
-5.394999232157707270e-03 -3.843750057276338478e-02
-5.389999232284017894e-03 -3.812500056810676913e-02
-5.384999232410328518e-03 -3.739583389057467289e-02
-5.379999232536639142e-03 -3.687500054948032041e-02
-5.374999232662949766e-03 -3.645833387660483288e-02
-5.369999232789260390e-03 -3.614583387194822417e-02
-5.364999232915571015e-03 -3.541666719441612793e-02
-5.359999233041881639e-03 -3.479166718510289663e-02
-5.354999233168192263e-03 -3.437500051222741604e-02
-5.349999233294502887e-03 -3.375000050291419168e-02
-5.344999233420813511e-03 -3.375000050291419168e-02
-5.339999233547124136e-03 -3.302083382538209544e-02
-5.334999233673434760e-03 -3.260416715250660791e-02
-5.329999233799745384e-03 -3.239583381606887108e-02
-5.324999233926056008e-03 -3.166666713853676790e-02
-5.319999234052366632e-03 -3.093750046100467513e-02
-5.314999234178677257e-03 -3.072916712456693483e-02
-5.309999234304987881e-03 -2.989583377881596324e-02
-5.304999234431298505e-03 -2.979166711059709483e-02
-5.299999234557609129e-03 -2.885416709662725135e-02
-5.294999234683919753e-03 -2.812500041909515858e-02
-5.289999234810230377e-03 -2.760416707800080610e-02
-5.284999234936541002e-03 -2.718750040512531857e-02
-5.279999235062851626e-03 -2.666666706403096609e-02
-5.274999235189162250e-03 -2.645833372759322233e-02
-5.269999235315472874e-03 -2.583333371828000144e-02
-5.264999235441783498e-03 -2.510416704074790173e-02
-5.259999235568094123e-03 -2.489583370431015796e-02
-5.254999235694404747e-03 -2.427083369499693360e-02
-5.249999235820715371e-03 -2.354166701746483736e-02
-5.244999235947025995e-03 -2.322916701280822518e-02
-5.239999236073336619e-03 -2.281250033993273765e-02
-5.234999236199647243e-03 -2.218750033061951329e-02
-5.229999236325957868e-03 -2.177083365774402923e-02
-5.224999236452268492e-03 -2.104166698021193299e-02
-5.219999236578579116e-03 -2.093750031199306458e-02
-5.214999236704889740e-03 -2.020833363446096487e-02
-5.209999236831200364e-03 -1.958333362514774051e-02
-5.204999236957510989e-03 -1.906250028405338456e-02
-5.199999237083821613e-03 -1.875000027939677238e-02
-5.194999237210132237e-03 -1.864583361117790050e-02
-5.189999237336442861e-03 -1.781250026542693585e-02
-5.184999237462753485e-03 -1.739583359255144832e-02
-5.179999237589064109e-03 -1.677083358323822396e-02
-5.174999237715374734e-03 -1.625000024214387148e-02
-5.169999237841685358e-03 -1.593750023748725583e-02
-5.164999237967995982e-03 -1.541666689639290162e-02
-5.159999238094306606e-03 -1.406250020954757929e-02
-5.154999238220617230e-03 -1.406250020954757929e-02
-5.149999238346927855e-03 -1.375000020489096711e-02
-5.144999238473238479e-03 -1.281250019092112710e-02
-5.139999238599549103e-03 -1.260416685448338507e-02
-5.134999238725859727e-03 -1.156250017229467665e-02
-5.129999238852170351e-03 -1.135416683585693462e-02
-5.124999238978480975e-03 -1.114583349941919259e-02
-5.119999239104791600e-03 -1.104166683120032071e-02
-5.114999239231102224e-03 -1.052083349010596650e-02
-5.109999239357412848e-03 -9.791666812573870254e-03
-5.104999239483723472e-03 -9.062500135041772278e-03
-5.099999239610034096e-03 -8.750000130385160099e-03
-5.094999239736344721e-03 -7.812500116415321827e-03
-5.089999239862655345e-03 -7.604166779977578929e-03
-5.084999239988965969e-03 -6.979166770664354570e-03
-5.079999240115276593e-03 -6.354166761351128477e-03
-5.074999240241587217e-03 -5.833333420256773399e-03
-5.069999240367897841e-03 -5.937500088475644415e-03
-5.064999240494208466e-03 -4.791666738068064112e-03
-5.059999240620519090e-03 -4.166666728754838019e-03
-5.054999240746829714e-03 -3.645833387660483808e-03
-5.049999240873140338e-03 -3.437500051222741777e-03
-5.044999240999450962e-03 -3.020833378347257715e-03
-5.039999241125761587e-03 -2.500000037252903071e-03
-5.034999241252072211e-03 -1.458333355064193350e-03
-5.029999241378382835e-03 -1.666666691501935381e-03
-5.024999241504693459e-03 -1.458333355064193350e-03
-5.019999241631004083e-03 -8.333333457509676905e-04
-5.014999241757314707e-03 -4.166666728754838452e-04
-5.009999241883625332e-03 4.166666728754838452e-04
-5.004999242009935956e-03 6.250000093132257678e-04
-4.999999242136246580e-03 1.250000018626451536e-03
-4.994999242262557204e-03 1.250000018626451536e-03
-4.989999242388867828e-03 1.979166696158547994e-03
-4.984999242515178453e-03 2.187500032596290025e-03
-4.979999242641489077e-03 2.604166705471774087e-03
-4.974999242767799701e-03 3.125000046566128731e-03
-4.969999242894110325e-03 3.437500051222741777e-03
-4.964999243020420949e-03 3.854166724098225406e-03
-4.959999243146731573e-03 4.479166733411451065e-03
-4.954999243273042198e-03 4.479166733411451065e-03
-4.949999243399352822e-03 4.791666738068064112e-03
-4.944999243525663446e-03 5.625000083819032236e-03
-4.939999243651974070e-03 5.833333420256773399e-03
-4.934999243778284694e-03 6.041666756694515431e-03
-4.929999243904595319e-03 6.250000093132257462e-03
-4.924999244030905943e-03 6.875000102445483555e-03
-4.919999244157216567e-03 7.395833443539837765e-03
-4.914999244283527191e-03 7.812500116415321827e-03
-4.909999244409837815e-03 8.645833462166289951e-03
-4.904999244536148439e-03 8.437500125728547920e-03
-4.899999244662459064e-03 8.958333466822902130e-03
-4.894999244788769688e-03 9.062500135041772278e-03
-4.889999244915080312e-03 1.041666682188709635e-02
-4.884999245041390936e-03 9.791666812573870254e-03
-4.879999245167701560e-03 1.062500015832483664e-02
-4.874999245294012185e-03 1.072916682654370853e-02
-4.869999245420322809e-03 1.104166683120032071e-02
-4.864999245546633433e-03 1.177083350873241868e-02
-4.859999245672944057e-03 1.239583351804564477e-02
-4.854999245799254681e-03 1.229166684982677289e-02
-4.849999245925565305e-03 1.250000018626451492e-02
-4.844999246051875930e-03 1.333333353201548305e-02
-4.839999246178186554e-03 1.343750020023435320e-02
-4.834999246304497178e-03 1.354166686845322334e-02
-4.829999246430807802e-03 1.385416687310983726e-02
-4.824999246557118426e-03 1.427083354598532132e-02
-4.819999246683429051e-03 1.531250022817403147e-02
-4.814999246809739675e-03 1.520833355995515786e-02
-4.809999246936050299e-03 1.552083356461177351e-02
-4.804999247062360923e-03 1.604166690570612772e-02
-4.799999247188671547e-03 1.625000024214387148e-02
-4.794999247314982171e-03 1.677083358323822396e-02
-4.789999247441292796e-03 1.697916691967596772e-02
-4.784999247567603420e-03 1.718750025611370802e-02
-4.779999247693914044e-03 1.802083360186467614e-02
-4.774999247820224668e-03 1.760416692898919208e-02
-4.769999247946535292e-03 1.854166694295903209e-02
-4.764999248072845917e-03 1.843750027474016021e-02
-4.759999248199156541e-03 1.875000027939677238e-02
-4.754999248325467165e-03 1.885416694761564427e-02
-4.749999248451777789e-03 1.958333362514774051e-02
-4.744999248578088413e-03 1.958333362514774051e-02
-4.739999248704399037e-03 2.000000029802322457e-02
-4.734999248830709662e-03 2.052083363911757705e-02
-4.729999248957020286e-03 2.031250030267983675e-02
-4.724999249083330910e-03 2.093750031199306458e-02
-4.719999249209641534e-03 2.166666698952516082e-02
-4.714999249335952158e-03 2.166666698952516082e-02
-4.709999249462262783e-03 2.197916699418177300e-02
-4.704999249588573407e-03 2.187500032596290112e-02
-4.699999249714884031e-03 2.250000033527612894e-02
-4.694999249841194655e-03 2.270833367171386924e-02
-4.689999249967505279e-03 2.291666700815160954e-02
-4.684999250093815903e-03 2.343750034924596548e-02
-4.679999250220126528e-03 2.343750034924596548e-02
-4.674999250346437152e-03 2.375000035390257766e-02
-4.669999250472747776e-03 2.406250035855919331e-02
-4.664999250599058400e-03 2.375000035390257766e-02
-4.659999250725369024e-03 2.406250035855919331e-02
-4.654999250851679649e-03 2.395833369034032143e-02
-4.649999250977990273e-03 2.489583370431015796e-02
-4.644999251104300897e-03 2.520833370896677014e-02
-4.639999251230611521e-03 2.572916705006112262e-02
-4.634999251356922145e-03 2.604166705471774174e-02
-4.629999251483232769e-03 2.604166705471774174e-02
-4.624999251609543394e-03 2.593750038649886985e-02
-4.619999251735854018e-03 2.635416705937435392e-02
-4.614999251862164642e-03 2.697916706868757827e-02
-4.609999251988475266e-03 2.718750040512531857e-02
-4.604999252114785890e-03 2.729166707334418698e-02
-4.599999252241096515e-03 2.697916706868757827e-02
-4.594999252367407139e-03 2.791666708265741828e-02
-4.589999252493717763e-03 2.812500041909515858e-02
-4.584999252620028387e-03 2.822916708731403046e-02
-4.579999252746339011e-03 2.927083376950273888e-02
-4.574999252872649635e-03 2.916666710128387047e-02
-4.569999252998960260e-03 2.968750044237822294e-02
-4.564999253125270884e-03 2.937500043772161076e-02
-4.559999253251581508e-03 3.000000044703483512e-02
-4.554999253377892132e-03 3.052083378812919454e-02
-4.549999253504202756e-03 3.093750046100467513e-02
-4.544999253630513381e-03 3.125000046566128731e-02
-4.539999253756824005e-03 3.093750046100467513e-02
-4.534999253883134629e-03 3.135416713388015919e-02
-4.529999254009445253e-03 3.125000046566128731e-02
-4.524999254135755877e-03 3.166666713853676790e-02
-4.519999254262066501e-03 3.239583381606887108e-02
-4.514999254388377126e-03 3.281250048894435167e-02
-4.509999254514687750e-03 3.260416715250660791e-02
-4.504999254640998374e-03 3.333333383003870415e-02
-4.499999254767308998e-03 3.333333383003870415e-02
-4.494999254893619622e-03 3.385416717113306356e-02
-4.489999255019930247e-03 3.375000050291419168e-02
-4.484999255146240871e-03 3.458333384866515980e-02
-4.479999255272551495e-03 3.437500051222741604e-02
-4.474999255398862119e-03 3.489583385332176851e-02
-4.469999255525172743e-03 3.572916719907273664e-02
-4.464999255651483367e-03 3.552083386263499981e-02
-4.459999255777793992e-03 3.583333386729160852e-02
-4.454999255904104616e-03 3.583333386729160852e-02
-4.449999256030415240e-03 3.656250054482370476e-02
-4.444999256156725864e-03 3.666666721304257665e-02
-4.439999256283036488e-03 3.718750055413693606e-02
-4.434999256409347113e-03 3.739583389057467289e-02
-4.429999256535657737e-03 3.781250056345015348e-02
-4.424999256661968361e-03 3.781250056345015348e-02
-4.419999256788278985e-03 3.791666723166902536e-02
-4.414999256914589609e-03 3.875000057742000042e-02
-4.409999257040900233e-03 3.906250058207660913e-02
-4.404999257167210858e-03 3.937500058673321784e-02
-4.399999257293521482e-03 3.958333392317096161e-02
-4.394999257419832106e-03 3.989583392782757726e-02
-4.389999257546142730e-03 4.041666726892192973e-02
-4.384999257672453354e-03 4.125000061467289786e-02
-4.379999257798763979e-03 4.093750061001628221e-02
-4.374999257925074603e-03 4.125000061467289786e-02
-4.369999258051385227e-03 4.187500062398612916e-02
-4.364999258177695851e-03 4.229166729686160975e-02
-4.359999258304006475e-03 4.250000063329934658e-02
-4.354999258430317099e-03 4.291666730617483411e-02
-4.349999258556627724e-03 4.375000065192580223e-02
-4.344999258682938348e-03 4.395833398836354600e-02
-4.339999258809248972e-03 4.406250065658241094e-02
-4.334999258935559596e-03 4.468750066589564224e-02
-4.329999259061870220e-03 4.520833400698999471e-02
-4.324999259188180845e-03 4.593750068452209095e-02
-4.319999259314491469e-03 4.625000068917870660e-02
-4.314999259440802093e-03 4.625000068917870660e-02
-4.309999259567112717e-03 4.729166737136741155e-02
-4.304999259693423341e-03 4.770833404424289909e-02
-4.299999259819733965e-03 4.770833404424289909e-02
-4.294999259946044590e-03 4.864583405821273909e-02
-4.289999260072355214e-03 4.906250073108821969e-02
-4.284999260198665838e-03 4.989583407683918781e-02
-4.279999260324976462e-03 5.072916742259015593e-02
-4.274999260451287086e-03 5.104166742724676464e-02
-4.269999260577597711e-03 5.166666743656000288e-02
-4.264999260703908335e-03 5.166666743656000288e-02
-4.259999260830218959e-03 5.218750077765434842e-02
-4.254999260956529583e-03 5.322916745984306724e-02
-4.249999261082840207e-03 5.427083414203177220e-02
-4.244999261209150831e-03 5.437500081025063714e-02
-4.239999261335461456e-03 5.541666749243934903e-02
-4.234999261461772080e-03 5.552083416065822091e-02
-4.229999261588082704e-03 5.645833417462806092e-02
-4.224999261714393328e-03 5.729166752037902210e-02
-4.219999261840703952e-03 5.770833419325450270e-02
-4.214999261967014577e-03 5.864583420722434964e-02
-4.209999262093325201e-03 5.906250088009983024e-02
-4.204999262219635825e-03 5.989583422585080530e-02
-4.199999262345946449e-03 6.062500090338289460e-02
-4.194999262472257073e-03 6.135416758091499084e-02
-4.189999262598567698e-03 6.208333425844709402e-02
-4.184999262724878322e-03 6.239583426310369579e-02
-4.179999262851188946e-03 6.375000094994902333e-02
-4.174999262977499570e-03 6.458333429569999840e-02
-4.169999263103810194e-03 6.489583430035660017e-02
-4.164999263230120818e-03 6.552083430966983146e-02
-4.159999263356431443e-03 6.645833432363966453e-02
-4.154999263482742067e-03 6.729166766939063959e-02
-4.149999263609052691e-03 6.812500101514161466e-02
-4.144999263735363315e-03 6.833333435157934455e-02
-4.139999263861673939e-03 6.927083436554919149e-02
-4.134999263987984564e-03 7.052083438417564021e-02
-4.129999264114295188e-03 7.125000106170774339e-02
-4.124999264240605812e-03 7.239583441211532022e-02
-4.119999264366916436e-03 7.302083442142853764e-02
-4.114999264493227060e-03 7.406250110361724259e-02
-4.109999264619537684e-03 7.458333444471160201e-02
-4.104999264745848309e-03 7.562500112690030696e-02
-4.099999264872158933e-03 7.635416780443241014e-02
-4.094999264998469557e-03 7.718750115018337132e-02
-4.089999265124780181e-03 7.812500116415321827e-02
-4.084999265251090805e-03 7.958333451921741075e-02
-4.079999265377401430e-03 8.031250119674950005e-02
-4.074999265503712054e-03 8.114583454250047512e-02
-4.069999265630022678e-03 8.177083455181370641e-02
-4.064999265756333302e-03 8.364583457975337255e-02
-4.059999265882643926e-03 8.437500125728547573e-02
-4.054999266008954550e-03 8.510416793481757891e-02
-4.049999266135265175e-03 8.562500127591192445e-02
-4.044999266261575799e-03 8.697916796275724505e-02
-4.039999266387886423e-03 8.843750131782145141e-02
-4.034999266514197047e-03 8.958333466822902824e-02
-4.029999266640507671e-03 9.020833467754224566e-02
-4.024999266766818296e-03 9.177083470082531003e-02
-4.019999266893128920e-03 9.291666805123290074e-02
-4.014999267019439544e-03 9.406250140164047757e-02
-4.009999267145750168e-03 9.479166807917256687e-02
-4.004999267272060792e-03 9.635416810245563124e-02
-3.999999267398371416e-03 9.739583478464435007e-02
-3.994999267524682041e-03 9.875000147148967067e-02
-3.989999267650992665e-03 9.989583482189724750e-02
-3.984999267777303289e-03 1.007291681676482226e-01
-3.979999267903613913e-03 1.021875015227124150e-01
-3.974999268029924537e-03 1.033333348731200058e-01
-3.969999268156235162e-03 1.044791682235275548e-01
-3.964999268282545786e-03 1.058333349103728893e-01
-3.959999268408856410e-03 1.067708349243427224e-01
-3.954999268535167034e-03 1.081250016111880569e-01
-3.949999268661477658e-03 1.092708349615956337e-01
-3.944999268787788282e-03 1.107291683166598123e-01
-3.939999268914098907e-03 1.118750016670674030e-01
-3.934999269040409531e-03 1.132291683539127375e-01
-3.929999269166720155e-03 1.142708350361014563e-01
-3.924999269293030779e-03 1.148958350454146599e-01
-3.919999269419341403e-03 1.169791684097920698e-01
-3.914999269545652028e-03 1.186458351012940199e-01
-3.909999269671962652e-03 1.192708351106072373e-01
-3.904999269798273276e-03 1.207291684656714437e-01
-3.899999269924583900e-03 1.225000018253922518e-01
-3.894999270050894524e-03 1.235416685075809567e-01
-3.889999270177205148e-03 1.247916685262073916e-01
-3.884999270303515773e-03 1.262500018812715841e-01
-3.879999270429826397e-03 1.272916685634603029e-01
-3.874999270556137021e-03 1.288541685867433673e-01
-3.869999270682447645e-03 1.297916686007132003e-01
-3.864999270808758269e-03 1.315625019604340362e-01
-3.859999270935068894e-03 1.327083353108416131e-01
-3.854999271061379518e-03 1.340625019976869059e-01
-3.849999271187690142e-03 1.353125020163133685e-01
-3.844999271314000766e-03 1.365625020349398311e-01
-3.839999271440311390e-03 1.378125020535662937e-01
-3.834999271566622014e-03 1.391666687404115865e-01
-3.829999271692932639e-03 1.404166687590380491e-01
-3.824999271819243263e-03 1.419791687823211135e-01
-3.819999271945553887e-03 1.434375021373852921e-01
-3.814999272071864511e-03 1.445833354877928967e-01
-3.809999272198175135e-03 1.463541688475137048e-01
-3.804999272324485760e-03 1.476041688661401396e-01
-3.799999272450796384e-03 1.491666688894232040e-01
-3.794999272577107008e-03 1.498958355669553211e-01
-3.789999272703417632e-03 1.519791689313327310e-01
-3.784999272829728256e-03 1.528125022770836783e-01
-3.779999272956038880e-03 1.543750023003667426e-01
-3.774999273082349505e-03 1.554166689825554615e-01
-3.769999273208660129e-03 1.572916690104951554e-01
-3.764999273334970753e-03 1.589583357019970777e-01
-3.759999273461281377e-03 1.601041690524046546e-01
-3.754999273587592001e-03 1.616666690756877189e-01
-3.749999273713902626e-03 1.632291690989707833e-01
-3.744999273840213250e-03 1.644791691175972459e-01
-3.739999273966523874e-03 1.657291691362236807e-01
-3.734999274092834498e-03 1.668750024866312576e-01
-3.729999274219145122e-03 1.685416691781332077e-01
-3.724999274345455746e-03 1.696875025285407845e-01
-3.719999274471766371e-03 1.711458358836049909e-01
-3.714999274598076995e-03 1.725000025704503115e-01
-3.709999274724387619e-03 1.739583359255144901e-01
-3.704999274850698243e-03 1.754166692805786965e-01
-3.699999274977008867e-03 1.767708359674240171e-01
-3.694999275103319492e-03 1.777083359813938501e-01
-3.689999275229630116e-03 1.794791693411146583e-01
-3.684999275355940740e-03 1.809375026961788369e-01
-3.679999275482251364e-03 1.819791693783675557e-01
-3.674999275608561988e-03 1.831250027287751603e-01
-3.669999275734872612e-03 1.840625027427449656e-01
-3.664999275861183237e-03 1.859375027706846595e-01
-3.659999275987493861e-03 1.865625027799978908e-01
-3.654999276113804485e-03 1.878125027986243534e-01
-3.649999276240115109e-03 1.890625028172507882e-01
-3.644999276366425733e-03 1.901041694994395070e-01
-3.639999276492736358e-03 1.917708361909414294e-01
-3.634999276619046982e-03 1.926041695366924045e-01
-3.629999276745357606e-03 1.936458362188811233e-01
-3.624999276871668230e-03 1.945833362328509564e-01
-3.619999276997978854e-03 1.961458362561340207e-01
-3.614999277124289478e-03 1.966666695972283663e-01
-3.609999277250600103e-03 1.978125029476359431e-01
-3.604999277376910727e-03 1.989583362980435199e-01
-3.599999277503221351e-03 1.997916696437944950e-01
-3.594999277629531975e-03 2.009375029942020718e-01
-3.589999277755842599e-03 2.019791696763908184e-01
-3.584999277882153224e-03 2.027083363539228522e-01
-3.579999278008463848e-03 2.032291696950172255e-01
-3.574999278134774472e-03 2.042708363772059166e-01
-3.569999278261085096e-03 2.051041697229569472e-01
-3.564999278387395720e-03 2.060416697369267525e-01
-3.559999278513706344e-03 2.065625030780210980e-01
-3.554999278640016969e-03 2.072916697555531873e-01
-3.549999278766327593e-03 2.084375031059607919e-01
-3.544999278892638217e-03 2.089583364470551097e-01
-3.539999279018948841e-03 2.095833364563683687e-01
-3.534999279145259465e-03 2.102083364656816000e-01
-3.529999279271570090e-03 2.111458364796514331e-01
-3.524999279397880714e-03 2.115625031525269206e-01
-3.519999279524191338e-03 2.119791698254023804e-01
-3.514999279650501962e-03 2.125000031664967537e-01
-3.509999279776812586e-03 2.129166698393722690e-01
-3.504999279903123210e-03 2.129166698393722690e-01
-3.499999280029433835e-03 2.129166698393722690e-01
-3.494999280155744459e-03 2.129166698393722690e-01
-3.489999280282055083e-03 2.129166698393722690e-01
-3.484999280408365707e-03 2.129166698393722690e-01
-3.479999280534676331e-03 2.129166698393722690e-01
-3.474999280660986956e-03 2.129166698393722690e-01
-3.469999280787297580e-03 2.129166698393722690e-01
-3.464999280913608204e-03 2.129166698393722690e-01
-3.459999281039918828e-03 2.129166698393722690e-01
-3.454999281166229452e-03 2.129166698393722690e-01
-3.449999281292540076e-03 2.129166698393722690e-01
-3.444999281418850701e-03 2.129166698393722690e-01
-3.439999281545161325e-03 2.129166698393722690e-01
-3.434999281671471949e-03 2.129166698393722690e-01
-3.429999281797782573e-03 2.129166698393722690e-01
-3.424999281924093197e-03 2.129166698393722690e-01
-3.419999282050403822e-03 2.129166698393722690e-01
-3.414999282176714446e-03 2.129166698393722690e-01
-3.409999282303025070e-03 2.129166698393722690e-01
-3.404999282429335694e-03 2.129166698393722690e-01
-3.399999282555646318e-03 2.129166698393722690e-01
-3.394999282681956942e-03 2.129166698393722690e-01
-3.389999282808267567e-03 2.129166698393722690e-01
-3.384999282934578191e-03 2.129166698393722690e-01
-3.379999283060888815e-03 2.129166698393722690e-01
-3.374999283187199439e-03 2.129166698393722690e-01
-3.369999283313510063e-03 2.129166698393722690e-01
-3.364999283439820688e-03 2.129166698393722690e-01
-3.359999283566131312e-03 2.129166698393722690e-01
-3.354999283692441936e-03 2.127083365029344975e-01
-3.349999283818752560e-03 2.120833364936212384e-01
-3.344999283945063184e-03 2.112500031478702911e-01
-3.339999284071373808e-03 2.110416698114325473e-01
-3.334999284197684433e-03 2.098958364610249983e-01
-3.329999284323995057e-03 2.084375031059607919e-01
-3.324999284450305681e-03 2.085416697741796499e-01
-3.319999284576616305e-03 2.077083364284287026e-01
-3.314999284702926929e-03 2.068750030826777275e-01
-3.309999284829237554e-03 2.057291697322701229e-01
-3.304999284955548178e-03 2.050000030547380336e-01
-3.299999285081858802e-03 2.038541697043304568e-01
-3.294999285208169426e-03 2.031250030267983675e-01
-3.289999285334480050e-03 2.019791696763908184e-01
-3.284999285460790674e-03 2.013541696670775594e-01
-3.279999285587101299e-03 2.000000029802322388e-01
-3.274999285713411923e-03 1.988541696298246619e-01
-3.269999285839722547e-03 1.978125029476359431e-01
-3.264999285966033171e-03 1.964583362607906225e-01
-3.259999286092343795e-03 1.951041695739453019e-01
-3.254999286218654420e-03 1.939583362235377251e-01
-3.249999286344965044e-03 1.926041695366924045e-01
-3.244999286471275668e-03 1.914583361862848276e-01
-3.239999286597586292e-03 1.897916694947828775e-01
-3.234999286723896916e-03 1.885416694761564427e-01
-3.229999286850207540e-03 1.876041694621865819e-01
-3.224999286976518165e-03 1.860416694389035175e-01
-3.219999287102828789e-03 1.845833360838393389e-01
-3.214999287229139413e-03 1.830208360605562745e-01
-3.209999287355450037e-03 1.821875027148052995e-01
-3.204999287481760661e-03 1.806250026915222351e-01
-3.199999287608071286e-03 1.788541693318014270e-01
-3.194999287734381910e-03 1.771875026402995046e-01
-3.189999287860692534e-03 1.754166692805786965e-01
-3.184999287987003158e-03 1.736458359208578883e-01
-3.179999288113313782e-03 1.727083359068880553e-01
-3.174999288239624406e-03 1.707291692107295034e-01
-3.169999288365935031e-03 1.692708358556652970e-01
-3.164999288492245655e-03 1.676041691641633746e-01
-3.159999288618556279e-03 1.655208357997859647e-01
-3.154999288744866903e-03 1.638541691082840146e-01
-3.149999288871177527e-03 1.623958357532198360e-01
-3.144999288997488152e-03 1.602083357206235403e-01
-3.139999289123798776e-03 1.585416690291215902e-01
-3.134999289250109400e-03 1.569791690058385258e-01
-3.129999289376420024e-03 1.551041689778988597e-01
-3.124999289502730648e-03 1.530208356135214498e-01
-3.119999289629041272e-03 1.510416689173628979e-01
-3.114999289755351897e-03 1.490625022212043460e-01
-3.109999289881662521e-03 1.475000021979212816e-01
-3.104999290007973145e-03 1.452083354971061280e-01
-3.099999290134283769e-03 1.436458354738230636e-01
-3.094999290260594393e-03 1.411458354365701384e-01
-3.089999290386905018e-03 1.390625020721927285e-01
-3.084999290513215642e-03 1.371875020442530346e-01
-3.079999290639526266e-03 1.353125020163133685e-01
-3.074999290765836890e-03 1.334375019883737024e-01
-3.069999290892147514e-03 1.314583352922151505e-01
-3.064999291018458139e-03 1.291666685913999968e-01
-3.059999291144768763e-03 1.272916685634603029e-01
-3.054999291271079387e-03 1.250000018626451492e-01
-3.049999291397390011e-03 1.225000018253922518e-01
-3.044999291523700635e-03 1.204166684610148280e-01
-3.039999291650011259e-03 1.184375017648562761e-01
-3.034999291776321884e-03 1.161458350640411086e-01
-3.029999291902632508e-03 1.139583350314448268e-01
-3.024999292028943132e-03 1.118750016670674030e-01
-3.019999292155253756e-03 1.097916683026899931e-01
-3.014999292281564380e-03 1.075000016018748256e-01
-3.009999292407875005e-03 1.050000015646219281e-01
-3.004999292534185629e-03 1.033333348731200058e-01
-2.999999292660496253e-03 1.007291681676482226e-01
-2.994999292786806877e-03 9.864583480327079879e-02
-2.989999292913117501e-03 9.635416810245563124e-02
-2.984999293039428125e-03 9.395833473342160569e-02
-2.979999293165738750e-03 9.156250136438758014e-02
-2.974999293292049374e-03 8.947916800001015636e-02
-2.969999293418359998e-03 8.760416797207047634e-02
-2.964999293544670622e-03 8.510416793481757891e-02
-2.959999293670981246e-03 8.291666790222128325e-02
-2.954999293797291871e-03 8.062500120140612958e-02
-2.949999293923602495e-03 7.833333450059096204e-02
-2.944999294049913119e-03 7.614583446799466637e-02
-2.939999294176223743e-03 7.395833443539838459e-02
-2.934999294302534367e-03 7.177083440280208892e-02
-2.929999294428844991e-03 6.937500103376804950e-02
-2.924999294555155616e-03 6.708333433295289583e-02
-2.919999294681466240e-03 6.510416763679434393e-02
-2.914999294807776864e-03 6.302083427241693403e-02
-2.909999294934087488e-03 6.062500090338289460e-02
-2.904999295060398112e-03 5.822916753434886211e-02
-2.899999295186708737e-03 5.614583416997143833e-02
-2.894999295313019361e-03 5.375000080093741278e-02
-2.889999295439329985e-03 5.166666743656000288e-02
-2.884999295565640609e-03 4.979166740862031593e-02
-2.879999295691951233e-03 4.739583403958628344e-02
-2.874999295818261857e-03 4.552083401164661036e-02
-2.869999295944572482e-03 4.333333397905032164e-02
-2.864999296070883106e-03 4.114583394645402598e-02
-2.859999296197193730e-03 3.895833391385773725e-02
-2.854999296323504354e-03 3.677083388126144853e-02
-2.849999296449814978e-03 3.520833385797838416e-02
-2.844999296576125603e-03 3.291666715716322356e-02
-2.839999296702436227e-03 3.114583379744241542e-02
-2.834999296828746851e-03 2.885416709662725135e-02
-2.829999296955057475e-03 2.656250039581209421e-02
-2.824999297081368099e-03 2.479166703609128955e-02
-2.819999297207678723e-03 2.250000033527612894e-02
-2.814999297333989348e-03 2.104166698021193299e-02
-2.809999297460299972e-03 1.864583361117790050e-02
-2.804999297586610596e-03 1.677083358323822396e-02
-2.799999297712921220e-03 1.437500021420419147e-02
-2.794999297839231844e-03 1.333333353201548305e-02
-2.789999297965542469e-03 1.072916682654370853e-02
-2.784999298091853093e-03 9.062500135041772278e-03
-2.779999298218163717e-03 6.562500097788870508e-03
-2.774999298344474341e-03 4.895833406286935127e-03
-2.769999298470784965e-03 2.916666710128386700e-03
-2.764999298597095589e-03 9.375000139698385975e-04
-2.759999298723406214e-03 -1.041666682188709505e-03
-2.754999298849716838e-03 -2.916666710128386700e-03
-2.749999298976027462e-03 -4.791666738068064112e-03
-2.744999299102338086e-03 -6.979166770664354570e-03
-2.739999299228648710e-03 -9.166666803260644161e-03
-2.734999299354959335e-03 -1.114583349941919259e-02
-2.729999299481269959e-03 -1.302083352735887087e-02
-2.724999299607580583e-03 -1.500000022351741756e-02
-2.719999299733891207e-03 -1.697916691967596772e-02
-2.714999299860201831e-03 -1.875000027939677238e-02
-2.709999299986512455e-03 -2.072916697555532081e-02
-2.704999300112823080e-03 -2.270833367171386924e-02
-2.699999300239133704e-03 -2.479166703609128955e-02
-2.694999300365444328e-03 -2.625000039115548203e-02
-2.689999300491754952e-03 -2.875000042840838294e-02
-2.684999300618065576e-03 -3.041666711991031571e-02
-2.679999300744376201e-03 -3.260416715250660791e-02
-2.674999300870686825e-03 -3.385416717113306356e-02
-2.669999300996997449e-03 -3.572916719907273664e-02
-2.664999301123308073e-03 -3.739583389057467289e-02
-2.659999301249618697e-03 -3.968750059138983349e-02
-2.654999301375929321e-03 -4.104166727823515409e-02
-2.649999301502239946e-03 -4.291666730617483411e-02
-2.644999301628550570e-03 -4.458333399767677035e-02
-2.639999301754861194e-03 -4.656250069383532225e-02
-2.634999301881171818e-03 -4.854166738999386721e-02
-2.629999302007482442e-03 -5.020833408149580346e-02
-2.624999302133793067e-03 -5.187500077299773971e-02
-2.619999302260103691e-03 -5.364583413271854784e-02
-2.614999302386414315e-03 -5.520833415600161220e-02
-2.609999302512724939e-03 -5.718750085216015716e-02
-2.604999302639035563e-03 -5.906250088009983024e-02
-2.599999302765346187e-03 -6.083333423982063143e-02
-2.594999302891656812e-03 -6.239583426310369579e-02
-2.589999303017967436e-03 -6.416666762282451086e-02
-2.584999303144278060e-03 -6.562500097788870335e-02
-2.579999303270588684e-03 -6.687500099651515206e-02
-2.574999303396899308e-03 -6.895833436089257584e-02
-2.569999303523209933e-03 -7.062500105239451209e-02
-2.564999303649520557e-03 -7.197916773923983269e-02
-2.559999303775831181e-03 -7.427083444005498636e-02
-2.554999303902141805e-03 -7.593750113155693648e-02
-2.549999304028452429e-03 -7.760416782305885885e-02
-2.544999304154763053e-03 -7.916666784634192322e-02
-2.539999304281073678e-03 -8.104166787428160323e-02
-2.534999304407384302e-03 -8.270833456578353948e-02
-2.529999304533694926e-03 -8.395833458440998820e-02
-2.524999304660005550e-03 -8.541666793947418068e-02
-2.519999304786316174e-03 -8.666666795810064328e-02
-2.514999304912626799e-03 -8.864583465425918130e-02
-2.509999305038937423e-03 -9.020833467754224566e-02
-2.504999305165248047e-03 -9.177083470082531003e-02
-2.499999305291558671e-03 -9.333333472410837439e-02
-2.494999305417869295e-03 -9.500000141561031064e-02
-2.489999305544179919e-03 -9.677083477533111877e-02
-2.484999305670490544e-03 -9.802083479395756749e-02
-2.479999305796801168e-03 -9.927083481258401620e-02
-2.474999305923111792e-03 -1.011458348405236962e-01
-2.469999306049422416e-03 -1.027083348638067606e-01
-2.464999306175733040e-03 -1.038541682142143513e-01
-2.459999306302043665e-03 -1.050000015646219281e-01
-2.454999306428354289e-03 -1.068750015925616081e-01
-2.449999306554664913e-03 -1.079166682747503131e-01
-2.444999306680975537e-03 -1.097916683026899931e-01
-2.439999306807286161e-03 -1.109375016530975699e-01
-2.434999306933596785e-03 -1.117708349988485311e-01
-2.429999307059907410e-03 -1.137500016950070830e-01
-2.424999307186218034e-03 -1.146875017089769300e-01
-2.419999307312528658e-03 -1.164583350686977242e-01
-2.414999307438839282e-03 -1.175000017508864431e-01
-2.409999307565149906e-03 -1.188541684377317637e-01
-2.404999307691460531e-03 -1.196875017834827248e-01
-2.399999307817771155e-03 -1.210416684703280593e-01
-2.394999307944081779e-03 -1.221875018207356361e-01
-2.389999308070392403e-03 -1.237500018440187005e-01
-2.384999308196703027e-03 -1.248958351944262773e-01
-2.379999308323013651e-03 -1.259375018766149823e-01
-2.374999308449324276e-03 -1.272916685634603029e-01
-2.369999308575634900e-03 -1.284375019138679075e-01
-2.364999308701945524e-03 -1.287500019185245093e-01
-2.359999308828256148e-03 -1.302083352735886879e-01
-2.354999308954566772e-03 -1.316666686286528942e-01
-2.349999309080877397e-03 -1.325000019744038415e-01
-2.344999309207188021e-03 -1.336458353248114461e-01
-2.339999309333498645e-03 -1.343750020023435354e-01
-2.334999309459809269e-03 -1.353125020163133685e-01
-2.329999309586119893e-03 -1.362500020302832293e-01
-2.324999309712430517e-03 -1.370833353760341766e-01
-2.319999309838741142e-03 -1.381250020582228955e-01
-2.314999309965051766e-03 -1.390625020721927285e-01
-2.309999310091362390e-03 -1.397916687497248178e-01
-2.304999310217673014e-03 -1.402083354226003054e-01
-2.299999310343983638e-03 -1.417708354458833697e-01
-2.294999310470294263e-03 -1.427083354598532028e-01
-2.289999310596604887e-03 -1.432291688009475761e-01
-2.284999310722915511e-03 -1.439583354784796654e-01
-2.279999310849226135e-03 -1.450000021606683565e-01
-2.274999310975536759e-03 -1.458333355064193315e-01
-2.269999311101847383e-03 -1.468750021886080503e-01
-2.264999311228158008e-03 -1.471875021932646799e-01
-2.259999311354468632e-03 -1.481250022072344852e-01
-2.254999311480779256e-03 -1.481250022072344852e-01
-2.249999311607089880e-03 -1.491666688894232040e-01
-2.244999311733400504e-03 -1.495833355622986915e-01
-2.239999311859711129e-03 -1.503125022398308086e-01
-2.234999311986021753e-03 -1.511458355855817559e-01
-2.229999312112332377e-03 -1.513541689220194997e-01
-2.224999312238643001e-03 -1.521875022677704747e-01
-2.219999312364953625e-03 -1.528125022770836783e-01
-2.214999312491264249e-03 -1.532291689499591658e-01
-2.209999312617574874e-03 -1.536458356228346533e-01
-2.204999312743885498e-03 -1.541666689639290266e-01
-2.199999312870196122e-03 -1.545833356368045142e-01
-2.194999312996506746e-03 -1.550000023096800017e-01
-2.189999313122817370e-03 -1.554166689825554615e-01
-2.184999313249127995e-03 -1.560416689918686928e-01
-2.179999313375438619e-03 -1.565625023329630661e-01
-2.174999313501749243e-03 -1.567708356694007821e-01
-2.169999313628059867e-03 -1.566666690011819241e-01
-2.164999313754370491e-03 -1.570833356740574116e-01
-2.159999313880681115e-03 -1.572916690104951554e-01
-2.154999314006991740e-03 -1.575000023469328714e-01
-2.149999314133302364e-03 -1.578125023515895009e-01
-2.144999314259612988e-03 -1.579166690198083589e-01
-2.139999314385923612e-03 -1.584375023609027322e-01
-2.134999314512234236e-03 -1.584375023609027322e-01
-2.129999314638544861e-03 -1.587500023655593340e-01
-2.124999314764855485e-03 -1.584375023609027322e-01
-2.119999314891166109e-03 -1.587500023655593340e-01
-2.114999315017476733e-03 -1.586458356973404760e-01
-2.109999315143787357e-03 -1.585416690291215902e-01
-2.104999315270097981e-03 -1.588541690337782197e-01
-2.099999315396408606e-03 -1.586458356973404760e-01
-2.094999315522719230e-03 -1.585416690291215902e-01
-2.089999315649029854e-03 -1.583333356926838464e-01
-2.084999315775340478e-03 -1.588541690337782197e-01
-2.079999315901651102e-03 -1.585416690291215902e-01
-2.074999316027961727e-03 -1.579166690198083589e-01
-2.069999316154272351e-03 -1.582291690244649884e-01
-2.064999316280582975e-03 -1.579166690198083589e-01
-2.059999316406893599e-03 -1.579166690198083589e-01
-2.054999316533204223e-03 -1.579166690198083589e-01
-2.049999316659514847e-03 -1.573958356787140134e-01
-2.044999316785825472e-03 -1.571875023422762696e-01
-2.039999316912136096e-03 -1.567708356694007821e-01
-2.034999317038446720e-03 -1.564583356647441803e-01
-2.029999317164757344e-03 -1.566666690011819241e-01
-2.024999317291067968e-03 -1.559375023236498070e-01
-2.019999317417378593e-03 -1.556250023189932052e-01
-2.014999317543689217e-03 -1.554166689825554615e-01
-2.009999317669999841e-03 -1.551041689778988597e-01
-2.004999317796310465e-03 -1.547916689732422302e-01
-1.999999317922621089e-03 -1.542708356321478846e-01
-1.994999318048931713e-03 -1.543750023003667426e-01
-1.989999318175242338e-03 -1.534375022863969373e-01
-1.984999318301552962e-03 -1.531250022817403078e-01
-1.979999318427863586e-03 -1.527083356088648203e-01
-1.974999318554174210e-03 -1.523958356042082185e-01
-1.969999318680484834e-03 -1.521875022677704747e-01
-1.964999318806795459e-03 -1.516666689266761014e-01
-1.959999318933106083e-03 -1.512500022538006139e-01
-1.954999319059416707e-03 -1.511458355855817559e-01
-1.949999319185727331e-03 -1.505208355762685246e-01
-1.944999319312037955e-03 -1.498958355669553211e-01
-1.939999319438348580e-03 -1.494791688940798335e-01
-1.934999319564659204e-03 -1.491666688894232040e-01
-1.929999319690969828e-03 -1.489583355529854602e-01
-1.924999319817280452e-03 -1.485416688801099727e-01
-1.919999319943591076e-03 -1.473958355297023959e-01
-1.914999320069901700e-03 -1.469791688568269084e-01
-1.909999320196212325e-03 -1.467708355203891923e-01
-1.904999320322522949e-03 -1.463541688475137048e-01
-1.899999320448833573e-03 -1.461458355110759610e-01
-1.894999320575144197e-03 -1.451041688288872422e-01
-1.889999320701454821e-03 -1.445833354877928967e-01
-1.884999320827765446e-03 -1.441666688149174091e-01
-1.879999320954076070e-03 -1.436458354738230636e-01
-1.874999321080386694e-03 -1.426041687916343448e-01
-1.869999321206697318e-03 -1.420833354505399992e-01
-1.864999321333007942e-03 -1.415625021094456260e-01
-1.859999321459318566e-03 -1.410416687683512804e-01
-1.854999321585629191e-03 -1.403125020908191634e-01
-1.849999321711939815e-03 -1.397916687497248178e-01
-1.844999321838250439e-03 -1.390625020721927285e-01
-1.839999321964561063e-03 -1.384375020628794972e-01
-1.834999322090871687e-03 -1.377083353853474079e-01
-1.829999322217182312e-03 -1.372916687124719204e-01
-1.824999322343492936e-03 -1.368750020395964329e-01
-1.819999322469803560e-03 -1.361458353620643436e-01
-1.814999322596114184e-03 -1.355208353527511123e-01
-1.809999322722424808e-03 -1.350000020116567667e-01
-1.804999322848735432e-03 -1.339583353294680479e-01
-1.799999322975046057e-03 -1.338541686612491899e-01
-1.794999323101356681e-03 -1.328125019790604711e-01
-1.789999323227667305e-03 -1.326041686426227273e-01
-1.784999323353977929e-03 -1.316666686286528942e-01
-1.779999323480288553e-03 -1.313541686239962647e-01
-1.774999323606599178e-03 -1.309375019511207772e-01
-1.769999323732909802e-03 -1.298958352689320861e-01
-1.764999323859220426e-03 -1.287500019185245093e-01
-1.759999323985531050e-03 -1.286458352503056235e-01
-1.754999324111841674e-03 -1.282291685774301360e-01
-1.749999324238152298e-03 -1.276041685681169324e-01
-1.744999324364462923e-03 -1.268750018905848431e-01
-1.739999324490773547e-03 -1.264583352177093556e-01
-1.734999324617084171e-03 -1.256250018719583805e-01
-1.729999324743394795e-03 -1.251041685308640072e-01
-1.724999324869705419e-03 -1.248958351944262773e-01
-1.719999324996016044e-03 -1.240625018486753162e-01
-1.714999325122326668e-03 -1.235416685075809567e-01
-1.709999325248637292e-03 -1.229166684982677393e-01
-1.704999325374947916e-03 -1.229166684982677393e-01
-1.699999325501258540e-03 -1.217708351478601486e-01
-1.694999325627569164e-03 -1.213541684749846750e-01
-1.689999325753879789e-03 -1.212500018067657892e-01
-1.684999325880190413e-03 -1.206250017974525718e-01
-1.679999326006501037e-03 -1.192708351106072373e-01
-1.674999326132811661e-03 -1.194791684470449949e-01
-1.669999326259122285e-03 -1.187500017695128918e-01
-1.664999326385432910e-03 -1.185416684330751341e-01
-1.659999326511743534e-03 -1.180208350919807886e-01
-1.654999326638054158e-03 -1.172916684144486993e-01
-1.649999326764364782e-03 -1.168750017415732118e-01
-1.644999326890675406e-03 -1.165625017369165961e-01
-1.639999327016986030e-03 -1.162500017322599943e-01
-1.634999327143296655e-03 -1.156250017229467630e-01
-1.629999327269607279e-03 -1.153125017182901474e-01
-1.624999327395917903e-03 -1.150000017136335317e-01
-1.619999327522228527e-03 -1.142708350361014563e-01
-1.614999327648539151e-03 -1.136458350267882111e-01
-1.609999327774849776e-03 -1.134375016903504674e-01
-1.604999327901160400e-03 -1.134375016903504674e-01
-1.599999328027471024e-03 -1.127083350128183920e-01
-1.594999328153781648e-03 -1.125000016763806343e-01
-1.589999328280092272e-03 -1.120833350035051468e-01
-1.584999328406402896e-03 -1.116666683306296731e-01
-1.579999328532713521e-03 -1.107291683166598123e-01
-1.574999328659024145e-03 -1.105208349802220824e-01
-1.569999328785334769e-03 -1.100000016391277369e-01
-1.564999328911645393e-03 -1.092708349615956337e-01
-1.559999329037956017e-03 -1.091666682933767479e-01
-1.554999329164266642e-03 -1.087500016205012743e-01
-1.549999329290577266e-03 -1.082291682794069287e-01
-1.544999329416887890e-03 -1.077083349383125693e-01
-1.539999329543198514e-03 -1.077083349383125693e-01
-1.534999329669509138e-03 -1.072916682654370957e-01
-1.529999329795819762e-03 -1.066666682561238644e-01
-1.524999329922130387e-03 -1.060416682468106192e-01
-1.519999330048441011e-03 -1.059375015785917612e-01
-1.514999330174751635e-03 -1.063541682514672487e-01
-1.509999330301062259e-03 -1.053125015692785438e-01
-1.504999330427372883e-03 -1.047916682281841844e-01
-1.499999330553683508e-03 -1.042708348870898249e-01
-1.494999330679994132e-03 -1.043750015553086968e-01
-1.489999330806304756e-03 -1.037500015459954794e-01
-1.484999330932615380e-03 -1.031250015366822481e-01
-1.479999331058926004e-03 -1.029166682002444905e-01
-1.474999331185236628e-03 -1.027083348638067606e-01
-1.469999331311547253e-03 -1.021875015227124150e-01
-1.464999331437857877e-03 -1.020833348544935293e-01
-1.459999331564168501e-03 -1.016666681816180556e-01
-1.454999331690479125e-03 -1.016666681816180556e-01
-1.449999331816789749e-03 -1.008333348358670806e-01
-1.444999331943100374e-03 -1.006250014994293507e-01
-1.439999332069410998e-03 -1.005208348312104649e-01
-1.434999332195721622e-03 -1.000000014901161194e-01
-1.429999332322032246e-03 -1.001041681583349913e-01
-1.424999332448342870e-03 -9.968750148545950374e-02
-1.419999332574653494e-03 -9.937500148080290197e-02
-1.414999332700964119e-03 -9.885416813970854255e-02
-1.409999332827274743e-03 -9.895833480792741443e-02
-1.404999332953585367e-03 -9.843750146683305502e-02
-1.399999333079895991e-03 -9.760416812108209383e-02
-1.394999333206206615e-03 -9.770833478930095184e-02
-1.389999333332517240e-03 -9.791666812573869560e-02
-1.384999333458827864e-03 -9.760416812108209383e-02
-1.379999333585138488e-03 -9.739583478464435007e-02
-1.374999333711449112e-03 -9.718750144820660630e-02
-1.369999333837759736e-03 -9.708333477998773442e-02
-1.364999333964070360e-03 -9.687500144354999065e-02
-1.359999334090380985e-03 -9.604166809779902947e-02
-1.354999334216691609e-03 -9.625000143423677323e-02
-1.349999334343002233e-03 -9.572916809314241382e-02
-1.344999334469312857e-03 -9.541666808848579817e-02
-1.339999334595623481e-03 -9.541666808848579817e-02
-1.334999334721934106e-03 -9.510416808382918252e-02
-1.329999334848244730e-03 -9.468750141095370887e-02
-1.324999334974555354e-03 -9.447916807451596510e-02
-1.319999335100865978e-03 -9.427083473807822134e-02
-1.314999335227176602e-03 -9.375000139698386192e-02
-1.309999335353487226e-03 -9.354166806054611816e-02
-1.304999335479797851e-03 -9.343750139232724627e-02
-1.299999335606108475e-03 -9.218750137370079756e-02
-1.294999335732419099e-03 -9.260416804657628509e-02
-1.289999335858729723e-03 -9.250000137835741321e-02
-1.284999335985040347e-03 -9.260416804657628509e-02
-1.279999336111350972e-03 -9.197916803726305379e-02
-1.274999336237661596e-03 -9.156250136438758014e-02
-1.269999336363972220e-03 -9.093750135507434884e-02
-1.264999336490282844e-03 -9.083333468685547696e-02
-1.259999336616593468e-03 -9.083333468685547696e-02
-1.254999336742904092e-03 -9.062500135041773319e-02
-1.249999336869214717e-03 -9.000000134110451577e-02
-1.244999336995525341e-03 -9.010416800932337378e-02
-1.239999337121835965e-03 -8.968750133644788625e-02
-1.234999337248146589e-03 -8.968750133644788625e-02
-1.229999337374457213e-03 -8.895833465891579694e-02
-1.224999337500767838e-03 -8.854166798604030941e-02
-1.219999337627078462e-03 -8.822916798138370764e-02
-1.214999337753389086e-03 -8.812500131316482188e-02
-1.209999337879699710e-03 -8.750000130385160446e-02
-1.204999338006010334e-03 -8.750000130385160446e-02
-1.199999338132320958e-03 -8.729166796741386070e-02
-1.194999338258631583e-03 -8.687500129453838704e-02
-1.189999338384942207e-03 -8.625000128522515574e-02
-1.184999338511252831e-03 -8.604166794878741198e-02
-1.179999338637563455e-03 -8.583333461234966821e-02
-1.174999338763874079e-03 -8.541666793947418068e-02
-1.169999338890184704e-03 -8.510416793481757891e-02
-1.164999339016495328e-03 -8.520833460303643692e-02
-1.159999339142805952e-03 -8.489583459837983515e-02
-1.154999339269116576e-03 -8.416666792084773197e-02
-1.149999339395427200e-03 -8.395833458440998820e-02
-1.144999339521737824e-03 -8.364583457975337255e-02
-1.139999339648048449e-03 -8.343750124331562878e-02
-1.134999339774359073e-03 -8.260416789756466760e-02
-1.129999339900669697e-03 -8.302083457044015513e-02
-1.124999340026980321e-03 -8.260416789756466760e-02
-1.119999340153290945e-03 -8.208333455647030819e-02
-1.114999340279601570e-03 -8.177083455181370641e-02
-1.109999340405912194e-03 -8.114583454250047512e-02
-1.104999340532222818e-03 -8.135416787893821888e-02
-1.099999340658533442e-03 -8.083333453784385947e-02
-1.094999340784844066e-03 -8.093750120606273135e-02
-1.089999340911154690e-03 -8.010416786031177017e-02
-1.084999341037465315e-03 -7.979166785565515452e-02
-1.079999341163775939e-03 -7.927083451456079510e-02
-1.074999341290086563e-03 -7.906250117812306522e-02
-1.069999341416397187e-03 -7.916666784634192322e-02
-1.064999341542707811e-03 -7.895833450990417945e-02
-1.059999341669018436e-03 -7.770833449127773074e-02
-1.054999341795329060e-03 -7.708333448196451332e-02
-1.049999341921639684e-03 -7.718750115018337132e-02
-1.044999342047950308e-03 -7.687500114552676955e-02
-1.039999342174260932e-03 -7.635416780443241014e-02
-1.034999342300571556e-03 -7.572916779511919272e-02
-1.029999342426882181e-03 -7.541666779046257707e-02
-1.024999342553192805e-03 -7.479166778114934577e-02
-1.019999342679503429e-03 -7.427083444005498636e-02
-1.014999342805814053e-03 -7.395833443539838459e-02
-1.009999342932124677e-03 -7.333333442608515329e-02
-1.004999343058435302e-03 -7.333333442608515329e-02
-9.999993431847459258e-04 -7.250000108033417823e-02
-9.949993433110565499e-04 -7.197916773923983269e-02
-9.899993434373671741e-04 -7.197916773923983269e-02
-9.849993435636777983e-04 -7.114583439348885763e-02
-9.799993436899884225e-04 -7.104166772526999962e-02
-9.749993438162990467e-04 -7.031250104773789644e-02
-9.699993439426096709e-04 -6.968750103842467902e-02
-9.649993440689202950e-04 -6.927083436554919149e-02
-9.599993441952309192e-04 -6.875000102445483208e-02
-9.549993443215415434e-04 -6.833333435157934455e-02
-9.499993444478521676e-04 -6.781250101048498513e-02
-9.449993445741627918e-04 -6.750000100582838336e-02
-9.399993447004734159e-04 -6.708333433295289583e-02
-9.349993448267840401e-04 -6.645833432363966453e-02
-9.299993449530946643e-04 -6.625000098720192077e-02
-9.249993450794052885e-04 -6.541666764145095958e-02
-9.199993452057159127e-04 -6.520833430501321581e-02
-9.149993453320265369e-04 -6.458333429569999840e-02
-9.099993454583371610e-04 -6.406250095460563898e-02
-9.049993455846477852e-04 -6.364583428173015145e-02
-8.999993457109584094e-04 -6.302083427241693403e-02
-8.949993458372690336e-04 -6.260416759954144650e-02
-8.899993459635796578e-04 -6.187500092200935026e-02
-8.849993460898902820e-04 -6.156250091735273461e-02
-8.799993462162009061e-04 -6.083333423982063143e-02
-8.749993463425115303e-04 -6.062500090338289460e-02
-8.699993464688221545e-04 -6.041666756694515084e-02
-8.649993465951327787e-04 -5.979166755763192648e-02
-8.599993467214434029e-04 -5.885416754366208647e-02
-8.549993468477540270e-04 -5.895833421188096529e-02
-8.499993469740646512e-04 -5.802083419791112529e-02
-8.449993471003752754e-04 -5.739583418859790093e-02
-8.399993472266858996e-04 -5.750000085681676587e-02
-8.349993473529965238e-04 -5.666666751106579775e-02
-8.299993474793071480e-04 -5.614583416997143833e-02
-8.249993476056177721e-04 -5.572916749709595774e-02
-8.199993477319283963e-04 -5.489583415134499655e-02
-8.149993478582390205e-04 -5.458333414668837397e-02
-8.099993479845496447e-04 -5.406250080559402843e-02
-8.049993481108602689e-04 -5.364583413271854784e-02
-7.999993482371708931e-04 -5.312500079162418842e-02
-7.949993483634815172e-04 -5.281250078696757277e-02
-7.899993484897921414e-04 -5.218750077765434842e-02
-7.849993486161027656e-04 -5.177083410477886782e-02
-7.799993487424133898e-04 -5.125000076368450841e-02
-7.749993488687240140e-04 -5.052083408615241911e-02
-7.699993489950346381e-04 -4.989583407683918781e-02
-7.649993491213452623e-04 -4.979166740862031593e-02
-7.599993492476558865e-04 -4.906250073108821969e-02
-7.549993493739665107e-04 -4.875000072643160404e-02
-7.499993495002771349e-04 -4.812500071711838662e-02
-7.449993496265877591e-04 -4.760416737602402720e-02
-7.399993497528983832e-04 -4.718750070314853967e-02
-7.349993498792090074e-04 -4.677083403027305908e-02
-7.299993500055196316e-04 -4.614583402095983472e-02
-7.249993501318302558e-04 -4.572916734808434719e-02
-7.199993502581408800e-04 -4.520833400698999471e-02
-7.149993503844515041e-04 -4.468750066589564224e-02
-7.099993505107621283e-04 -4.427083399302015471e-02
-7.049993506370727525e-04 -4.375000065192580223e-02
-6.999993507633833767e-04 -4.312500064261257787e-02
-6.949993508896940009e-04 -4.270833396973709034e-02
-6.899993510160046251e-04 -4.197916729220499410e-02
-6.849993511423152492e-04 -4.145833395111064162e-02
-6.799993512686258734e-04 -4.072916727357854538e-02
-6.749993513949364976e-04 -4.010416726426532102e-02
-6.699993515212471218e-04 -3.989583392782757726e-02
-6.649993516475577460e-04 -3.947916725495208973e-02
-6.599993517738683702e-04 -3.875000057742000042e-02
-6.549993519001789943e-04 -3.822916723632564101e-02
-6.499993520264896185e-04 -3.791666723166902536e-02
-6.449993521528002427e-04 -3.739583389057467289e-02
-6.399993522791108669e-04 -3.687500054948032041e-02
-6.349993524054214911e-04 -3.635416720838596100e-02
-6.299993525317321152e-04 -3.614583387194822417e-02
-6.249993526580427394e-04 -3.583333386729160852e-02
-6.199993527843533636e-04 -3.531250052619725605e-02
-6.149993529106639878e-04 -3.531250052619725605e-02
-6.099993530369746120e-04 -3.416666717578967227e-02
-6.049993531632852362e-04 -3.385416717113306356e-02
-5.999993532895958603e-04 -3.364583383469531980e-02
-5.949993534159064845e-04 -3.343750049825757603e-02
-5.899993535422171087e-04 -3.291666715716322356e-02
-5.849993536685277329e-04 -3.229166714784999920e-02
-5.799993537948383571e-04 -3.229166714784999920e-02
-5.749993539211489813e-04 -3.197916714319338355e-02
-5.699993540474596054e-04 -3.187500047497451167e-02
-5.649993541737702296e-04 -3.114583379744241542e-02
-5.599993543000808538e-04 -3.072916712456693483e-02
-5.549993544263914780e-04 -3.072916712456693483e-02
-5.499993545527021022e-04 -3.041666711991031571e-02
-5.449993546790127263e-04 -2.958333377415935106e-02
-5.399993548053233505e-04 -2.947916710594048265e-02
-5.349993549316339747e-04 -2.864583376018951105e-02
-5.299993550579445989e-04 -2.875000042840838294e-02
-5.249993551842552231e-04 -2.812500041909515858e-02
-5.199993553105658473e-04 -2.791666708265741828e-02
-5.149993554368764714e-04 -2.750000040978193422e-02
-5.099993555631870956e-04 -2.718750040512531857e-02
-5.049993556894977198e-04 -2.645833372759322233e-02
-4.999993558158083440e-04 -2.635416705937435392e-02
-4.949993559421189682e-04 -2.593750038649886985e-02
-4.899993560684295923e-04 -2.583333371828000144e-02
-4.849993561947402165e-04 -2.531250037718564203e-02
-4.799993563210508407e-04 -2.510416704074790173e-02
-4.749993564473614649e-04 -2.520833370896677014e-02
-4.699993565736720891e-04 -2.437500036321580202e-02
-4.649993566999827133e-04 -2.364583368568370578e-02
-4.599993568262933374e-04 -2.385416702212144954e-02
-4.549993569526039616e-04 -2.354166701746483736e-02
-4.499993570789145858e-04 -2.312500034458935330e-02
-4.449993572052252100e-04 -2.312500034458935330e-02
-4.399993573315358342e-04 -2.291666700815160954e-02
-4.349993574578464584e-04 -2.250000033527612894e-02
-4.299993575841570825e-04 -2.218750033061951329e-02
-4.249993577104677067e-04 -2.166666698952516082e-02
-4.199993578367783309e-04 -2.145833365308741705e-02
-4.149993579630889551e-04 -2.135416698486854517e-02
-4.099993580893995793e-04 -2.125000031664967329e-02
-4.049993582157102034e-04 -2.083333364377419269e-02
-3.999993583420208276e-04 -2.072916697555532081e-02
-3.949993584683314518e-04 -2.041666697089870863e-02
-3.899993585946420760e-04 -1.989583362980435269e-02
-3.849993587209527002e-04 -1.979166696158548081e-02
-3.799993588472633244e-04 -1.927083362049112833e-02
-3.749993589735739485e-04 -1.937500028871000021e-02
-3.699993590998845727e-04 -1.906250028405338456e-02
-3.649993592261951969e-04 -1.864583361117790050e-02
-3.599993593525058211e-04 -1.885416694761564427e-02
-3.549993594788164453e-04 -1.854166694295903209e-02
-3.499993596051270695e-04 -1.791666693364580426e-02
-3.449993597314376936e-04 -1.781250026542693585e-02
-3.399993598577483178e-04 -1.708333358789483614e-02
-3.349993599840589420e-04 -1.760416692898919208e-02
-3.299993601103695662e-04 -1.739583359255144832e-02
-3.249993602366801904e-04 -1.718750025611370802e-02
-3.199993603629908145e-04 -1.677083358323822396e-02
-3.149993604893014387e-04 -1.718750025611370802e-02
-3.099993606156120629e-04 -1.656250024680048019e-02
-3.049993607419226871e-04 -1.645833357858161178e-02
-2.999993608682333113e-04 -1.645833357858161178e-02
-2.949993609945439355e-04 -1.583333356926838395e-02
-2.899993611208545596e-04 -1.635416691036273990e-02
-2.849993612471651838e-04 -1.572916690104951554e-02
-2.799993613734758080e-04 -1.562500023283064365e-02
-2.749993614997864322e-04 -1.562500023283064365e-02
-2.699993616260970564e-04 -1.520833355995515786e-02
-2.649993617524076805e-04 -1.500000022351741756e-02
-2.599993618787183047e-04 -1.520833355995515786e-02
-2.549993620050289289e-04 -1.489583355529854741e-02
-2.499993621313395531e-04 -1.437500021420419147e-02
-2.449993622576501773e-04 -1.447916688242306509e-02
-2.399993623839608015e-04 -1.437500021420419147e-02
-2.349993625102714256e-04 -1.395833354132870914e-02
-2.299993626365820498e-04 -1.375000020489096711e-02
-2.249993627628926740e-04 -1.343750020023435320e-02
-2.199993628892032982e-04 -1.333333353201548305e-02
-2.149993630155139224e-04 -1.291666685914000072e-02
-2.099993631418245466e-04 -1.343750020023435320e-02
-2.049993632681351707e-04 -1.239583351804564477e-02
-1.999993633944457949e-04 -1.260416685448338507e-02
-1.949993635207564191e-04 -1.250000018626451492e-02
-1.899993636470670433e-04 -1.177083350873241868e-02
-1.849993637733776675e-04 -1.166666684051354680e-02
-1.799993638996882916e-04 -1.177083350873241868e-02
-1.749993640259989158e-04 -1.177083350873241868e-02
-1.699993641523095400e-04 -1.114583349941919259e-02
-1.649993642786201642e-04 -1.135416683585693462e-02
-1.599993644049307884e-04 -1.062500015832483664e-02
-1.549993645312414126e-04 -1.083333349476258041e-02
-1.499993646575520367e-04 -1.041666682188709635e-02
-1.449993647838626609e-04 -1.020833348544935432e-02
-1.399993649101732851e-04 -9.583333476136128223e-03
-1.349993650364839093e-04 -9.583333476136128223e-03
-1.299993651627945335e-04 -9.687500144355000106e-03
-1.249993652891051577e-04 -8.854166798604031982e-03
-1.199993654154157818e-04 -9.166666803260644161e-03
-1.149993655417264060e-04 -8.854166798604031982e-03
-1.099993656680370302e-04 -8.854166798604031982e-03
-1.049993657943476544e-04 -8.333333457509676037e-03
-9.999936592065827856e-05 -8.020833452853063858e-03
-9.499936604696890274e-05 -7.812500116415321827e-03
-8.999936617327952693e-05 -7.604166779977578929e-03
-8.499936629959015111e-05 -7.083333438883224718e-03
-7.999936642590077529e-05 -6.666666766007741524e-03
-7.499936655221139947e-05 -6.666666766007741524e-03
-6.999936667852202365e-05 -6.458333429570000360e-03
-6.499936680483264784e-05 -6.666666766007741524e-03
-5.999936693114327202e-05 -6.250000093132257462e-03
-5.499936705745389620e-05 -5.520833415600160353e-03
-4.999936718376452038e-05 -5.208333410943548174e-03
-4.499936731007514457e-05 -4.687500069849193096e-03
-3.999936743638576875e-05 -4.479166733411451065e-03
-3.499936756269639293e-05 -4.270833396973709034e-03
-2.999936768900701711e-05 -3.645833387660483808e-03
-2.499936781531764129e-05 -3.750000055879354390e-03
-1.999936794162826548e-05 -3.333333383003870762e-03
-1.499936806793888966e-05 -3.333333383003870762e-03
-9.999368194249513841e-06 -2.500000037252903071e-03
-4.999368320560138024e-06 -2.291666700815161040e-03
6.315531292377940531e-10 -1.770833359720806180e-03
5.000631426818613612e-06 -1.875000027939677195e-03
1.000063130050798943e-05 -1.354166686845322551e-03
1.500063117419736525e-05 -1.250000018626451536e-03
2.000063104788674107e-05 -8.333333457509676905e-04
2.500063092157611688e-05 -5.208333410943547523e-04
3.000063079526549270e-05 -3.125000046566128839e-04
3.500063066895486852e-05 4.166666728754838452e-04
4.000063054264424434e-05 1.041666682188709505e-03
4.500063041633362015e-05 2.083333364377419226e-04
5.000063029002299597e-05 1.979166696158547994e-03
5.500063016371237179e-05 1.979166696158547994e-03
6.000063003740174761e-05 2.500000037252903071e-03
6.500062991109112343e-05 2.916666710128386700e-03
7.000062978478049924e-05 3.333333383003870762e-03
7.500062965846987506e-05 3.958333392317095988e-03
8.000062953215925088e-05 4.583333401630322081e-03
8.500062940584862670e-05 4.687500069849193096e-03
9.000062927953800251e-05 5.625000083819032236e-03
9.500062915322737833e-05 6.458333429570000360e-03
1.000006290269167541e-04 6.458333429570000360e-03
1.050006289006061300e-04 7.395833443539837765e-03
1.100006287742955058e-04 8.020833452853063858e-03
1.150006286479848816e-04 8.750000130385160099e-03
1.200006285216742574e-04 8.854166798604031982e-03
1.250006283953636332e-04 9.583333476136128223e-03
1.300006282690530091e-04 1.010416681723048243e-02
1.350006281427423849e-04 1.062500015832483664e-02
1.400006280164317607e-04 1.156250017229467665e-02
1.450006278901211365e-04 1.166666684051354680e-02
1.500006277638105123e-04 1.250000018626451492e-02
1.550006276374998881e-04 1.333333353201548305e-02
1.600006275111892640e-04 1.385416687310983726e-02
1.650006273848786398e-04 1.447916688242306509e-02
1.700006272585680156e-04 1.520833355995515786e-02
1.750006271322573914e-04 1.593750023748725583e-02
1.800006270059467672e-04 1.625000024214387148e-02
1.850006268796361431e-04 1.666666691501935207e-02
1.900006267533255189e-04 1.781250026542693585e-02
1.950006266270148947e-04 1.854166694295903209e-02
2.000006265007042705e-04 1.895833361583451268e-02
2.050006263743936463e-04 1.968750029336660892e-02
2.100006262480830221e-04 2.062500030733644893e-02
2.150006261217723980e-04 2.114583364843080487e-02
2.200006259954617738e-04 2.187500032596290112e-02
2.250006258691511496e-04 2.260416700349499736e-02
2.300006257428405254e-04 2.322916701280822518e-02
2.350006256165299012e-04 2.479166703609128955e-02
2.400006254902192770e-04 2.479166703609128955e-02
2.450006253639086529e-04 2.614583372293661015e-02
2.500006252375980287e-04 2.697916706868757827e-02
2.550006251112874045e-04 2.760416707800080610e-02
2.600006249849767803e-04 2.854166709197064264e-02
2.650006248586661561e-04 2.937500043772161076e-02
2.700006247323555320e-04 3.041666711991031571e-02
2.750006246060449078e-04 3.114583379744241542e-02
2.800006244797342836e-04 3.187500047497451167e-02
2.850006243534236594e-04 3.239583381606887108e-02
2.900006242271130352e-04 3.354166716647644791e-02
2.950006241008024110e-04 3.458333384866515980e-02
3.000006239744917869e-04 3.572916719907273664e-02
3.050006238481811627e-04 3.635416720838596100e-02
3.100006237218705385e-04 3.729166722235580100e-02
3.150006235955599143e-04 3.843750057276338478e-02
3.200006234692492901e-04 3.916666725029548102e-02
3.250006233429386659e-04 4.072916727357854538e-02
3.300006232166280418e-04 4.166666728754838539e-02
3.350006230903174176e-04 4.166666728754838539e-02
3.400006229640067934e-04 4.406250065658241094e-02
3.450006228376961692e-04 4.489583400233338600e-02
3.500006227113855450e-04 4.635416735739757849e-02
3.550006225850749209e-04 4.718750070314853967e-02
3.600006224587642967e-04 4.895833406286934780e-02
3.650006223324536725e-04 5.010416741327693851e-02
3.700006222061430483e-04 5.083333409080902782e-02
3.750006220798324241e-04 5.208333410943548347e-02
3.800006219535217999e-04 5.343750079628080407e-02
3.850006218272111758e-04 5.385416746915628466e-02
3.900006217009005516e-04 5.572916749709595774e-02
3.950006215745899274e-04 5.677083417928467657e-02
4.000006214482793032e-04 5.822916753434886211e-02
4.050006213219686790e-04 5.968750088941306153e-02
4.100006211956580549e-04 6.072916757160176648e-02
4.150006210693474307e-04 6.197916759022821520e-02
4.200006209430368065e-04 6.343750094529242156e-02
4.250006208167261823e-04 6.479166763213774216e-02
4.300006206904155581e-04 6.604166765076419088e-02
4.350006205641049339e-04 6.697916766473402395e-02
4.400006204377943098e-04 6.885416769267370396e-02
4.450006203114836856e-04 7.031250104773789644e-02
4.500006201851730614e-04 7.187500107102096081e-02
4.550006200588624372e-04 7.281250108499080775e-02
4.600006199325518130e-04 7.416666777183612835e-02
4.650006198062411888e-04 7.583333446333805072e-02
4.700006196799305647e-04 7.718750115018337132e-02
4.750006195536199405e-04 7.854166783702870580e-02
4.800006194273093163e-04 7.968750118743628263e-02
4.850006193009986921e-04 8.135416787893821888e-02
4.900006191746880679e-04 8.270833456578353948e-02
4.950006190483774438e-04 8.468750126194209138e-02
5.000006189220668196e-04 8.593750128056854010e-02
5.050006187957561954e-04 8.729166796741386070e-02
5.100006186694455712e-04 8.833333464960256565e-02
5.150006185431349470e-04 9.041666801397998943e-02
5.200006184168243228e-04 9.229166804191966944e-02
5.250006182905136987e-04 9.364583472876499004e-02
5.300006181642030745e-04 9.510416808382918252e-02
5.350006180378924503e-04 9.666666810711224689e-02
5.400006179115818261e-04 9.833333479861418314e-02
5.450006177852712019e-04 9.947916814902175997e-02
5.500006176589605777e-04 1.013541681769614261e-01
5.550006175326499536e-04 1.028125015320256325e-01
5.600006174063393294e-04 1.047916682281841844e-01
5.650006172800287052e-04 1.058333349103728893e-01
5.700006171537180810e-04 1.076041682700936836e-01
5.750006170274074568e-04 1.093750016298145056e-01
5.800006169010968327e-04 1.108333349848786981e-01
5.850006167747862085e-04 1.126041683445995062e-01
5.900006166484755843e-04 1.145833350407580442e-01
5.950006165221649601e-04 1.166666684051354819e-01
6.000006163958543359e-04 1.181250017601996605e-01
6.050006162695437117e-04 1.192708351106072373e-01
6.100006161432330876e-04 1.210416684703280593e-01
6.150006160169224634e-04 1.232291685029243272e-01
6.200006158906118392e-04 1.243750018533319179e-01
6.250006157643012150e-04 1.265625018859282136e-01
6.300006156379905908e-04 1.284375019138679075e-01
6.350006155116799667e-04 1.305208352782453174e-01
6.400006153853693425e-04 1.321875019697472398e-01
6.450006152590587183e-04 1.336458353248114461e-01
6.500006151327480941e-04 1.357291686891888560e-01
6.550006150064374699e-04 1.366666687031586891e-01
6.600006148801268457e-04 1.385416687310983830e-01
6.650006147538162216e-04 1.401041687543814473e-01
6.700006146275055974e-04 1.422916687869777153e-01
6.750006145011949732e-04 1.436458354738230636e-01
6.800006143748843490e-04 1.458333355064193315e-01
6.850006142485737248e-04 1.475000021979212816e-01
6.900006141222631006e-04 1.494791688940798335e-01
6.950006139959524765e-04 1.514583355902383854e-01
7.000006138696418523e-04 1.529166689453025640e-01
7.050006137433312281e-04 1.548958356414611159e-01
7.100006136170206039e-04 1.565625023329630661e-01
7.150006134907099797e-04 1.583333356926838464e-01
7.200006133643993556e-04 1.603125023888423983e-01
7.250006132380887314e-04 1.617708357439066047e-01
7.300006131117781072e-04 1.635416691036274128e-01
7.350006129854674830e-04 1.652083357951293352e-01
7.400006128591568588e-04 1.673958358277256309e-01
7.450006127328462346e-04 1.691666691874464390e-01
7.500006126065356105e-04 1.708333358789483614e-01
7.550006124802249863e-04 1.723958359022314257e-01
7.600006123539143621e-04 1.738541692572956321e-01
7.650006122276037379e-04 1.758333359534541840e-01
7.700006121012931137e-04 1.776041693131749921e-01
7.750006119749824895e-04 1.795833360093335440e-01
7.800006118486718654e-04 1.802083360186467476e-01
7.850006117223612412e-04 1.823958360512430432e-01
7.900006115960506170e-04 1.840625027427449656e-01
7.950006114697399928e-04 1.859375027706846595e-01
8.000006113434293686e-04 1.873958361257488658e-01
8.050006112171187445e-04 1.886458361443753007e-01
8.100006110908081203e-04 1.907291695087527106e-01
8.150006109644974961e-04 1.921875028638169169e-01
8.200006108381868719e-04 1.938541695553188393e-01
8.250006107118762477e-04 1.952083362421641877e-01
8.300006105855656235e-04 1.971875029383227396e-01
8.350006104592549994e-04 1.985416696251680324e-01
8.400006103329443752e-04 2.001041696484510968e-01
8.450006102066337510e-04 2.014583363352964451e-01
8.500006100803231268e-04 2.031250030267983675e-01
8.550006099540125026e-04 2.042708363772059166e-01
8.600006098277018785e-04 2.058333364004889809e-01
8.650006097013912543e-04 2.068750030826777275e-01
8.700006095750806301e-04 2.083333364377419339e-01
8.750006094487700059e-04 2.104166698021193160e-01
8.800006093224593817e-04 2.115625031525269206e-01
8.850006091961487575e-04 2.129166698393722690e-01
8.900006090698381334e-04 2.129166698393722690e-01
8.950006089435275092e-04 2.129166698393722690e-01
9.000006088172168850e-04 2.129166698393722690e-01
9.050006086909062608e-04 2.129166698393722690e-01
9.100006085645956366e-04 2.129166698393722690e-01
9.150006084382850124e-04 2.129166698393722690e-01
9.200006083119743883e-04 2.129166698393722690e-01
9.250006081856637641e-04 2.129166698393722690e-01
9.300006080593531399e-04 2.129166698393722690e-01
9.350006079330425157e-04 2.129166698393722690e-01
9.400006078067318915e-04 2.129166698393722690e-01
9.450006076804212674e-04 2.129166698393722690e-01
9.500006075541106432e-04 2.129166698393722690e-01
9.550006074278000190e-04 2.129166698393722690e-01
9.600006073014893948e-04 2.129166698393722690e-01
9.650006071751787706e-04 2.129166698393722690e-01
9.700006070488681464e-04 2.129166698393722690e-01
9.750006069225575223e-04 2.129166698393722690e-01
9.800006067962468981e-04 2.129166698393722690e-01
9.850006066699362739e-04 2.129166698393722690e-01
9.900006065436256497e-04 2.129166698393722690e-01
9.950006064173150255e-04 2.129166698393722690e-01
1.000000606291004401e-03 2.129166698393722690e-01
1.005000606164693777e-03 2.129166698393722690e-01
1.010000606038383153e-03 2.129166698393722690e-01
1.015000605912072529e-03 2.129166698393722690e-01
1.020000605785761905e-03 2.129166698393722690e-01
1.025000605659451280e-03 2.129166698393722690e-01
1.030000605533140656e-03 2.129166698393722690e-01
1.035000605406830032e-03 2.129166698393722690e-01
1.040000605280519408e-03 2.129166698393722690e-01
1.045000605154208784e-03 2.129166698393722690e-01
1.050000605027898160e-03 2.129166698393722690e-01
1.055000604901587535e-03 2.129166698393722690e-01
1.060000604775276911e-03 2.129166698393722690e-01
1.065000604648966287e-03 2.129166698393722690e-01
1.070000604522655663e-03 2.129166698393722690e-01
1.075000604396345039e-03 2.129166698393722690e-01
1.080000604270034414e-03 2.129166698393722690e-01
1.085000604143723790e-03 2.129166698393722690e-01
1.090000604017413166e-03 2.129166698393722690e-01
1.095000603891102542e-03 2.129166698393722690e-01
1.100000603764791918e-03 2.129166698393722690e-01
1.105000603638481294e-03 2.129166698393722690e-01
1.110000603512170669e-03 2.129166698393722690e-01
1.115000603385860045e-03 2.129166698393722690e-01
1.120000603259549421e-03 2.129166698393722690e-01
1.125000603133238797e-03 2.129166698393722690e-01
1.130000603006928173e-03 2.129166698393722690e-01
1.135000602880617548e-03 2.129166698393722690e-01
1.140000602754306924e-03 2.129166698393722690e-01
1.145000602627996300e-03 2.129166698393722690e-01
1.150000602501685676e-03 2.129166698393722690e-01
1.155000602375375052e-03 2.129166698393722690e-01
1.160000602249064428e-03 2.129166698393722690e-01
1.165000602122753803e-03 2.129166698393722690e-01
1.170000601996443179e-03 2.129166698393722690e-01
1.175000601870132555e-03 2.129166698393722690e-01
1.180000601743821931e-03 2.129166698393722690e-01
1.185000601617511307e-03 2.129166698393722690e-01
1.190000601491200682e-03 2.129166698393722690e-01
1.195000601364890058e-03 2.129166698393722690e-01
1.200000601238579434e-03 2.129166698393722690e-01
1.205000601112268810e-03 2.129166698393722690e-01
1.210000600985958186e-03 2.129166698393722690e-01
1.215000600859647562e-03 2.129166698393722690e-01
1.220000600733336937e-03 2.129166698393722690e-01
1.225000600607026313e-03 2.129166698393722690e-01
1.230000600480715689e-03 2.129166698393722690e-01
1.235000600354405065e-03 2.129166698393722690e-01
1.240000600228094441e-03 2.129166698393722690e-01
1.245000600101783816e-03 2.122916698300590099e-01
1.250000599975473192e-03 2.106250031385570876e-01
1.255000599849162568e-03 2.097916697928061402e-01
1.260000599722851944e-03 2.082291697695230759e-01
1.265000599596541320e-03 2.065625030780210980e-01
1.270000599470230696e-03 2.054166697276135212e-01
1.275000599343920071e-03 2.040625030407682006e-01
1.280000599217609447e-03 2.019791696763908184e-01
1.285000599091298823e-03 2.006250029895454701e-01
1.290000598964988199e-03 1.991666696344812637e-01
1.295000598838677575e-03 1.977083362794170851e-01
1.300000598712366950e-03 1.960416695879151350e-01
1.305000598586056326e-03 1.942708362281943268e-01
1.310000598459745702e-03 1.920833361955980589e-01
1.315000598333435078e-03 1.904166695040961088e-01
1.320000598207124454e-03 1.888541694808130444e-01
1.325000598080813830e-03 1.866666694482167488e-01
1.330000597954503205e-03 1.850000027567148264e-01
1.335000597828192581e-03 1.831250027287751603e-01
1.340000597701881957e-03 1.814583360372732102e-01
1.345000597575571333e-03 1.795833360093335440e-01
1.350000597449260709e-03 1.775000026449561064e-01
1.355000597322950084e-03 1.752083359441409527e-01
1.360000597196639460e-03 1.735416692526390026e-01
1.365000597070328836e-03 1.711458358836049909e-01
1.370000596944018212e-03 1.695833358603219265e-01
1.375000596817707588e-03 1.677083358323822326e-01
1.380000596691396964e-03 1.657291691362236807e-01
1.385000596565086339e-03 1.632291690989707833e-01
1.390000596438775715e-03 1.611458357345933734e-01
1.395000596312465091e-03 1.589583357019970777e-01
1.400000596186154467e-03 1.568750023376196678e-01
1.405000596059843843e-03 1.552083356461177177e-01
1.410000595933533218e-03 1.529166689453025640e-01
1.415000595807222594e-03 1.510416689173628979e-01
1.420000595680911970e-03 1.485416688801099727e-01
1.425000595554601346e-03 1.462500021792948190e-01
1.430000595428290722e-03 1.441666688149174091e-01
1.435000595301980097e-03 1.422916687869777153e-01
1.440000595175669473e-03 1.394791687450682161e-01
1.445000595049358849e-03 1.373958353806908061e-01
1.450000594923048225e-03 1.355208353527511123e-01
1.455000594796737601e-03 1.338541686612491899e-01
1.460000594670426977e-03 1.313541686239962647e-01
1.465000594544116352e-03 1.289583352549622530e-01
1.470000594417805728e-03 1.270833352270225591e-01
1.475000594291495104e-03 1.247916685262073916e-01
1.480000594165184480e-03 1.228125018300488536e-01
1.485000594038873856e-03 1.205208351292337138e-01
1.490000593912563231e-03 1.180208350919807886e-01
1.495000593786252607e-03 1.158333350593845207e-01
1.500000593659941983e-03 1.135416683585693531e-01
1.505000593533631359e-03 1.109375016530975699e-01
1.510000593407320735e-03 1.089583349569390180e-01
1.515000593281010111e-03 1.065625015879049925e-01
1.520000593154699486e-03 1.045833348917464406e-01
1.525000593028388862e-03 1.018750015180557994e-01
1.530000592902078238e-03 1.000000014901161194e-01
1.535000592775767614e-03 9.760416812108209383e-02
1.540000592649456990e-03 9.572916809314241382e-02
1.545000592523146365e-03 9.312500138767064450e-02
1.550000592396835741e-03 9.052083468219886131e-02
1.555000592270525117e-03 8.864583465425918130e-02
1.560000592144214493e-03 8.604166794878741198e-02
1.565000592017903869e-03 8.364583457975337255e-02
1.570000591891593245e-03 8.239583456112692383e-02
1.575000591765282620e-03 7.968750118743628263e-02
1.580000591638971996e-03 7.718750115018337132e-02
1.585000591512661372e-03 7.458333444471160201e-02
1.590000591386350748e-03 7.260416774855306399e-02
1.595000591260040124e-03 7.031250104773789644e-02
1.600000591133729499e-03 6.781250101048498513e-02
1.605000591007418875e-03 6.583333431432644711e-02
1.610000590881108251e-03 6.364583428173015145e-02
1.615000590754797627e-03 6.166666758557160649e-02
1.620000590628487003e-03 5.927083421653756706e-02
1.625000590502176379e-03 5.687500084750354151e-02
1.630000590375865754e-03 5.510416748778273338e-02
1.635000590249555130e-03 5.291666745518644466e-02
1.640000590123244506e-03 5.083333409080902782e-02
1.645000589996933882e-03 4.843750072177499533e-02
1.650000589870623258e-03 4.625000068917870660e-02
1.655000589744312633e-03 4.468750066589564224e-02
1.660000589618002009e-03 4.281250063795596222e-02
1.665000589491691385e-03 4.062500060535967350e-02
1.670000589365380761e-03 3.864583390920112854e-02
1.675000589239070137e-03 3.625000054016708911e-02
1.680000589112759513e-03 3.447916718044628792e-02
1.685000588986448888e-03 3.239583381606887108e-02
1.690000588860138264e-03 3.072916712456693483e-02
1.695000588733827640e-03 2.875000042840838294e-02
1.700000588607517016e-03 2.635416705937435392e-02
1.705000588481206392e-03 2.500000037252902985e-02
1.710000588354895767e-03 2.302083367637048142e-02
1.715000588228585143e-03 2.083333364377419269e-02
1.720000588102274519e-03 1.916666695227225645e-02
1.725000587975963895e-03 1.718750025611370802e-02
1.730000587849653271e-03 1.552083356461177351e-02
1.735000587723342647e-03 1.343750020023435320e-02
1.740000587597032022e-03 1.208333351338903086e-02
1.745000587470721398e-03 1.000000014901161229e-02
1.750000587344410774e-03 8.125000121071935741e-03
1.755000587218100150e-03 6.354166761351128477e-03
1.760000587091789526e-03 4.583333401630322081e-03
1.765000586965478901e-03 2.291666700815161040e-03
1.770000586839168277e-03 9.375000139698385975e-04
1.775000586712857653e-03 -9.375000139698385975e-04
1.780000586586547029e-03 -2.604166705471774087e-03
1.785000586460236405e-03 -4.166666728754838019e-03
1.790000586333925781e-03 -5.937500088475644415e-03
1.795000586207615156e-03 -7.500000111758708780e-03
1.800000586081304532e-03 -9.375000139698386192e-03
1.805000585954993908e-03 -1.135416683585693462e-02
1.810000585828683284e-03 -1.250000018626451492e-02
1.815000585702372660e-03 -1.427083354598532132e-02
1.820000585576062035e-03 -1.656250024680048019e-02
1.825000585449751411e-03 -1.770833359720806396e-02
1.830000585323440787e-03 -1.947916695692886863e-02
1.835000585197130163e-03 -2.125000031664967329e-02
1.840000585070819539e-03 -2.250000033527612894e-02
1.845000584944508915e-03 -2.447916703143467390e-02
1.850000584818198290e-03 -2.614583372293661015e-02
1.855000584691887666e-03 -2.739583374156306581e-02
1.860000584565577042e-03 -2.895833376484613017e-02
1.865000584439266418e-03 -3.083333379278580325e-02
1.870000584312955794e-03 -3.229166714784999920e-02
1.875000584186645169e-03 -3.395833383935193545e-02
1.880000584060334545e-03 -3.531250052619725605e-02
1.885000583934023921e-03 -3.718750055413693606e-02
1.890000583807713297e-03 -3.812500056810676913e-02
1.895000583681402673e-03 -3.989583392782757726e-02
1.900000583555092049e-03 -4.156250061932951351e-02
1.905000583428781424e-03 -4.260416730151821846e-02
1.910000583302470800e-03 -4.416666732480128282e-02
1.915000583176160176e-03 -4.614583402095983472e-02
1.920000583049849552e-03 -4.708333403492967473e-02
1.925000582923538928e-03 -4.854166738999386721e-02
1.930000582797228303e-03 -5.020833408149580346e-02
1.935000582670917679e-03 -5.135416743190338029e-02
1.940000582544607055e-03 -5.291666745518644466e-02
1.945000582418296431e-03 -5.427083414203177220e-02
1.950000582291985807e-03 -5.541666749243934903e-02
1.955000582165675183e-03 -5.677083417928467657e-02
1.960000582039364558e-03 -5.791666752969226034e-02
1.965000581913053934e-03 -5.927083421653756706e-02
1.970000581786743310e-03 -6.052083423516402966e-02
1.975000581660432686e-03 -6.156250091735273461e-02
1.980000581534122062e-03 -6.312500094063579203e-02
1.985000581407811437e-03 -6.437500095926225463e-02
1.990000581281500813e-03 -6.541666764145095958e-02
1.995000581155190189e-03 -6.645833432363966453e-02
2.000000581028879565e-03 -6.791666767870387089e-02
2.005000580902568941e-03 -6.885416769267370396e-02
2.010000580776258317e-03 -7.020833437951902456e-02
2.015000580649947692e-03 -7.114583439348885763e-02
2.020000580523637068e-03 -7.218750107567757646e-02
2.025000580397326444e-03 -7.354166776252289706e-02
2.030000580271015820e-03 -7.447916777649273012e-02
2.035000580144705196e-03 -7.552083445868144895e-02
2.040000580018394571e-03 -7.708333448196451332e-02
2.045000579892083947e-03 -7.781250115949660262e-02
2.050000579765773323e-03 -7.906250117812306522e-02
2.055000579639462699e-03 -7.989583452387402640e-02
2.060000579513152075e-03 -8.072916786962498759e-02
2.065000579386841451e-03 -8.187500122003256442e-02
2.070000579260530826e-03 -8.270833456578353948e-02
2.075000579134220202e-03 -8.343750124331562878e-02
2.080000579007909578e-03 -8.427083458906660385e-02
2.085000578881598954e-03 -8.520833460303643692e-02
2.090000578755288330e-03 -8.614583461700628386e-02
2.095000578628977705e-03 -8.677083462631950128e-02
2.100000578502667081e-03 -8.791666797672709199e-02
2.105000578376356457e-03 -8.875000132247805318e-02
2.110000578250045833e-03 -8.937500133179128448e-02
2.115000578123735209e-03 -9.052083468219886131e-02
2.120000577997424585e-03 -9.114583469151209261e-02
2.125000577871113960e-03 -9.187500136904418191e-02
2.130000577744803336e-03 -9.281250138301401498e-02
2.135000577618492712e-03 -9.375000139698386192e-02
2.140000577492182088e-03 -9.458333474273482311e-02
2.145000577365871464e-03 -9.552083475670467005e-02
2.150000577239560839e-03 -9.614583476601788747e-02
2.155000577113250215e-03 -9.687500144354999065e-02
2.160000576986939591e-03 -9.781250145751983760e-02
2.165000576860628967e-03 -9.822916813039531125e-02
2.170000576734318343e-03 -9.885416813970854255e-02
2.175000576608007719e-03 -9.937500148080290197e-02
2.180000576481697094e-03 -1.002083348265538770e-01
2.185000576355386470e-03 -1.011458348405236962e-01
2.190000576229075846e-03 -1.014583348451803119e-01
2.195000576102765222e-03 -1.021875015227124150e-01
2.200000575976454598e-03 -1.030208348684633762e-01
2.205000575850143973e-03 -1.031250015366822481e-01
2.210000575723833349e-03 -1.036458348777765937e-01
2.215000575597522725e-03 -1.040625015506520812e-01
2.220000575471212101e-03 -1.051041682328408000e-01
2.225000575344901477e-03 -1.055208349057162737e-01
2.230000575218590853e-03 -1.062500015832483768e-01
2.235000575092280228e-03 -1.063541682514672487e-01
2.240000574965969604e-03 -1.067708349243427224e-01
2.245000574839658980e-03 -1.071875015972182099e-01
2.250000574713348356e-03 -1.073958349336559537e-01
2.255000574587037732e-03 -1.082291682794069287e-01
2.260000574460727107e-03 -1.085416682840635444e-01
2.265000574334416483e-03 -1.089583349569390180e-01
2.270000574208105859e-03 -1.092708349615956337e-01
2.275000574081795235e-03 -1.095833349662522632e-01
2.280000573955484611e-03 -1.102083349755654668e-01
2.285000573829173987e-03 -1.103125016437843386e-01
2.290000573702863362e-03 -1.112500016577541856e-01
2.295000573576552738e-03 -1.108333349848786981e-01
2.300000573450242114e-03 -1.112500016577541856e-01
2.305000573323931490e-03 -1.114583349941919155e-01
2.310000573197620866e-03 -1.117708349988485311e-01
2.315000573071310241e-03 -1.117708349988485311e-01
2.320000572944999617e-03 -1.119791683352862888e-01
2.325000572818688993e-03 -1.125000016763806343e-01
2.330000572692378369e-03 -1.126041683445995062e-01
2.335000572566067745e-03 -1.127083350128183920e-01
2.340000572439757121e-03 -1.127083350128183920e-01
2.345000572313446496e-03 -1.133333350221315955e-01
2.350000572187135872e-03 -1.135416683585693531e-01
2.355000572060825248e-03 -1.136458350267882111e-01
2.360000571934514624e-03 -1.136458350267882111e-01
2.365000571808204000e-03 -1.141666683678825706e-01
2.370000571681893375e-03 -1.137500016950070830e-01
2.375000571555582751e-03 -1.142708350361014563e-01
2.380000571429272127e-03 -1.142708350361014563e-01
2.385000571302961503e-03 -1.143750017043203143e-01
2.390000571176650879e-03 -1.145833350407580442e-01
2.395000571050340255e-03 -1.148958350454146599e-01
2.400000570924029630e-03 -1.145833350407580442e-01
2.405000570797719006e-03 -1.147916683771958019e-01
2.410000570671408382e-03 -1.147916683771958019e-01
2.415000570545097758e-03 -1.145833350407580442e-01
2.420000570418787134e-03 -1.146875017089769300e-01
2.425000570292476509e-03 -1.148958350454146599e-01
2.430000570166165885e-03 -1.150000017136335317e-01
2.435000570039855261e-03 -1.147916683771958019e-01
2.440000569913544637e-03 -1.153125017182901474e-01
2.445000569787234013e-03 -1.151041683818524175e-01
2.450000569660923389e-03 -1.146875017089769300e-01
2.455000569534612764e-03 -1.147916683771958019e-01
2.460000569408302140e-03 -1.150000017136335317e-01
2.465000569281991516e-03 -1.150000017136335317e-01
2.470000569155680892e-03 -1.148958350454146599e-01
2.475000569029370268e-03 -1.150000017136335317e-01
2.480000568903059643e-03 -1.150000017136335317e-01
2.485000568776749019e-03 -1.150000017136335317e-01
2.490000568650438395e-03 -1.147916683771958019e-01
2.495000568524127771e-03 -1.147916683771958019e-01
2.500000568397817147e-03 -1.148958350454146599e-01
2.505000568271506522e-03 -1.142708350361014563e-01
2.510000568145195898e-03 -1.142708350361014563e-01
2.515000568018885274e-03 -1.141666683678825706e-01
2.520000567892574650e-03 -1.142708350361014563e-01
2.525000567766264026e-03 -1.144791683725391862e-01
2.530000567639953402e-03 -1.140625016996636987e-01
2.535000567513642777e-03 -1.136458350267882111e-01
2.540000567387332153e-03 -1.138541683632259410e-01
2.545000567261021529e-03 -1.136458350267882111e-01
2.550000567134710905e-03 -1.132291683539127375e-01
2.555000567008400281e-03 -1.130208350174749798e-01
2.560000566882089656e-03 -1.130208350174749798e-01
2.565000566755779032e-03 -1.130208350174749798e-01
2.570000566629468408e-03 -1.126041683445995062e-01
2.575000566503157784e-03 -1.126041683445995062e-01
2.580000566376847160e-03 -1.126041683445995062e-01
2.585000566250536536e-03 -1.120833350035051468e-01
2.590000566124225911e-03 -1.120833350035051468e-01
2.595000565997915287e-03 -1.113541683259730575e-01
2.600000565871604663e-03 -1.116666683306296731e-01
2.605000565745294039e-03 -1.117708349988485311e-01
2.610000565618983415e-03 -1.110416683213164418e-01
2.615000565492672790e-03 -1.110416683213164418e-01
2.620000565366362166e-03 -1.107291683166598123e-01
2.625000565240051542e-03 -1.105208349802220824e-01
2.630000565113740918e-03 -1.105208349802220824e-01
2.635000564987430294e-03 -1.103125016437843386e-01
2.640000564861119670e-03 -1.100000016391277369e-01
2.645000564734809045e-03 -1.101041683073466088e-01
2.650000564608498421e-03 -1.097916683026899931e-01
2.655000564482187797e-03 -1.094791682980333775e-01
2.660000564355877173e-03 -1.093750016298145056e-01
2.665000564229566549e-03 -1.090625016251578899e-01
2.670000564103255924e-03 -1.091666682933767479e-01
2.675000563976945300e-03 -1.089583349569390180e-01
2.680000563850634676e-03 -1.086458349522824024e-01
2.685000563724324052e-03 -1.086458349522824024e-01
2.690000563598013428e-03 -1.083333349476257867e-01
2.695000563471702804e-03 -1.082291682794069287e-01
2.700000563345392179e-03 -1.080208349429691989e-01
2.705000563219081555e-03 -1.083333349476257867e-01
2.710000563092770931e-03 -1.080208349429691989e-01
2.715000562966460307e-03 -1.077083349383125693e-01
2.720000562840149683e-03 -1.079166682747503131e-01
2.725000562713839058e-03 -1.075000016018748256e-01
2.730000562587528434e-03 -1.072916682654370957e-01
2.735000562461217810e-03 -1.070833349289993380e-01
2.740000562334907186e-03 -1.069791682607804800e-01
2.745000562208596562e-03 -1.065625015879049925e-01
2.750000562082285938e-03 -1.068750015925616081e-01
2.755000561955975313e-03 -1.068750015925616081e-01
2.760000561829664689e-03 -1.066666682561238644e-01
2.765000561703354065e-03 -1.065625015879049925e-01
2.770000561577043441e-03 -1.061458349150295050e-01
2.775000561450732817e-03 -1.059375015785917612e-01
2.780000561324422192e-03 -1.062500015832483768e-01
2.785000561198111568e-03 -1.059375015785917612e-01
2.790000561071800944e-03 -1.059375015785917612e-01
2.795000560945490320e-03 -1.059375015785917612e-01
2.800000560819179696e-03 -1.056250015739351455e-01
2.805000560692869072e-03 -1.055208349057162737e-01
2.810000560566558447e-03 -1.053125015692785438e-01
2.815000560440247823e-03 -1.048958348964030701e-01
2.820000560313937199e-03 -1.048958348964030701e-01
2.825000560187626575e-03 -1.045833348917464406e-01
2.830000560061315951e-03 -1.045833348917464406e-01
2.835000559935005326e-03 -1.050000015646219281e-01
2.840000559808694702e-03 -1.044791682235275548e-01
2.845000559682384078e-03 -1.044791682235275548e-01
2.850000559556073454e-03 -1.040625015506520812e-01
2.855000559429762830e-03 -1.040625015506520812e-01
2.860000559303452206e-03 -1.040625015506520812e-01
2.865000559177141581e-03 -1.039583348824332093e-01
2.870000559050830957e-03 -1.041666682188709669e-01
2.875000558924520333e-03 -1.039583348824332093e-01
2.880000558798209709e-03 -1.040625015506520812e-01
2.885000558671899085e-03 -1.037500015459954794e-01
2.890000558545588460e-03 -1.039583348824332093e-01
2.895000558419277836e-03 -1.033333348731200058e-01
2.900000558292967212e-03 -1.033333348731200058e-01
2.905000558166656588e-03 -1.032291682049011200e-01
2.910000558040345964e-03 -1.031250015366822481e-01
2.915000557914035340e-03 -1.033333348731200058e-01
2.920000557787724715e-03 -1.033333348731200058e-01
2.925000557661414091e-03 -1.033333348731200058e-01
2.930000557535103467e-03 -1.031250015366822481e-01
2.935000557408792843e-03 -1.031250015366822481e-01
2.940000557282482219e-03 -1.031250015366822481e-01
2.945000557156171594e-03 -1.036458348777765937e-01
2.950000557029860970e-03 -1.030208348684633762e-01
2.955000556903550346e-03 -1.033333348731200058e-01
2.960000556777239722e-03 -1.033333348731200058e-01
2.965000556650929098e-03 -1.031250015366822481e-01
2.970000556524618474e-03 -1.034375015413388638e-01
2.975000556398307849e-03 -1.036458348777765937e-01
2.980000556271997225e-03 -1.033333348731200058e-01
2.985000556145686601e-03 -1.034375015413388638e-01
2.990000556019375977e-03 -1.033333348731200058e-01
2.995000555893065353e-03 -1.028125015320256325e-01
3.000000555766754728e-03 -1.029166682002444905e-01
3.005000555640444104e-03 -1.033333348731200058e-01
3.010000555514133480e-03 -1.034375015413388638e-01
3.015000555387822856e-03 -1.035416682095577356e-01
3.020000555261512232e-03 -1.033333348731200058e-01
3.025000555135201608e-03 -1.031250015366822481e-01
3.030000555008890983e-03 -1.031250015366822481e-01
3.035000554882580359e-03 -1.029166682002444905e-01
3.040000554756269735e-03 -1.029166682002444905e-01
3.045000554629959111e-03 -1.029166682002444905e-01
3.050000554503648487e-03 -1.032291682049011200e-01
3.055000554377337862e-03 -1.030208348684633762e-01
3.060000554251027238e-03 -1.030208348684633762e-01
3.065000554124716614e-03 -1.029166682002444905e-01
3.070000553998405990e-03 -1.027083348638067606e-01
3.075000553872095366e-03 -1.030208348684633762e-01
3.080000553745784742e-03 -1.023958348591501449e-01
3.085000553619474117e-03 -1.029166682002444905e-01
3.090000553493163493e-03 -1.026041681955879026e-01
3.095000553366852869e-03 -1.026041681955879026e-01
3.100000553240542245e-03 -1.027083348638067606e-01
3.105000553114231621e-03 -1.025000015273690168e-01
3.110000552987920996e-03 -1.021875015227124150e-01
3.115000552861610372e-03 -1.025000015273690168e-01
3.120000552735299748e-03 -1.023958348591501449e-01
3.125000552608989124e-03 -1.018750015180557994e-01
3.130000552482678500e-03 -1.018750015180557994e-01
3.135000552356367876e-03 -1.019791681862746713e-01
3.140000552230057251e-03 -1.016666681816180556e-01
3.145000552103746627e-03 -1.020833348544935293e-01
3.150000551977436003e-03 -1.014583348451803119e-01
3.155000551851125379e-03 -1.010416681723048382e-01
3.160000551724814755e-03 -1.013541681769614261e-01
3.165000551598504130e-03 -1.011458348405236962e-01
3.170000551472193506e-03 -1.012500015087425681e-01
3.175000551345882882e-03 -1.008333348358670806e-01
3.180000551219572258e-03 -1.008333348358670806e-01
3.185000551093261634e-03 -1.009375015040859525e-01
3.190000550966951010e-03 -1.005208348312104649e-01
3.195000550840640385e-03 -1.005208348312104649e-01
3.200000550714329761e-03 -1.004166681629916069e-01
3.205000550588019137e-03 -9.989583482189724750e-02
3.210000550461708513e-03 -1.002083348265538770e-01
3.215000550335397889e-03 -9.989583482189724750e-02
3.220000550209087264e-03 -9.979166815367837562e-02
3.225000550082776640e-03 -9.937500148080290197e-02
3.230000549956466016e-03 -9.937500148080290197e-02
3.235000549830155392e-03 -9.927083481258401620e-02
3.240000549703844768e-03 -9.885416813970854255e-02
3.245000549577534144e-03 -9.864583480327079879e-02
3.250000549451223519e-03 -9.864583480327079879e-02
3.255000549324912895e-03 -9.812500146217643937e-02
3.260000549198602271e-03 -9.854166813505192690e-02
3.265000549072291647e-03 -9.843750146683305502e-02
3.270000548945981023e-03 -9.802083479395756749e-02
3.275000548819670398e-03 -9.770833478930095184e-02
3.280000548693359774e-03 -9.812500146217643937e-02
3.285000548567049150e-03 -9.729166811642547819e-02
3.290000548440738526e-03 -9.677083477533111877e-02
3.295000548314427902e-03 -9.677083477533111877e-02
3.300000548188117278e-03 -9.666666810711224689e-02
3.305000548061806653e-03 -9.656250143889337501e-02
3.310000547935496029e-03 -9.614583476601788747e-02
3.315000547809185405e-03 -9.583333476136128570e-02
3.320000547682874781e-03 -9.552083475670467005e-02
3.325000547556564157e-03 -9.552083475670467005e-02
3.330000547430253532e-03 -9.479166807917256687e-02
3.335000547303942908e-03 -9.468750141095370887e-02
3.340000547177632284e-03 -9.416666806985934945e-02
3.345000547051321660e-03 -9.375000139698386192e-02
3.350000546925011036e-03 -9.343750139232724627e-02
3.355000546798700412e-03 -9.322916805588950251e-02
3.360000546672389787e-03 -9.302083471945175874e-02
3.365000546546079163e-03 -9.270833471479515697e-02
3.370000546419768539e-03 -9.208333470548192567e-02
3.375000546293457915e-03 -9.187500136904418191e-02
3.380000546167147291e-03 -9.145833469616869438e-02
3.385000546040836666e-03 -9.114583469151209261e-02
3.390000545914526042e-03 -9.072916801863660508e-02
3.395000545788215418e-03 -9.020833467754224566e-02
3.400000545661904794e-03 -8.989583467288563001e-02
3.405000545535594170e-03 -8.927083466357241259e-02
3.410000545409283546e-03 -8.916666799535354071e-02
3.415000545282972921e-03 -8.864583465425918130e-02
3.420000545156662297e-03 -8.885416799069692506e-02
3.425000545030351673e-03 -8.822916798138370764e-02
3.430000544904041049e-03 -8.770833464028934823e-02
3.435000544777730425e-03 -8.729166796741386070e-02
3.440000544651419800e-03 -8.656250128988175752e-02
3.445000544525109176e-03 -8.645833462166289951e-02
3.450000544398798552e-03 -8.645833462166289951e-02
3.455000544272487928e-03 -8.614583461700628386e-02
3.460000544146177304e-03 -8.552083460769305256e-02
3.465000544019866680e-03 -8.479166793016096326e-02
3.470000543893556055e-03 -8.458333459372321950e-02
3.475000543767245431e-03 -8.447916792550434761e-02
3.480000543640934807e-03 -8.364583457975337255e-02
3.485000543514624183e-03 -8.343750124331562878e-02
3.490000543388313559e-03 -8.291666790222128325e-02
3.495000543262002934e-03 -8.260416789756466760e-02
3.500000543135692310e-03 -8.208333455647030819e-02
3.505000543009381686e-03 -8.208333455647030819e-02
3.510000542883071062e-03 -8.135416787893821888e-02
3.515000542756760438e-03 -8.052083453318724382e-02
3.520000542630449814e-03 -8.020833452853064205e-02
3.525000542504139189e-03 -8.020833452853064205e-02
3.530000542377828565e-03 -7.979166785565515452e-02
3.535000542251517941e-03 -7.947916785099853887e-02
3.540000542125207317e-03 -7.906250117812306522e-02
3.545000541998896693e-03 -7.885416784168532145e-02
3.550000541872586068e-03 -7.781250115949660262e-02
3.555000541746275444e-03 -7.781250115949660262e-02
3.560000541619964820e-03 -7.708333448196451332e-02
3.565000541493654196e-03 -7.718750115018337132e-02
3.570000541367343572e-03 -7.645833447265128202e-02
3.575000541241032948e-03 -7.593750113155693648e-02
3.580000541114722323e-03 -7.562500112690030696e-02
3.585000540988411699e-03 -7.520833445402483330e-02
3.590000540862101075e-03 -7.479166778114934577e-02
3.595000540735790451e-03 -7.437500110827387212e-02
3.600000540609479827e-03 -7.354166776252289706e-02
3.605000540483169202e-03 -7.364583443074176894e-02
3.610000540356858578e-03 -7.302083442142853764e-02
3.615000540230547954e-03 -7.270833441677192199e-02
3.620000540104237330e-03 -7.229166774389644834e-02
3.625000539977926706e-03 -7.177083440280208892e-02
3.630000539851616081e-03 -7.135416772992660139e-02
3.635000539725305457e-03 -7.104166772526999962e-02
3.640000539598994833e-03 -7.114583439348885763e-02
3.645000539472684209e-03 -7.000000104308128079e-02
3.650000539346373585e-03 -6.979166770664353703e-02
3.655000539220062961e-03 -6.937500103376804950e-02
3.660000539093752336e-03 -6.927083436554919149e-02
3.665000538967441712e-03 -6.843750101979821643e-02
3.670000538841131088e-03 -6.822916768336047266e-02
3.675000538714820464e-03 -6.760416767404725524e-02
3.680000538588509840e-03 -6.750000100582838336e-02
3.685000538462199215e-03 -6.687500099651515206e-02
3.690000538335888591e-03 -6.687500099651515206e-02
3.695000538209577967e-03 -6.656250099185855029e-02
3.700000538083267343e-03 -6.635416765542080653e-02
3.705000537956956719e-03 -6.583333431432644711e-02
3.710000537830646095e-03 -6.531250097323208770e-02
3.715000537704335470e-03 -6.552083430966983146e-02
3.720000537578024846e-03 -6.437500095926225463e-02
3.725000537451714222e-03 -6.427083429104338275e-02
3.730000537325403598e-03 -6.406250095460563898e-02
3.735000537199092974e-03 -6.416666762282451086e-02
3.740000537072782349e-03 -6.333333427707353580e-02
3.745000536946471725e-03 -6.354166761351127957e-02
3.750000536820161101e-03 -6.302083427241693403e-02
3.755000536693850477e-03 -6.250000093132257462e-02
3.760000536567539853e-03 -6.208333425844709402e-02
3.765000536441229229e-03 -6.177083425379047837e-02
3.770000536314918604e-03 -6.177083425379047837e-02
3.775000536188607980e-03 -6.093750090803951025e-02
3.780000536062297356e-03 -6.072916757160176648e-02
3.785000535935986732e-03 -6.052083423516402966e-02
3.790000535809676108e-03 -6.093750090803951025e-02
3.795000535683365483e-03 -6.020833423050741401e-02
3.800000535557054859e-03 -6.031250089872628589e-02
3.805000535430744235e-03 -5.989583422585080530e-02
3.810000535304433611e-03 -6.000000089406967024e-02
3.815000535178122987e-03 -5.927083421653756706e-02
3.820000535051812363e-03 -5.906250088009983024e-02
3.825000534925501738e-03 -5.854166753900547776e-02
3.830000534799191114e-03 -5.833333420256774093e-02
3.835000534672880490e-03 -5.875000087544322153e-02
3.840000534546569866e-03 -5.833333420256774093e-02
3.845000534420259242e-03 -5.812500086612999717e-02
3.850000534293948617e-03 -5.791666752969226034e-02
3.855000534167637993e-03 -5.770833419325450270e-02
3.860000534041327369e-03 -5.770833419325450270e-02
3.865000533915016745e-03 -5.760416752503563775e-02
3.870000533788706121e-03 -5.739583418859790093e-02
3.875000533662395497e-03 -5.708333418394128528e-02
3.880000533536084872e-03 -5.687500084750354151e-02
3.885000533409774248e-03 -5.666666751106579775e-02
3.890000533283463624e-03 -5.635416750640919598e-02
3.895000533157153000e-03 -5.645833417462806092e-02
3.900000533030842376e-03 -5.635416750640919598e-02
3.905000532904531751e-03 -5.645833417462806092e-02
3.910000532778221127e-03 -5.593750083353370151e-02
3.915000532651910503e-03 -5.572916749709595774e-02
3.920000532525599879e-03 -5.583333416531483656e-02
3.925000532399289255e-03 -5.562500082887709280e-02
3.930000532272978631e-03 -5.572916749709595774e-02
3.935000532146668006e-03 -5.541666749243934903e-02
3.940000532020357382e-03 -5.520833415600161220e-02
3.945000531894046758e-03 -5.479166748312613161e-02
3.950000531767736134e-03 -5.510416748778273338e-02
3.955000531641425510e-03 -5.500000081956386844e-02
3.960000531515114885e-03 -5.458333414668837397e-02
3.965000531388804261e-03 -5.468750081490725279e-02
3.970000531262493637e-03 -5.447916747846950902e-02
3.975000531136183013e-03 -5.447916747846950902e-02
3.980000531009872389e-03 -5.458333414668837397e-02
3.985000530883561765e-03 -5.437500081025063714e-02
3.990000530757251140e-03 -5.395833413737515655e-02
3.995000530630940516e-03 -5.406250080559402843e-02
4.000000530504629892e-03 -5.458333414668837397e-02
4.005000530378319268e-03 -5.406250080559402843e-02
4.010000530252008644e-03 -5.385416746915628466e-02
4.015000530125698019e-03 -5.395833413737515655e-02
4.020000529999387395e-03 -5.385416746915628466e-02
4.025000529873076771e-03 -5.395833413737515655e-02
4.030000529746766147e-03 -5.385416746915628466e-02
4.035000529620455523e-03 -5.364583413271854784e-02
4.040000529494144899e-03 -5.354166746449966902e-02
4.045000529367834274e-03 -5.375000080093741278e-02
4.050000529241523650e-03 -5.385416746915628466e-02
4.055000529115213026e-03 -5.406250080559402843e-02
4.060000528988902402e-03 -5.385416746915628466e-02
4.065000528862591778e-03 -5.364583413271854784e-02
4.070000528736281153e-03 -5.375000080093741278e-02
4.075000528609970529e-03 -5.406250080559402843e-02
4.080000528483659905e-03 -5.375000080093741278e-02
4.085000528357349281e-03 -5.385416746915628466e-02
4.090000528231038657e-03 -5.406250080559402843e-02
4.095000528104728033e-03 -5.385416746915628466e-02
4.100000527978417408e-03 -5.395833413737515655e-02
4.105000527852106784e-03 -5.437500081025063714e-02
4.110000527725796160e-03 -5.416666747381289337e-02
4.115000527599485536e-03 -5.375000080093741278e-02
4.120000527473174912e-03 -5.406250080559402843e-02
4.125000527346864287e-03 -5.416666747381289337e-02
4.130000527220553663e-03 -5.416666747381289337e-02
4.135000527094243039e-03 -5.385416746915628466e-02
4.140000526967932415e-03 -5.375000080093741278e-02
4.145000526841621791e-03 -5.395833413737515655e-02
4.150000526715311167e-03 -5.416666747381289337e-02
4.155000526589000542e-03 -5.406250080559402843e-02
4.160000526462689918e-03 -5.427083414203177220e-02
4.165000526336379294e-03 -5.270833411874870783e-02
4.170000526210068670e-03 -5.437500081025063714e-02
4.175000526083758046e-03 -5.427083414203177220e-02
4.180000525957447421e-03 -5.416666747381289337e-02
4.185000525831136797e-03 -5.385416746915628466e-02
4.190000525704826173e-03 -5.385416746915628466e-02
4.195000525578515549e-03 -5.375000080093741278e-02
4.200000525452204925e-03 -5.437500081025063714e-02
4.205000525325894301e-03 -5.416666747381289337e-02
4.210000525199583676e-03 -5.416666747381289337e-02
4.215000525073273052e-03 -5.447916747846950902e-02
4.220000524946962428e-03 -5.427083414203177220e-02
4.225000524820651804e-03 -5.427083414203177220e-02
4.230000524694341180e-03 -5.427083414203177220e-02
4.235000524568030555e-03 -5.395833413737515655e-02
4.240000524441719931e-03 -5.375000080093741278e-02
4.245000524315409307e-03 -5.343750079628080407e-02
4.250000524189098683e-03 -5.354166746449966902e-02
4.255000524062788059e-03 -5.333333412806193219e-02
4.260000523936477435e-03 -5.333333412806193219e-02
4.265000523810166810e-03 -5.322916745984306724e-02
4.270000523683856186e-03 -5.333333412806193219e-02
4.275000523557545562e-03 -5.312500079162418842e-02
4.280000523431234938e-03 -5.333333412806193219e-02
4.285000523304924314e-03 -5.312500079162418842e-02
4.290000523178613689e-03 -5.291666745518644466e-02
4.295000523052303065e-03 -5.312500079162418842e-02
4.300000522925992441e-03 -5.291666745518644466e-02
4.305000522799681817e-03 -5.302083412340530960e-02
4.310000522673371193e-03 -5.291666745518644466e-02
4.315000522547060569e-03 -5.270833411874870783e-02
4.320000522420749944e-03 -5.239583411409209218e-02
4.325000522294439320e-03 -5.250000078231096406e-02
4.330000522168128696e-03 -5.197916744121660465e-02
4.335000522041818072e-03 -5.208333410943548347e-02
4.340000521915507448e-03 -5.218750077765434842e-02
4.345000521789196823e-03 -5.208333410943548347e-02
4.350000521662886199e-03 -5.239583411409209218e-02
4.355000521536575575e-03 -5.145833410012224524e-02
4.360000521410264951e-03 -5.135416743190338029e-02
4.365000521283954327e-03 -5.114583409546564347e-02
4.370000521157643703e-03 -5.104166742724676464e-02
4.375000521031333078e-03 -5.093750075902789970e-02
4.380000520905022454e-03 -5.062500075437128405e-02
4.385000520778711830e-03 -5.031250074971467534e-02
4.390000520652401206e-03 -5.020833408149580346e-02
4.395000520526090582e-03 -4.989583407683918781e-02
4.400000520399779957e-03 -4.979166740862031593e-02
4.405000520273469333e-03 -4.947916740396370722e-02
4.410000520147158709e-03 -4.958333407218257910e-02
4.415000520020848085e-03 -4.979166740862031593e-02
4.420000519894537461e-03 -4.895833406286934780e-02
4.425000519768226837e-03 -4.895833406286934780e-02
4.430000519641916212e-03 -4.864583405821273909e-02
4.435000519515605588e-03 -4.760416737602402720e-02
4.440000519389294964e-03 -4.802083404889951473e-02
4.445000519262984340e-03 -4.739583403958628344e-02
4.450000519136673716e-03 -4.708333403492967473e-02
4.455000519010363091e-03 -4.677083403027305908e-02
4.460000518884052467e-03 -4.625000068917870660e-02
4.465000518757741843e-03 -4.593750068452209095e-02
4.470000518631431219e-03 -4.520833400698999471e-02
4.475000518505120595e-03 -4.520833400698999471e-02
4.480000518378809971e-03 -4.510416733877112283e-02
4.485000518252499346e-03 -4.437500066123902659e-02
4.490000518126188722e-03 -4.416666732480128282e-02
4.495000517999878098e-03 -4.343750064726919352e-02
4.500000517873567474e-03 -4.291666730617483411e-02
4.505000517747256850e-03 -4.250000063329934658e-02
4.510000517620946225e-03 -4.229166729686160975e-02
4.515000517494635601e-03 -4.145833395111064162e-02
4.520000517368324977e-03 -4.114583394645402598e-02
4.525000517242014353e-03 -4.041666726892192973e-02
4.530000517115703729e-03 -3.989583392782757726e-02
4.535000516989393105e-03 -3.979166725960870538e-02
4.540000516863082480e-03 -3.864583390920112854e-02
4.545000516736771856e-03 -3.864583390920112854e-02
4.550000516610461232e-03 -3.791666723166902536e-02
4.555000516484150608e-03 -3.729166722235580100e-02
4.560000516357839984e-03 -3.645833387660483288e-02
4.565000516231529359e-03 -3.635416720838596100e-02
4.570000516105218735e-03 -3.572916719907273664e-02
4.575000515978908111e-03 -3.531250052619725605e-02
4.580000515852597487e-03 -3.510416718975951228e-02
4.585000515726286863e-03 -3.343750049825757603e-02
4.590000515599976239e-03 -3.302083382538209544e-02
4.595000515473665614e-03 -3.250000048428774296e-02
4.600000515347354990e-03 -3.229166714784999920e-02
4.605000515221044366e-03 -3.135416713388015919e-02
4.610000515094733742e-03 -3.072916712456693483e-02
4.615000514968423118e-03 -2.979166711059709483e-02
4.620000514842112493e-03 -2.916666710128387047e-02
4.625000514715801869e-03 -2.854166709197064264e-02
4.630000514589491245e-03 -2.791666708265741828e-02
4.635000514463180621e-03 -2.718750040512531857e-02
4.640000514336869997e-03 -2.614583372293661015e-02
4.645000514210559373e-03 -2.500000037252902985e-02
4.650000514084248748e-03 -2.500000037252902985e-02
4.655000513957938124e-03 -2.406250035855919331e-02
4.660000513831627500e-03 -2.354166701746483736e-02
4.665000513705316876e-03 -2.239583366705725706e-02
4.670000513579006252e-03 -2.177083365774402923e-02
4.675000513452695627e-03 -2.093750031199306458e-02
4.680000513326385003e-03 -1.968750029336660892e-02
4.685000513200074379e-03 -1.906250028405338456e-02
4.690000513073763755e-03 -1.791666693364580426e-02
4.695000512947453131e-03 -1.718750025611370802e-02
4.700000512821142507e-03 -1.677083358323822396e-02
4.705000512694831882e-03 -1.531250022817403147e-02
4.710000512568521258e-03 -1.489583355529854741e-02
4.715000512442210634e-03 -1.354166686845322334e-02
4.720000512315900010e-03 -1.281250019092112710e-02
4.725000512189589386e-03 -1.166666684051354680e-02
4.730000512063278761e-03 -1.083333349476258041e-02
4.735000511936968137e-03 -9.895833480792740403e-03
4.740000511810657513e-03 -8.854166798604031982e-03
4.745000511684346889e-03 -8.020833452853063858e-03
4.750000511558036265e-03 -6.250000093132257462e-03
4.755000511431725640e-03 -5.104166742724677158e-03
4.760000511305415016e-03 -4.479166733411451065e-03
4.765000511179104392e-03 -3.125000046566128731e-03
4.770000511052793768e-03 -1.979166696158547994e-03
4.775000510926483144e-03 -1.041666682188709505e-03
4.780000510800172520e-03 2.083333364377419226e-04
4.785000510673861895e-03 9.375000139698385975e-04
4.790000510547551271e-03 2.395833369034032056e-03
4.795000510421240647e-03 3.125000046566128731e-03
4.800000510294930023e-03 4.895833406286935127e-03
4.805000510168619399e-03 6.145833424913386446e-03
4.810000510042308774e-03 6.666666766007741524e-03
4.815000509915998150e-03 8.750000130385160099e-03
4.820000509789687526e-03 9.583333476136128223e-03
4.825000509663376902e-03 1.072916682654370853e-02
4.830000509537066278e-03 1.166666684051354680e-02
4.835000509410755654e-03 1.333333353201548305e-02
4.840000509284445029e-03 1.468750021886080538e-02
4.845000509158134405e-03 1.593750023748725583e-02
4.850000509031823781e-03 1.739583359255144832e-02
4.855000508905513157e-03 1.843750027474016021e-02
4.860000508779202533e-03 1.958333362514774051e-02
4.865000508652891908e-03 2.125000031664967329e-02
4.870000508526581284e-03 2.260416700349499736e-02
4.875000508400270660e-03 2.437500036321580202e-02
4.880000508273960036e-03 2.531250037718564203e-02
4.885000508147649412e-03 2.739583374156306581e-02
4.890000508021338788e-03 2.854166709197064264e-02
4.895000507895028163e-03 2.968750044237822294e-02
4.900000507768717539e-03 3.114583379744241542e-02
4.905000507642406915e-03 3.250000048428774296e-02
4.910000507516096291e-03 3.427083384400854416e-02
4.915000507389785667e-03 3.541666719441612793e-02
4.920000507263475042e-03 3.677083388126144853e-02
4.925000507137164418e-03 3.812500056810676913e-02
4.930000507010853794e-03 4.020833393248419291e-02
4.935000506884543170e-03 4.187500062398612916e-02
4.940000506758232546e-03 4.354166731548805847e-02
4.945000506631921922e-03 4.531250067520886660e-02
4.950000506505611297e-03 4.718750070314853967e-02
4.955000506379300673e-03 4.854166738999386721e-02
4.960000506252990049e-03 5.020833408149580346e-02
4.965000506126679425e-03 5.156250076834112406e-02
4.970000506000368801e-03 5.343750079628080407e-02
4.975000505874058176e-03 5.531250082422047715e-02
4.980000505747747552e-03 5.687500084750354151e-02
4.985000505621436928e-03 5.843750087078660588e-02
4.990000505495126304e-03 6.010416756228854213e-02
4.995000505368815680e-03 6.218750092666595897e-02
5.000000505242505056e-03 6.343750094529242156e-02
5.005000505116194431e-03 6.552083430966983146e-02
5.010000504989883807e-03 6.729166766939063959e-02
5.015000504863573183e-03 6.937500103376804950e-02
5.020000504737262559e-03 7.031250104773789644e-02
5.025000504610951935e-03 7.302083442142853764e-02
5.030000504484641310e-03 7.489583444936821766e-02
5.035000504358330686e-03 7.687500114552676955e-02
5.040000504232020062e-03 7.875000117346643569e-02
5.045000504105709438e-03 8.104166787428160323e-02
5.050000503979398814e-03 8.260416789756466760e-02
5.055000503853088190e-03 8.458333459372321950e-02
5.060000503726777565e-03 8.635416795344402763e-02
5.065000503600466941e-03 8.822916798138370764e-02
5.070000503474156317e-03 9.031250134576111754e-02
5.075000503347845693e-03 9.156250136438758014e-02
5.080000503221535069e-03 9.447916807451596510e-02
5.085000503095224444e-03 9.625000143423677323e-02
5.090000502968913820e-03 9.791666812573869560e-02
5.095000502842603196e-03 1.003125014947727350e-01
5.100000502716292572e-03 1.017708348498369414e-01
5.105000502589981948e-03 1.041666682188709669e-01
5.110000502463671324e-03 1.060416682468106192e-01
5.115000502337360699e-03 1.083333349476257867e-01
5.120000502211050075e-03 1.103125016437843386e-01
5.125000502084739451e-03 1.121875016717240187e-01
5.130000501958428827e-03 1.144791683725391862e-01
5.135000501832118203e-03 1.164583350686977242e-01
5.140000501705807578e-03 1.184375017648562761e-01
5.145000501579496954e-03 1.202083351245770843e-01
5.150000501453186330e-03 1.222916684889545080e-01
5.155000501326875706e-03 1.243750018533319179e-01
5.160000501200565082e-03 1.264583352177093556e-01
5.165000501074254458e-03 1.287500019185245093e-01
5.170000500947943833e-03 1.308333352829019192e-01
5.175000500821633209e-03 1.328125019790604711e-01
5.180000500695322585e-03 1.352083353480945105e-01
5.185000500569011961e-03 1.368750020395964329e-01
5.190000500442701337e-03 1.385416687310983830e-01
5.195000500316390712e-03 1.401041687543814473e-01
5.200000500190080088e-03 1.426041687916343448e-01
5.205000500063769464e-03 1.446875021560117547e-01
5.210000499937458840e-03 1.470833355250457941e-01
5.215000499811148216e-03 1.492708355576420898e-01
5.220000499684837592e-03 1.509375022491440121e-01
5.225000499558526967e-03 1.530208356135214498e-01
5.230000499432216343e-03 1.548958356414611159e-01
5.235000499305905719e-03 1.572916690104951554e-01
5.240000499179595095e-03 1.591666690384348215e-01
5.245000499053284471e-03 1.616666690756877189e-01
5.250000498926973846e-03 1.633333357671896691e-01
5.255000498800663222e-03 1.651041691269104772e-01
5.260000498674352598e-03 1.673958358277256309e-01
5.265000498548041974e-03 1.692708358556652970e-01
5.270000498421731350e-03 1.713541692200427347e-01
5.275000498295420726e-03 1.731250025797635150e-01
5.280000498169110101e-03 1.753125026123598384e-01
5.285000498042799477e-03 1.776041693131749921e-01
5.290000497916488853e-03 1.802083360186467476e-01
5.295000497790178229e-03 1.813541693690543244e-01
5.300000497663867605e-03 1.832291693969940183e-01
5.305000497537556980e-03 1.851041694249336844e-01
5.310000497411246356e-03 1.870833361210922363e-01
5.315000497284935732e-03 1.887500028125941587e-01
5.320000497158625108e-03 1.908333361769715963e-01
5.325000497032314484e-03 1.929166695413490062e-01
5.330000496906003860e-03 1.941666695599754688e-01
5.335000496779693235e-03 1.964583362607906225e-01
5.340000496653382611e-03 1.973958362747604556e-01
5.345000496527071987e-03 2.000000029802322388e-01
5.350000496400761363e-03 2.014583363352964451e-01
5.355000496274450739e-03 2.032291696950172255e-01
5.360000496148140114e-03 2.043750030454248301e-01
5.365000496021829490e-03 2.059375030687078945e-01
5.370000495895518866e-03 2.082291697695230759e-01
5.375000495769208242e-03 2.098958364610249983e-01
5.380000495642897618e-03 2.114583364843080626e-01
5.385000495516586994e-03 2.129166698393722690e-01
5.390000495390276369e-03 2.129166698393722690e-01
5.395000495263965745e-03 2.129166698393722690e-01
5.400000495137655121e-03 2.129166698393722690e-01
5.405000495011344497e-03 2.129166698393722690e-01
5.410000494885033873e-03 2.129166698393722690e-01
5.415000494758723248e-03 2.129166698393722690e-01
5.420000494632412624e-03 2.129166698393722690e-01
5.425000494506102000e-03 2.129166698393722690e-01
5.430000494379791376e-03 2.129166698393722690e-01
5.435000494253480752e-03 2.129166698393722690e-01
5.440000494127170128e-03 2.129166698393722690e-01
5.445000494000859503e-03 2.129166698393722690e-01
5.450000493874548879e-03 2.129166698393722690e-01
5.455000493748238255e-03 2.129166698393722690e-01
5.460000493621927631e-03 2.129166698393722690e-01
5.465000493495617007e-03 2.129166698393722690e-01
5.470000493369306382e-03 2.129166698393722690e-01
5.475000493242995758e-03 2.129166698393722690e-01
5.480000493116685134e-03 2.129166698393722690e-01
5.485000492990374510e-03 2.129166698393722690e-01
5.490000492864063886e-03 2.129166698393722690e-01
5.495000492737753262e-03 2.129166698393722690e-01
5.500000492611442637e-03 2.129166698393722690e-01
5.505000492485132013e-03 2.129166698393722690e-01
5.510000492358821389e-03 2.129166698393722690e-01
5.515000492232510765e-03 2.129166698393722690e-01
5.520000492106200141e-03 2.129166698393722690e-01
5.525000491979889516e-03 2.129166698393722690e-01
5.530000491853578892e-03 2.129166698393722690e-01
5.535000491727268268e-03 2.129166698393722690e-01
5.540000491600957644e-03 2.129166698393722690e-01
5.545000491474647020e-03 2.129166698393722690e-01
5.550000491348336396e-03 2.129166698393722690e-01
5.555000491222025771e-03 2.129166698393722690e-01
5.560000491095715147e-03 2.129166698393722690e-01
5.565000490969404523e-03 2.129166698393722690e-01
5.570000490843093899e-03 2.129166698393722690e-01
5.575000490716783275e-03 2.129166698393722690e-01
5.580000490590472650e-03 2.129166698393722690e-01
5.585000490464162026e-03 2.129166698393722690e-01
5.590000490337851402e-03 2.129166698393722690e-01
5.595000490211540778e-03 2.129166698393722690e-01
5.600000490085230154e-03 2.129166698393722690e-01
5.605000489958919530e-03 2.129166698393722690e-01
5.610000489832608905e-03 2.129166698393722690e-01
5.615000489706298281e-03 2.129166698393722690e-01
5.620000489579987657e-03 2.129166698393722690e-01
5.625000489453677033e-03 2.129166698393722690e-01
5.630000489327366409e-03 2.129166698393722690e-01
5.635000489201055784e-03 2.129166698393722690e-01
5.640000489074745160e-03 2.129166698393722690e-01
5.645000488948434536e-03 2.129166698393722690e-01
5.650000488822123912e-03 2.129166698393722690e-01
5.655000488695813288e-03 2.129166698393722690e-01
5.660000488569502664e-03 2.129166698393722690e-01
5.665000488443192039e-03 2.129166698393722690e-01
5.670000488316881415e-03 2.129166698393722690e-01
5.675000488190570791e-03 2.129166698393722690e-01
5.680000488064260167e-03 2.129166698393722690e-01
5.685000487937949543e-03 2.129166698393722690e-01
5.690000487811638918e-03 2.129166698393722690e-01
5.695000487685328294e-03 2.129166698393722690e-01
5.700000487559017670e-03 2.129166698393722690e-01
5.705000487432707046e-03 2.129166698393722690e-01
5.710000487306396422e-03 2.129166698393722690e-01
5.715000487180085798e-03 2.129166698393722690e-01
5.720000487053775173e-03 2.129166698393722690e-01
5.725000486927464549e-03 2.129166698393722690e-01
5.730000486801153925e-03 2.129166698393722690e-01
5.735000486674843301e-03 2.129166698393722690e-01
5.740000486548532677e-03 2.129166698393722690e-01
5.745000486422222052e-03 2.129166698393722690e-01
5.750000486295911428e-03 2.129166698393722690e-01
5.755000486169600804e-03 2.129166698393722690e-01
5.760000486043290180e-03 2.129166698393722690e-01
5.765000485916979556e-03 2.129166698393722690e-01
5.770000485790668932e-03 2.129166698393722690e-01
5.775000485664358307e-03 2.129166698393722690e-01
5.780000485538047683e-03 2.129166698393722690e-01
5.785000485411737059e-03 2.129166698393722690e-01
5.790000485285426435e-03 2.120833364936212384e-01
5.795000485159115811e-03 2.103125031339004580e-01
5.800000485032805186e-03 2.087500031106173937e-01
5.805000484906494562e-03 2.075000030919909588e-01
5.810000484780183938e-03 2.058333364004889809e-01
5.815000484653873314e-03 2.039583363725493426e-01
5.820000484527562690e-03 2.021875030128285344e-01
5.825000484401252066e-03 2.007291696577643281e-01
5.830000484274941441e-03 1.982291696205114306e-01
5.835000484148630817e-03 1.970833362701038538e-01
5.840000484022320193e-03 1.947916695692887001e-01
5.845000483896009569e-03 1.929166695413490062e-01
5.850000483769698945e-03 1.912500028498470839e-01
5.855000483643388320e-03 1.892708361536885320e-01
5.860000483517077696e-03 1.872916694575299801e-01
5.865000483390767072e-03 1.853125027613714282e-01
5.870000483264456448e-03 1.832291693969940183e-01
5.875000483138145824e-03 1.819791693783675557e-01
5.880000483011835199e-03 1.795833360093335440e-01
5.885000482885524575e-03 1.773958359767372484e-01
5.890000482759213951e-03 1.752083359441409527e-01
5.895000482632903327e-03 1.730208359115446570e-01
5.900000482506592703e-03 1.711458358836049909e-01
5.905000482380282079e-03 1.690625025192275810e-01
5.910000482253971454e-03 1.670833358230690291e-01
5.915000482127660830e-03 1.648958357904727334e-01
5.920000482001350206e-03 1.629166690943141815e-01
5.925000481875039582e-03 1.611458357345933734e-01
5.930000481748728958e-03 1.582291690244649884e-01
5.935000481622418333e-03 1.565625023329630661e-01
5.940000481496107709e-03 1.541666689639290266e-01
5.945000481369797085e-03 1.518750022631138730e-01
5.950000481243486461e-03 1.502083355716119228e-01
5.955000481117175837e-03 1.473958355297023959e-01
5.960000480990865213e-03 1.451041688288872422e-01
5.965000480864554588e-03 1.431250021327286903e-01
5.970000480738243964e-03 1.404166687590380491e-01
5.975000480611933340e-03 1.387500020675360990e-01
5.980000480485622716e-03 1.364583353667209453e-01
5.985000480359312092e-03 1.342708353341246774e-01
5.990000480233001467e-03 1.322916686379661255e-01
5.995000480106690843e-03 1.300000019371509719e-01
6.000000479980380219e-03 1.277083352363357904e-01
6.005000479854069595e-03 1.252083351990828930e-01
6.010000479727758971e-03 1.231250018347054692e-01
6.015000479601448347e-03 1.207291684656714437e-01
6.020000479475137722e-03 1.185416684330751341e-01
6.025000479348827098e-03 1.164583350686977242e-01
6.030000479222516474e-03 1.141666683678825706e-01
6.035000479096205850e-03 1.120833350035051468e-01
6.040000478969895226e-03 1.096875016344711212e-01
6.045000478843584601e-03 1.072916682654370957e-01
6.050000478717273977e-03 1.052083349010596580e-01
6.055000478590963353e-03 1.029166682002444905e-01
6.060000478464652729e-03 1.007291681676482226e-01
6.065000478338342105e-03 9.843750146683305502e-02
6.070000478212031481e-03 9.593750142958014371e-02
6.075000478085720856e-03 9.427083473807822134e-02
6.080000477959410232e-03 9.187500136904418191e-02
6.085000477833099608e-03 8.958333466822902824e-02
6.090000477706788984e-03 8.781250130850822011e-02
6.095000477580478360e-03 8.552083460769305256e-02
6.100000477454167735e-03 8.333333457509677078e-02
6.105000477327857111e-03 8.145833454715709077e-02
6.110000477201546487e-03 7.885416784168532145e-02
6.115000477075235863e-03 7.687500114552676955e-02
6.120000476948925239e-03 7.489583444936821766e-02
6.125000476822614615e-03 7.281250108499080775e-02
6.130000476696303990e-03 7.052083438417564021e-02
6.135000476569993366e-03 6.864583435623596019e-02
6.140000476443682742e-03 6.687500099651515206e-02
6.145000476317372118e-03 6.437500095926225463e-02
6.150000476191061494e-03 6.239583426310369579e-02
6.155000476064750869e-03 6.062500090338289460e-02
6.160000475938440245e-03 5.854166753900547776e-02
6.165000475812129621e-03 5.645833417462806092e-02
6.170000475685818997e-03 5.458333414668837397e-02
6.175000475559508373e-03 5.291666745518644466e-02
6.180000475433197749e-03 5.114583409546564347e-02
6.185000475306887124e-03 4.927083406752596345e-02
6.190000475180576500e-03 4.718750070314853967e-02
6.195000475054265876e-03 4.531250067520886660e-02
6.200000474927955252e-03 4.354166731548805847e-02
6.205000474801644628e-03 4.177083395576725727e-02
6.210000474675334003e-03 4.000000059604644914e-02
6.215000474549023379e-03 3.781250056345015348e-02
6.220000474422712755e-03 3.656250054482370476e-02
6.225000474296402131e-03 3.468750051688402475e-02
6.230000474170091507e-03 3.281250048894435167e-02
6.235000474043780883e-03 3.135416713388015919e-02
6.240000473917470258e-03 2.947916710594048265e-02
6.245000473791159634e-03 2.781250041443854640e-02
6.250000473664849010e-03 2.614583372293661015e-02
6.255000473538538386e-03 2.437500036321580202e-02
6.260000473412227762e-03 2.302083367637048142e-02
6.265000473285917137e-03 2.104166698021193299e-02
6.270000473159606513e-03 1.958333362514774051e-02
6.275000473033295889e-03 1.791666693364580426e-02
6.280000472906985265e-03 1.635416691036273990e-02
6.285000472780674641e-03 1.468750021886080538e-02
6.290000472654364017e-03 1.322916686379661116e-02
6.295000472528053392e-03 1.156250017229467665e-02
6.300000472401742768e-03 1.000000014901161229e-02
6.305000472275432144e-03 8.645833462166289951e-03
6.310000472149121520e-03 6.979166770664354570e-03
6.315000472022810896e-03 5.000000074505806143e-03
6.320000471896500271e-03 3.750000055879354390e-03
6.325000471770189647e-03 2.395833369034032056e-03
6.330000471643879023e-03 9.375000139698385975e-04
6.335000471517568399e-03 -3.125000046566128839e-04
6.340000471391257775e-03 -1.666666691501935381e-03
6.345000471264947151e-03 -3.229166714785000180e-03
6.350000471138636526e-03 -4.270833396973709034e-03
6.355000471012325902e-03 -5.833333420256773399e-03
6.360000470886015278e-03 -6.875000102445483555e-03
6.365000470759704654e-03 -8.645833462166289951e-03
6.370000470633394030e-03 -9.895833480792740403e-03
6.375000470507083405e-03 -1.083333349476258041e-02
6.380000470380772781e-03 -1.270833352270225695e-02
6.385000470254462157e-03 -1.385416687310983726e-02
6.390000470128151533e-03 -1.541666689639290162e-02
6.395000470001840909e-03 -1.635416691036273990e-02
6.400000469875530285e-03 -1.739583359255144832e-02
6.405000469749219660e-03 -1.885416694761564427e-02
6.410000469622909036e-03 -2.010416696624209645e-02
6.415000469496598412e-03 -2.145833365308741705e-02
6.420000469370287788e-03 -2.239583366705725706e-02
6.425000469243977164e-03 -2.354166701746483736e-02
6.430000469117666539e-03 -2.437500036321580202e-02
6.435000468991355915e-03 -2.604166705471774174e-02
6.440000468865045291e-03 -2.697916706868757827e-02
6.445000468738734667e-03 -2.812500041909515858e-02
6.450000468612424043e-03 -2.906250043306499858e-02
6.455000468486113419e-03 -3.041666711991031571e-02
6.460000468359802794e-03 -3.125000046566128731e-02
6.465000468233492170e-03 -3.218750047963112731e-02
6.470000468107181546e-03 -3.343750049825757603e-02
6.475000467980870922e-03 -3.437500051222741604e-02
6.480000467854560298e-03 -3.520833385797838416e-02
6.485000467728249673e-03 -3.635416720838596100e-02
6.490000467601939049e-03 -3.750000055879354477e-02
6.495000467475628425e-03 -3.833333390454451289e-02
6.500000467349317801e-03 -3.937500058673321784e-02
6.505000467223007177e-03 -4.010416726426532102e-02
6.510000467096696553e-03 -4.135416728289176974e-02
6.515000466970385928e-03 -4.208333396042386598e-02
6.520000466844075304e-03 -4.354166731548805847e-02
6.525000466717764680e-03 -4.406250065658241094e-02
6.530000466591454056e-03 -4.500000067055225789e-02
6.535000466465143432e-03 -4.572916734808434719e-02
6.540000466338832807e-03 -4.687500069849193096e-02
6.545000466212522183e-03 -4.770833404424289909e-02
6.550000466086211559e-03 -4.812500071711838662e-02
6.555000465959900935e-03 -4.885416739465047592e-02
6.560000465833590311e-03 -5.020833408149580346e-02
6.565000465707279687e-03 -5.104166742724676464e-02
6.570000465580969062e-03 -5.104166742724676464e-02
6.575000465454658438e-03 -5.218750077765434842e-02
6.580000465328347814e-03 -5.333333412806193219e-02
6.585000465202037190e-03 -5.406250080559402843e-02
6.590000465075726566e-03 -5.427083414203177220e-02
6.595000464949415941e-03 -5.510416748778273338e-02
6.600000464823105317e-03 -5.572916749709595774e-02
6.605000464696794693e-03 -5.666666751106579775e-02
6.610000464570484069e-03 -5.708333418394128528e-02
6.615000464444173445e-03 -5.781250086147338152e-02
6.620000464317862821e-03 -5.833333420256774093e-02
6.625000464191552196e-03 -5.927083421653756706e-02
6.630000464065241572e-03 -5.979166755763192648e-02
6.635000463938930948e-03 -6.052083423516402966e-02
6.640000463812620324e-03 -6.114583424447725402e-02
6.645000463686309700e-03 -6.156250091735273461e-02
6.650000463559999075e-03 -6.208333425844709402e-02
6.655000463433688451e-03 -6.281250093597919026e-02
6.660000463307377827e-03 -6.312500094063579203e-02
6.665000463181067203e-03 -6.385416761816789522e-02
6.670000463054756579e-03 -6.416666762282451086e-02
6.675000462928445955e-03 -6.500000096857548593e-02
6.680000462802135330e-03 -6.520833430501321581e-02
6.685000462675824706e-03 -6.593750098254531899e-02
6.690000462549514082e-03 -6.625000098720192077e-02
6.695000462423203458e-03 -6.666666766007740830e-02
6.700000462296892834e-03 -6.708333433295289583e-02
6.705000462170582209e-03 -6.729166766939063959e-02
6.710000462044271585e-03 -6.770833434226612713e-02
6.715000461917960961e-03 -6.812500101514161466e-02
6.720000461791650337e-03 -6.864583435623596019e-02
6.725000461665339713e-03 -6.937500103376804950e-02
6.730000461539029089e-03 -6.937500103376804950e-02
6.735000461412718464e-03 -6.947916770198693526e-02
6.740000461286407840e-03 -7.010416771130015268e-02
6.745000461160097216e-03 -7.052083438417564021e-02
6.750000461033786592e-03 -7.104166772526999962e-02
6.755000460907475968e-03 -7.114583439348885763e-02
6.760000460781165343e-03 -7.114583439348885763e-02
6.765000460654854719e-03 -7.177083440280208892e-02
6.770000460528544095e-03 -7.197916773923983269e-02
6.775000460402233471e-03 -7.250000108033417823e-02
6.780000460275922847e-03 -7.291666775320966576e-02
6.785000460149612223e-03 -7.302083442142853764e-02
6.790000460023301598e-03 -7.322916775786628141e-02
6.795000459896990974e-03 -7.395833443539838459e-02
6.800000459770680350e-03 -7.385416776717951270e-02
6.805000459644369726e-03 -7.437500110827387212e-02
6.810000459518059102e-03 -7.447916777649273012e-02
6.815000459391748477e-03 -7.468750111293047389e-02
6.820000459265437853e-03 -7.520833445402483330e-02
6.825000459139127229e-03 -7.510416778580596142e-02
6.830000459012816605e-03 -7.552083445868144895e-02
6.835000458886505981e-03 -7.562500112690030696e-02
6.840000458760195357e-03 -7.614583446799466637e-02
6.845000458633884732e-03 -7.635416780443241014e-02
6.850000458507574108e-03 -7.666666780908902579e-02
6.855000458381263484e-03 -7.697916781374564144e-02
6.860000458254952860e-03 -7.635416780443241014e-02
6.865000458128642236e-03 -7.708333448196451332e-02
6.870000458002331611e-03 -7.687500114552676955e-02
6.875000457876020987e-03 -7.729166781840225708e-02
6.880000457749710363e-03 -7.739583448662111509e-02
6.885000457623399739e-03 -7.729166781840225708e-02
6.890000457497089115e-03 -7.791666782771547450e-02
6.895000457370778491e-03 -7.802083449593434639e-02
6.900000457244467866e-03 -7.843750116880983392e-02
6.905000457118157242e-03 -7.802083449593434639e-02
6.910000456991846618e-03 -7.843750116880983392e-02
6.915000456865535994e-03 -7.843750116880983392e-02
6.920000456739225370e-03 -7.916666784634192322e-02
6.925000456612914745e-03 -7.864583450524757768e-02
6.930000456486604121e-03 -7.906250117812306522e-02
6.935000456360293497e-03 -7.875000117346643569e-02
6.940000456233982873e-03 -7.937500118277966699e-02
6.945000456107672249e-03 -7.927083451456079510e-02
6.950000455981361625e-03 -7.958333451921741075e-02
6.955000455855051000e-03 -7.947916785099853887e-02
6.960000455728740376e-03 -7.947916785099853887e-02
6.965000455602429752e-03 -7.989583452387402640e-02
6.970000455476119128e-03 -7.947916785099853887e-02
6.975000455349808504e-03 -7.968750118743628263e-02
6.980000455223497879e-03 -7.979166785565515452e-02
6.985000455097187255e-03 -7.989583452387402640e-02
6.990000454970876631e-03 -8.020833452853064205e-02
6.995000454844566007e-03 -8.020833452853064205e-02
7.000000454718255383e-03 -7.958333451921741075e-02
7.005000454591944758e-03 -8.031250119674950005e-02
7.010000454465634134e-03 -8.062500120140612958e-02
7.015000454339323510e-03 -8.083333453784385947e-02
7.020000454213012886e-03 -8.083333453784385947e-02
7.025000454086702262e-03 -8.083333453784385947e-02
7.030000453960391638e-03 -8.093750120606273135e-02
7.035000453834081013e-03 -8.156250121537596265e-02
7.040000453707770389e-03 -8.114583454250047512e-02
7.045000453581459765e-03 -8.135416787893821888e-02
7.050000453455149141e-03 -8.114583454250047512e-02
7.055000453328838517e-03 -8.145833454715709077e-02
7.060000453202527892e-03 -8.166666788359483453e-02
7.065000453076217268e-03 -8.156250121537596265e-02
7.070000452949906644e-03 -8.177083455181370641e-02
7.075000452823596020e-03 -8.250000122934579572e-02
7.080000452697285396e-03 -8.197916788825145018e-02
7.085000452570974772e-03 -8.177083455181370641e-02
7.090000452444664147e-03 -8.187500122003256442e-02
7.095000452318353523e-03 -8.260416789756466760e-02
7.100000452192042899e-03 -8.197916788825145018e-02
7.105000452065732275e-03 -8.250000122934579572e-02
7.110000451939421651e-03 -8.281250123400241137e-02
7.115000451813111026e-03 -8.270833456578353948e-02
7.120000451686800402e-03 -8.291666790222128325e-02
7.125000451560489778e-03 -8.281250123400241137e-02
7.130000451434179154e-03 -8.302083457044015513e-02
7.135000451307868530e-03 -8.302083457044015513e-02
7.140000451181557906e-03 -8.333333457509677078e-02
7.145000451055247281e-03 -8.333333457509677078e-02
7.150000450928936657e-03 -8.333333457509677078e-02
7.155000450802626033e-03 -8.364583457975337255e-02
7.160000450676315409e-03 -8.385416791619111632e-02
7.165000450550004785e-03 -8.406250125262886008e-02
7.170000450423694160e-03 -8.364583457975337255e-02
7.175000450297383536e-03 -8.364583457975337255e-02
7.180000450171072912e-03 -8.416666792084773197e-02
7.185000450044762288e-03 -8.468750126194209138e-02
7.190000449918451664e-03 -8.468750126194209138e-02
7.195000449792141040e-03 -8.437500125728547573e-02
7.200000449665830415e-03 -8.427083458906660385e-02
7.205000449539519791e-03 -8.447916792550434761e-02
7.210000449413209167e-03 -8.468750126194209138e-02
7.215000449286898543e-03 -8.500000126659869315e-02
7.220000449160587919e-03 -8.510416793481757891e-02
7.225000449034277294e-03 -8.510416793481757891e-02
7.230000448907966670e-03 -8.479166793016096326e-02
7.235000448781656046e-03 -8.531250127125532268e-02
7.240000448655345422e-03 -8.593750128056854010e-02
7.245000448529034798e-03 -8.593750128056854010e-02
7.250000448402724174e-03 -8.572916794413079633e-02
7.255000448276413549e-03 -8.572916794413079633e-02
7.260000448150102925e-03 -8.614583461700628386e-02
7.265000448023792301e-03 -8.593750128056854010e-02
7.270000447897481677e-03 -8.635416795344402763e-02
7.275000447771171053e-03 -8.635416795344402763e-02
7.280000447644860428e-03 -8.656250128988175752e-02
7.285000447518549804e-03 -8.687500129453838704e-02
7.290000447392239180e-03 -8.677083462631950128e-02
7.295000447265928556e-03 -8.708333463097611693e-02
7.300000447139617932e-03 -8.729166796741386070e-02
7.305000447013307308e-03 -8.718750129919498881e-02
7.310000446886996683e-03 -8.791666797672709199e-02
7.315000446760686059e-03 -8.791666797672709199e-02
7.320000446634375435e-03 -8.802083464494596388e-02
7.325000446508064811e-03 -8.791666797672709199e-02
7.330000446381754187e-03 -8.739583463563273258e-02
7.335000446255443562e-03 -8.812500131316482188e-02
7.340000446129132938e-03 -8.843750131782145141e-02
7.345000446002822314e-03 -8.895833465891579694e-02
7.350000445876511690e-03 -8.885416799069692506e-02
7.355000445750201066e-03 -8.906250132713466883e-02
7.360000445623890442e-03 -8.906250132713466883e-02
7.365000445497579817e-03 -8.947916800001015636e-02
7.370000445371269193e-03 -8.937500133179128448e-02
7.375000445244958569e-03 -8.895833465891579694e-02
7.380000445118647945e-03 -8.968750133644788625e-02
7.385000444992337321e-03 -9.000000134110451577e-02
7.390000444866026696e-03 -9.020833467754224566e-02
7.395000444739716072e-03 -9.031250134576111754e-02
7.400000444613405448e-03 -9.041666801397998943e-02
7.405000444487094824e-03 -9.031250134576111754e-02
7.410000444360784200e-03 -9.114583469151209261e-02
7.415000444234473576e-03 -9.083333468685547696e-02
7.420000444108162951e-03 -9.072916801863660508e-02
7.425000443981852327e-03 -9.052083468219886131e-02
7.430000443855541703e-03 -9.083333468685547696e-02
7.435000443729231079e-03 -9.104166802329322072e-02
7.440000443602920455e-03 -9.125000135973095061e-02
7.445000443476609830e-03 -9.156250136438758014e-02
7.450000443350299206e-03 -9.135416802794983637e-02
7.455000443223988582e-03 -9.177083470082531003e-02
7.460000443097677958e-03 -9.156250136438758014e-02
7.465000442971367334e-03 -9.135416802794983637e-02
7.470000442845056710e-03 -9.187500136904418191e-02
7.475000442718746085e-03 -9.197916803726305379e-02
7.480000442592435461e-03 -9.197916803726305379e-02
7.485000442466124837e-03 -9.218750137370079756e-02
7.490000442339814213e-03 -9.229166804191966944e-02
7.495000442213503589e-03 -9.229166804191966944e-02
7.500000442087192964e-03 -9.208333470548192567e-02
7.505000441960882340e-03 -9.250000137835741321e-02
7.510000441834571716e-03 -9.250000137835741321e-02
7.515000441708261092e-03 -9.260416804657628509e-02
7.520000441581950468e-03 -9.250000137835741321e-02
7.525000441455639844e-03 -9.239583471013854132e-02
7.530000441329329219e-03 -9.250000137835741321e-02
7.535000441203018595e-03 -9.250000137835741321e-02
7.540000441076707971e-03 -9.270833471479515697e-02
7.545000440950397347e-03 -9.239583471013854132e-02
7.550000440824086723e-03 -9.229166804191966944e-02
7.555000440697776098e-03 -9.197916803726305379e-02
7.560000440571465474e-03 -9.239583471013854132e-02
7.565000440445154850e-03 -9.218750137370079756e-02
7.570000440318844226e-03 -9.229166804191966944e-02
7.575000440192533602e-03 -9.239583471013854132e-02
7.580000440066222978e-03 -9.218750137370079756e-02
7.585000439939912353e-03 -9.218750137370079756e-02
7.590000439813601729e-03 -9.218750137370079756e-02
7.595000439687291105e-03 -9.197916803726305379e-02
7.600000439560980481e-03 -9.218750137370079756e-02
7.605000439434669857e-03 -9.229166804191966944e-02
7.610000439308359232e-03 -9.177083470082531003e-02
7.615000439182048608e-03 -9.218750137370079756e-02
7.620000439055737984e-03 -9.197916803726305379e-02
7.625000438929427360e-03 -9.187500136904418191e-02
7.630000438803116736e-03 -9.187500136904418191e-02
7.635000438676806112e-03 -9.187500136904418191e-02
7.640000438550495487e-03 -9.197916803726305379e-02
7.645000438424184863e-03 -9.177083470082531003e-02
7.650000438297874239e-03 -9.177083470082531003e-02
7.655000438171563615e-03 -9.135416802794983637e-02
7.660000438045252991e-03 -9.114583469151209261e-02
7.665000437918942366e-03 -9.145833469616869438e-02
7.670000437792631742e-03 -9.114583469151209261e-02
7.675000437666321118e-03 -9.093750135507434884e-02
7.680000437540010494e-03 -9.041666801397998943e-02
7.685000437413699870e-03 -9.062500135041773319e-02
7.690000437287389246e-03 -9.052083468219886131e-02
7.695000437161078621e-03 -9.052083468219886131e-02
7.700000437034767997e-03 -9.031250134576111754e-02
7.705000436908457373e-03 -9.031250134576111754e-02
7.710000436782146749e-03 -8.958333466822902824e-02
7.715000436655836125e-03 -8.916666799535354071e-02
7.720000436529525500e-03 -8.916666799535354071e-02
7.725000436403214876e-03 -8.927083466357241259e-02
7.730000436276904252e-03 -8.927083466357241259e-02
7.735000436150593628e-03 -8.843750131782145141e-02
7.740000436024283004e-03 -8.843750131782145141e-02
7.745000435897972380e-03 -8.854166798604030941e-02
7.750000435771661755e-03 -8.697916796275724505e-02
7.755000435645351131e-03 -8.781250130850822011e-02
7.760000435519040507e-03 -8.729166796741386070e-02
7.765000435392729883e-03 -8.718750129919498881e-02
7.770000435266419259e-03 -8.677083462631950128e-02
7.775000435140108634e-03 -8.625000128522515574e-02
7.780000435013798010e-03 -8.614583461700628386e-02
7.785000434887487386e-03 -8.562500127591192445e-02
7.790000434761176762e-03 -8.531250127125532268e-02
7.795000434634866138e-03 -8.562500127591192445e-02
7.800000434508555514e-03 -8.531250127125532268e-02
7.805000434382244889e-03 -8.458333459372321950e-02
7.810000434255934265e-03 -8.416666792084773197e-02
7.815000434129623641e-03 -8.437500125728547573e-02
7.820000434003313017e-03 -8.364583457975337255e-02
7.825000433877002393e-03 -8.364583457975337255e-02
7.830000433750691768e-03 -8.364583457975337255e-02
7.835000433624381144e-03 -8.281250123400241137e-02
7.840000433498070520e-03 -8.250000122934579572e-02
7.845000433371759896e-03 -8.250000122934579572e-02
7.850000433245449272e-03 -8.250000122934579572e-02
7.855000433119138648e-03 -8.145833454715709077e-02
7.860000432992828023e-03 -8.145833454715709077e-02
7.865000432866517399e-03 -8.135416787893821888e-02
7.870000432740206775e-03 -8.072916786962498759e-02
7.875000432613896151e-03 -8.041666786496838581e-02
7.880000432487585527e-03 -8.041666786496838581e-02
7.885000432361274902e-03 -8.000000119209289828e-02
7.890000432234964278e-03 -7.989583452387402640e-02
7.895000432108653654e-03 -7.947916785099853887e-02
7.900000431982343030e-03 -7.875000117346643569e-02
7.905000431856032406e-03 -7.875000117346643569e-02
7.910000431729721782e-03 -7.812500116415321827e-02
7.915000431603411157e-03 -7.802083449593434639e-02
7.920000431477100533e-03 -7.781250115949660262e-02
7.925000431350789909e-03 -7.739583448662111509e-02
7.930000431224479285e-03 -7.656250114087015390e-02
7.935000431098168661e-03 -7.666666780908902579e-02
7.940000430971858036e-03 -7.625000113621353826e-02
7.945000430845547412e-03 -7.593750113155693648e-02
7.950000430719236788e-03 -7.562500112690030696e-02
7.955000430592926164e-03 -7.489583444936821766e-02
7.960000430466615540e-03 -7.510416778580596142e-02
7.965000430340304916e-03 -7.500000111758708954e-02
7.970000430213994291e-03 -7.416666777183612835e-02
7.975000430087683667e-03 -7.375000109896064082e-02
7.980000429961373043e-03 -7.364583443074176894e-02
7.985000429835062419e-03 -7.333333442608515329e-02
7.990000429708751795e-03 -7.239583441211532022e-02
7.995000429582441170e-03 -7.250000108033417823e-02
8.000000429456130546e-03 -7.177083440280208892e-02
8.005000429329819922e-03 -7.145833439814547328e-02
8.010000429203509298e-03 -7.177083440280208892e-02
8.015000429077198674e-03 -7.114583439348885763e-02
8.020000428950888050e-03 -7.062500105239451209e-02
8.025000428824577425e-03 -7.010416771130015268e-02
8.030000428698266801e-03 -6.979166770664353703e-02
8.035000428571956177e-03 -6.958333437020579326e-02
8.040000428445645553e-03 -6.875000102445483208e-02
8.045000428319334929e-03 -6.906250102911144773e-02
8.050000428193024304e-03 -6.843750101979821643e-02
8.055000428066713680e-03 -6.843750101979821643e-02
8.060000427940403056e-03 -6.812500101514161466e-02
8.065000427814092432e-03 -6.750000100582838336e-02
8.070000427687781808e-03 -6.750000100582838336e-02
8.075000427561471184e-03 -6.739583433760951148e-02
8.080000427435160559e-03 -6.645833432363966453e-02
8.085000427308849935e-03 -6.697916766473402395e-02
8.090000427182539311e-03 -6.697916766473402395e-02
8.095000427056228687e-03 -6.625000098720192077e-02
8.100000426929918063e-03 -6.593750098254531899e-02
8.105000426803607438e-03 -6.572916764610757523e-02
8.110000426677296814e-03 -6.583333431432644711e-02
8.115000426550986190e-03 -6.541666764145095958e-02
8.120000426424675566e-03 -6.531250097323208770e-02
8.125000426298364942e-03 -6.520833430501321581e-02
8.130000426172054317e-03 -6.479166763213774216e-02
8.135000426045743693e-03 -6.468750096391885640e-02
8.140000425919433069e-03 -6.427083429104338275e-02
8.145000425793122445e-03 -6.458333429569999840e-02
8.150000425666811821e-03 -6.427083429104338275e-02
8.155000425540501197e-03 -6.458333429569999840e-02
8.160000425414190572e-03 -6.406250095460563898e-02
8.165000425287879948e-03 -6.395833428638676710e-02
8.170000425161569324e-03 -6.406250095460563898e-02
8.175000425035258700e-03 -6.375000094994902333e-02
8.180000424908948076e-03 -6.375000094994902333e-02
8.185000424782637451e-03 -6.312500094063579203e-02
8.190000424656326827e-03 -6.395833428638676710e-02
8.195000424530016203e-03 -6.354166761351127957e-02
8.200000424403705579e-03 -6.291666760419806215e-02
8.205000424277394955e-03 -6.302083427241693403e-02
8.210000424151084331e-03 -6.343750094529242156e-02
8.215000424024773706e-03 -6.343750094529242156e-02
8.220000423898463082e-03 -6.364583428173015145e-02
8.225000423772152458e-03 -6.333333427707353580e-02
8.230000423645841834e-03 -6.302083427241693403e-02
8.235000423519531210e-03 -6.291666760419806215e-02
8.240000423393220585e-03 -6.302083427241693403e-02
8.245000423266909961e-03 -6.302083427241693403e-02
8.250000423140599337e-03 -6.343750094529242156e-02
8.255000423014288713e-03 -6.354166761351127957e-02
8.260000422887978089e-03 -6.322916760885467780e-02
8.265000422761667465e-03 -6.354166761351127957e-02
8.270000422635356840e-03 -6.343750094529242156e-02
8.275000422509046216e-03 -6.375000094994902333e-02
8.280000422382735592e-03 -6.375000094994902333e-02
8.285000422256424968e-03 -6.385416761816789522e-02
8.290000422130114344e-03 -6.364583428173015145e-02
8.295000422003803719e-03 -6.364583428173015145e-02
8.300000421877493095e-03 -6.406250095460563898e-02
8.305000421751182471e-03 -6.427083429104338275e-02
8.310000421624871847e-03 -6.447916762748112651e-02
8.315000421498561223e-03 -6.468750096391885640e-02
8.320000421372250599e-03 -6.479166763213774216e-02
8.325000421245939974e-03 -6.479166763213774216e-02
8.330000421119629350e-03 -6.510416763679434393e-02
8.335000420993318726e-03 -6.510416763679434393e-02
8.340000420867008102e-03 -6.541666764145095958e-02
8.345000420740697478e-03 -6.593750098254531899e-02
8.350000420614386853e-03 -6.604166765076419088e-02
8.355000420488076229e-03 -6.604166765076419088e-02
8.360000420361765605e-03 -6.593750098254531899e-02
8.365000420235454981e-03 -6.625000098720192077e-02
8.370000420109144357e-03 -6.708333433295289583e-02
8.375000419982833733e-03 -6.697916766473402395e-02
8.380000419856523108e-03 -6.729166766939063959e-02
8.385000419730212484e-03 -6.802083434692272890e-02
8.390000419603901860e-03 -6.854166768801708831e-02
8.395000419477591236e-03 -6.864583435623596019e-02
8.400000419351280612e-03 -6.885416769267370396e-02
8.405000419224969987e-03 -6.958333437020579326e-02
8.410000419098659363e-03 -6.937500103376804950e-02
8.415000418972348739e-03 -6.968750103842467902e-02
8.420000418846038115e-03 -7.020833437951902456e-02
8.425000418719727491e-03 -7.041666771595676833e-02
8.430000418593416867e-03 -7.114583439348885763e-02
8.435000418467106242e-03 -7.145833439814547328e-02
8.440000418340795618e-03 -7.197916773923983269e-02
8.445000418214484994e-03 -7.229166774389644834e-02
8.450000418088174370e-03 -7.281250108499080775e-02
8.455000417961863746e-03 -7.312500108964740952e-02
8.460000417835553121e-03 -7.385416776717951270e-02
8.465000417709242497e-03 -7.395833443539838459e-02
8.470000417582931873e-03 -7.458333444471160201e-02
8.475000417456621249e-03 -7.468750111293047389e-02
8.480000417330310625e-03 -7.531250112224370519e-02
8.485000417204000001e-03 -7.552083445868144895e-02
8.490000417077689376e-03 -7.635416780443241014e-02
8.495000416951378752e-03 -7.708333448196451332e-02
8.500000416825068128e-03 -7.760416782305885885e-02
8.505000416698757504e-03 -7.739583448662111509e-02
8.510000416572446880e-03 -7.781250115949660262e-02
8.515000416446136255e-03 -7.895833450990417945e-02
8.520000416319825631e-03 -7.906250117812306522e-02
8.525000416193515007e-03 -7.979166785565515452e-02
8.530000416067204383e-03 -8.010416786031177017e-02
8.535000415940893759e-03 -8.041666786496838581e-02
8.540000415814583135e-03 -8.114583454250047512e-02
8.545000415688272510e-03 -8.145833454715709077e-02
8.550000415561961886e-03 -8.145833454715709077e-02
8.555000415435651262e-03 -8.229166789290805195e-02
8.560000415309340638e-03 -8.281250123400241137e-02
8.565000415183030014e-03 -8.260416789756466760e-02
8.570000415056719389e-03 -8.343750124331562878e-02
8.575000414930408765e-03 -8.416666792084773197e-02
8.580000414804098141e-03 -8.447916792550434761e-02
8.585000414677787517e-03 -8.479166793016096326e-02
8.590000414551476893e-03 -8.489583459837983515e-02
8.595000414425166269e-03 -8.500000126659869315e-02
8.600000414298855644e-03 -8.583333461234966821e-02
8.605000414172545020e-03 -8.604166794878741198e-02
8.610000414046234396e-03 -8.666666795810064328e-02
8.615000413919923772e-03 -8.708333463097611693e-02
8.620000413793613148e-03 -8.791666797672709199e-02
8.625000413667302523e-03 -8.812500131316482188e-02
8.630000413540991899e-03 -8.885416799069692506e-02
8.635000413414681275e-03 -8.885416799069692506e-02
8.640000413288370651e-03 -8.968750133644788625e-02
8.645000413162060027e-03 -8.958333466822902824e-02
8.650000413035749403e-03 -8.989583467288563001e-02
8.655000412909438778e-03 -9.020833467754224566e-02
8.660000412783128154e-03 -9.041666801397998943e-02
8.665000412656817530e-03 -9.145833469616869438e-02
8.670000412530506906e-03 -9.145833469616869438e-02
8.675000412404196282e-03 -9.197916803726305379e-02
8.680000412277885657e-03 -9.229166804191966944e-02
8.685000412151575033e-03 -9.260416804657628509e-02
8.690000412025264409e-03 -9.270833471479515697e-02
8.695000411898953785e-03 -9.343750139232724627e-02
8.700000411772643161e-03 -9.375000139698386192e-02
8.705000411646332537e-03 -9.406250140164047757e-02
8.710000411520021912e-03 -9.437500140629707934e-02
8.715000411393711288e-03 -9.437500140629707934e-02
8.720000411267400664e-03 -9.479166807917256687e-02
8.725000411141090040e-03 -9.510416808382918252e-02
8.730000411014779416e-03 -9.583333476136128570e-02
8.735000410888468791e-03 -9.531250142026692629e-02
8.740000410762158167e-03 -9.572916809314241382e-02
8.745000410635847543e-03 -9.614583476601788747e-02
8.750000410509536919e-03 -9.614583476601788747e-02
8.755000410383226295e-03 -9.645833477067450312e-02
8.760000410256915671e-03 -9.677083477533111877e-02
8.765000410130605046e-03 -9.718750144820660630e-02
8.770000410004294422e-03 -9.708333477998773442e-02
8.775000409877983798e-03 -9.718750144820660630e-02
8.780000409751673174e-03 -9.718750144820660630e-02
8.785000409625362550e-03 -9.718750144820660630e-02
8.790000409499051925e-03 -9.739583478464435007e-02
8.795000409372741301e-03 -9.739583478464435007e-02
8.800000409246430677e-03 -9.708333477998773442e-02
8.805000409120120053e-03 -9.718750144820660630e-02
8.810000408993809429e-03 -9.729166811642547819e-02
8.815000408867498805e-03 -9.729166811642547819e-02
8.820000408741188180e-03 -9.718750144820660630e-02
8.825000408614877556e-03 -9.750000145286320807e-02
8.830000408488566932e-03 -9.812500146217643937e-02
8.835000408362256308e-03 -9.697916811176886254e-02
8.840000408235945684e-03 -9.708333477998773442e-02
8.845000408109635059e-03 -9.697916811176886254e-02
8.850000407983324435e-03 -9.666666810711224689e-02
8.855000407857013811e-03 -9.666666810711224689e-02
8.860000407730703187e-03 -9.656250143889337501e-02
8.865000407604392563e-03 -9.625000143423677323e-02
8.870000407478081939e-03 -9.593750142958014371e-02
8.875000407351771314e-03 -9.583333476136128570e-02
8.880000407225460690e-03 -9.541666808848579817e-02
8.885000407099150066e-03 -9.552083475670467005e-02
8.890000406972839442e-03 -9.520833475204805441e-02
8.895000406846528818e-03 -9.489583474739143876e-02
8.900000406720218193e-03 -9.479166807917256687e-02
8.905000406593907569e-03 -9.437500140629707934e-02
8.910000406467596945e-03 -9.427083473807822134e-02
8.915000406341286321e-03 -9.406250140164047757e-02
8.920000406214975697e-03 -9.312500138767064450e-02
8.925000406088665073e-03 -9.291666805123290074e-02
8.930000405962354448e-03 -9.270833471479515697e-02
8.935000405836043824e-03 -9.187500136904418191e-02
8.940000405709733200e-03 -9.177083470082531003e-02
8.945000405583422576e-03 -9.145833469616869438e-02
8.950000405457111952e-03 -9.104166802329322072e-02
8.955000405330801327e-03 -9.093750135507434884e-02
8.960000405204490703e-03 -9.000000134110451577e-02
8.965000405078180079e-03 -8.968750133644788625e-02
8.970000404951869455e-03 -8.958333466822902824e-02
8.975000404825558831e-03 -8.885416799069692506e-02
8.980000404699248207e-03 -8.812500131316482188e-02
8.985000404572937582e-03 -8.739583463563273258e-02
8.990000404446626958e-03 -8.718750129919498881e-02
8.995000404320316334e-03 -8.656250128988175752e-02
9.000000404194005710e-03 -8.583333461234966821e-02
9.005000404067695086e-03 -8.562500127591192445e-02
9.010000403941384461e-03 -8.489583459837983515e-02
9.015000403815073837e-03 -8.437500125728547573e-02
9.020000403688763213e-03 -8.395833458440998820e-02
9.025000403562452589e-03 -8.322916790687789890e-02
9.030000403436141965e-03 -8.270833456578353948e-02
9.035000403309831341e-03 -8.187500122003256442e-02
9.040000403183520716e-03 -8.145833454715709077e-02
9.045000403057210092e-03 -8.062500120140612958e-02
9.050000402930899468e-03 -7.958333451921741075e-02
9.055000402804588844e-03 -7.885416784168532145e-02
9.060000402678278220e-03 -7.833333450059096204e-02
9.065000402551967595e-03 -7.760416782305885885e-02
9.070000402425656971e-03 -7.677083447730789767e-02
9.075000402299346347e-03 -7.572916779511919272e-02
9.080000402173035723e-03 -7.479166778114934577e-02
9.085000402046725099e-03 -7.427083444005498636e-02
9.090000401920414475e-03 -7.322916775786628141e-02
9.095000401794103850e-03 -7.260416774855306399e-02
9.100000401667793226e-03 -7.166666773458321704e-02
9.105000401541482602e-03 -7.083333438883225586e-02
9.110000401415171978e-03 -6.989583437486240891e-02
9.115000401288861354e-03 -6.947916770198693526e-02
9.120000401162550729e-03 -6.822916768336047266e-02
9.125000401036240105e-03 -6.739583433760951148e-02
9.130000400909929481e-03 -6.635416765542080653e-02
9.135000400783618857e-03 -6.593750098254531899e-02
9.140000400657308233e-03 -6.489583430035660017e-02
9.145000400530997609e-03 -6.364583428173015145e-02
9.150000400404686984e-03 -6.302083427241693403e-02
9.155000400278376360e-03 -6.114583424447725402e-02
9.160000400152065736e-03 -6.062500090338289460e-02
9.165000400025755112e-03 -5.989583422585080530e-02
9.170000399899444488e-03 -5.822916753434886211e-02
9.175000399773133863e-03 -5.791666752969226034e-02
9.180000399646823239e-03 -5.645833417462806092e-02
9.185000399520512615e-03 -5.572916749709595774e-02
9.190000399394201991e-03 -5.458333414668837397e-02
9.195000399267891367e-03 -5.343750079628080407e-02
9.200000399141580743e-03 -5.208333410943548347e-02
9.205000399015270118e-03 -5.145833410012224524e-02
9.210000398888959494e-03 -5.041666741793354029e-02
9.215000398762648870e-03 -4.906250073108821969e-02
9.220000398636338246e-03 -4.812500071711838662e-02
9.225000398510027622e-03 -4.718750070314853967e-02
9.230000398383716997e-03 -4.572916734808434719e-02
9.235000398257406373e-03 -4.468750066589564224e-02
9.240000398131095749e-03 -4.364583398370693035e-02
9.245000398004785125e-03 -4.260416730151821846e-02
9.250000397878474501e-03 -4.114583394645402598e-02
9.255000397752163876e-03 -4.010416726426532102e-02
9.260000397625853252e-03 -3.916666725029548102e-02
9.265000397499542628e-03 -3.739583389057467289e-02
9.270000397373232004e-03 -3.635416720838596100e-02
9.275000397246921380e-03 -3.520833385797838416e-02
9.280000397120610756e-03 -3.427083384400854416e-02
9.285000396994300131e-03 -3.312500049360096038e-02
9.290000396867989507e-03 -3.177083380675563978e-02
9.295000396741678883e-03 -3.041666711991031571e-02
9.300000396615368259e-03 -2.927083376950273888e-02
9.305000396489057635e-03 -2.791666708265741828e-02
9.310000396362747010e-03 -2.677083373224983451e-02
9.315000396236436386e-03 -2.520833370896677014e-02
9.320000396110125762e-03 -2.364583368568370578e-02
9.325000395983815138e-03 -2.270833367171386924e-02
9.330000395857504514e-03 -2.145833365308741705e-02
9.335000395731193890e-03 -2.020833363446096487e-02
9.340000395604883265e-03 -1.885416694761564427e-02
9.345000395478572641e-03 -1.729166692433257990e-02
9.350000395352262017e-03 -1.562500023283064365e-02
9.355000395225951393e-03 -1.479166688707967553e-02
9.360000395099640769e-03 -1.322916686379661116e-02
9.365000394973330144e-03 -1.177083350873241868e-02
9.370000394847019520e-03 -1.041666682188709635e-02
9.375000394720708896e-03 -8.645833462166289951e-03
9.380000394594398272e-03 -7.604166779977578929e-03
9.385000394468087648e-03 -5.833333420256773399e-03
9.390000394341777024e-03 -4.270833396973709034e-03
9.395000394215466399e-03 -3.125000046566128731e-03
9.400000394089155775e-03 -1.354166686845322551e-03
9.405000393962845151e-03 2.083333364377419226e-04
9.410000393836534527e-03 1.666666691501935381e-03
9.415000393710223903e-03 3.020833378347257715e-03
9.420000393583913278e-03 4.479166733411451065e-03
9.425000393457602654e-03 6.250000093132257462e-03
9.430000393331292030e-03 7.708333448196450811e-03
9.435000393204981406e-03 9.583333476136128223e-03
9.440000393078670782e-03 1.156250017229467665e-02
9.445000392952360158e-03 1.291666685914000072e-02
9.450000392826049533e-03 1.437500021420419147e-02
9.455000392699738909e-03 1.656250024680048019e-02
9.460000392573428285e-03 1.791666693364580426e-02
9.465000392447117661e-03 1.968750029336660892e-02
9.470000392320807037e-03 2.125000031664967329e-02
9.475000392194496412e-03 2.322916701280822518e-02
9.480000392068185788e-03 2.468750036787241767e-02
9.485000391941875164e-03 2.666666706403096609e-02
9.490000391815564540e-03 2.843750042375177076e-02
9.495000391689253916e-03 3.041666711991031571e-02
9.500000391562943292e-03 3.218750047963112731e-02
9.505000391436632667e-03 3.385416717113306356e-02
9.510000391310322043e-03 3.552083386263499981e-02
9.515000391184011419e-03 3.770833389523128854e-02
9.520000391057700795e-03 3.947916725495208973e-02
9.525000390931390171e-03 4.135416728289176974e-02
9.530000390805079546e-03 4.343750064726919352e-02
9.535000390678768922e-03 4.541666734342773848e-02
9.540000390552458298e-03 4.760416737602402720e-02
9.545000390426147674e-03 4.937500073574483533e-02
9.550000390299837050e-03 5.125000076368450841e-02
9.555000390173526426e-03 5.322916745984306724e-02
9.560000390047215801e-03 5.479166748312613161e-02
9.565000389920905177e-03 5.697916751572241340e-02
9.570000389794594553e-03 5.947916755297532471e-02
9.575000389668283929e-03 6.145833424913386966e-02
9.580000389541973305e-03 6.312500094063579203e-02
9.585000389415662680e-03 6.572916764610757523e-02
9.590000389289352056e-03 6.729166766939063959e-02
9.595000389163041432e-03 6.989583437486240891e-02
9.600000389036730808e-03 7.177083440280208892e-02
9.605000388910420184e-03 7.395833443539838459e-02
9.610000388784109560e-03 7.656250114087015390e-02
9.615000388657798935e-03 7.843750116880983392e-02
9.620000388531488311e-03 8.052083453318724382e-02
9.625000388405177687e-03 8.250000122934579572e-02
9.630000388278867063e-03 8.500000126659869315e-02
9.635000388152556439e-03 8.718750129919498881e-02
9.640000388026245814e-03 8.947916800001015636e-02
9.645000387899935190e-03 9.156250136438758014e-02
9.650000387773624566e-03 9.364583472876499004e-02
9.655000387647313942e-03 9.593750142958014371e-02
9.660000387521003318e-03 9.812500146217643937e-02
9.665000387394692694e-03 1.003125014947727350e-01
9.670000387268382069e-03 1.026041681955879026e-01
9.675000387142071445e-03 1.050000015646219281e-01
9.680000387015760821e-03 1.072916682654370957e-01
9.685000386889450197e-03 1.089583349569390180e-01
9.690000386763139573e-03 1.120833350035051468e-01
9.695000386636828948e-03 1.138541683632259410e-01
9.700000386510518324e-03 1.162500017322599943e-01
9.705000386384207700e-03 1.184375017648562761e-01
9.710000386257897076e-03 1.208333351338903017e-01
9.715000386131586452e-03 1.230208351664865973e-01
9.720000386005275828e-03 1.253125018673017788e-01
9.725000385878965203e-03 1.278125019045546484e-01
9.730000385752654579e-03 1.297916686007132003e-01
9.735000385626343955e-03 1.320833353015283818e-01
9.740000385500033331e-03 1.341666686659057917e-01
9.745000385373722707e-03 1.365625020349398311e-01
9.750000385247412082e-03 1.386458353993172410e-01
9.755000385121101458e-03 1.410416687683512804e-01
9.760000384994790834e-03 1.429166687962909466e-01
9.765000384868480210e-03 1.448958354924494984e-01
9.770000384742169586e-03 1.472916688614835379e-01
9.775000384615858962e-03 1.502083355716119228e-01
9.780000384489548337e-03 1.517708355948949872e-01
9.785000384363237713e-03 1.542708356321478846e-01
9.790000384236927089e-03 1.561458356600875785e-01
9.795000384110616465e-03 1.587500023655593340e-01
9.800000383984305841e-03 1.598958357159669108e-01
9.805000383857995216e-03 1.623958357532198360e-01
9.810000383731684592e-03 1.645833357858161039e-01
9.815000383605373968e-03 1.661458358090991683e-01
9.820000383479063344e-03 1.689583358510086952e-01
9.825000383352752720e-03 1.705208358742917596e-01
9.830000383226442096e-03 1.725000025704503115e-01
9.835000383100131471e-03 1.746875026030465794e-01
9.840000382973820847e-03 1.764583359627674153e-01
9.845000382847510223e-03 1.787500026635825690e-01
9.850000382721199599e-03 1.805208360233033771e-01
9.855000382594888975e-03 1.825000027194619012e-01
9.860000382468578350e-03 1.844791694156204531e-01
9.865000382342267726e-03 1.860416694389035175e-01
9.870000382215957102e-03 1.880208361350620694e-01
9.875000382089646478e-03 1.898958361630017633e-01
9.880000381963335854e-03 1.912500028498470839e-01
9.885000381837025230e-03 1.934375028824433518e-01
9.890000381710714605e-03 1.952083362421641877e-01
9.895000381584403981e-03 1.967708362654472520e-01
9.900000381458093357e-03 1.988541696298246619e-01
9.905000381331782733e-03 2.006250029895454701e-01
9.910000381205472109e-03 2.016666696717341611e-01
9.915000381079161484e-03 2.036458363678927408e-01
9.920000380952850860e-03 2.052083363911758052e-01
9.925000380826540236e-03 2.066666697462400115e-01
9.930000380700229612e-03 2.081250031013041624e-01
9.935000380573918988e-03 2.094791697881494830e-01
9.940000380447608364e-03 2.110416698114325473e-01
9.945000380321297739e-03 2.123958364982778957e-01
9.950000380194987115e-03 2.129166698393722690e-01
9.955000380068676491e-03 2.129166698393722690e-01
9.960000379942365867e-03 2.129166698393722690e-01
9.965000379816055243e-03 2.129166698393722690e-01
9.970000379689744618e-03 2.129166698393722690e-01
9.975000379563433994e-03 2.129166698393722690e-01
9.980000379437123370e-03 2.129166698393722690e-01
9.985000379310812746e-03 2.129166698393722690e-01
9.990000379184502122e-03 2.129166698393722690e-01
9.995000379058191498e-03 2.129166698393722690e-01
1.000000037893188087e-02 2.129166698393722690e-01
1.000500037880557025e-02 2.129166698393722690e-01
1.001000037867925962e-02 2.129166698393722690e-01
1.001500037855294900e-02 2.129166698393722690e-01
1.002000037842663838e-02 2.129166698393722690e-01
1.002500037830032775e-02 2.129166698393722690e-01
1.003000037817401713e-02 2.129166698393722690e-01
1.003500037804770650e-02 2.129166698393722690e-01
1.004000037792139588e-02 2.129166698393722690e-01
1.004500037779508526e-02 2.129166698393722690e-01
1.005000037766877463e-02 2.129166698393722690e-01
1.005500037754246401e-02 2.129166698393722690e-01
1.006000037741615338e-02 2.129166698393722690e-01
1.006500037728984276e-02 2.129166698393722690e-01
1.007000037716353213e-02 2.129166698393722690e-01
1.007500037703722151e-02 2.129166698393722690e-01
1.008000037691091089e-02 2.129166698393722690e-01
1.008500037678460026e-02 2.129166698393722690e-01
1.009000037665828964e-02 2.129166698393722690e-01
1.009500037653197901e-02 2.129166698393722690e-01
1.010000037640566839e-02 2.129166698393722690e-01
1.010500037627935777e-02 2.129166698393722690e-01
1.011000037615304714e-02 2.129166698393722690e-01
1.011500037602673652e-02 2.129166698393722690e-01
1.012000037590042589e-02 2.129166698393722690e-01
1.012500037577411527e-02 2.129166698393722690e-01
1.013000037564780464e-02 2.129166698393722690e-01
1.013500037552149402e-02 2.129166698393722690e-01
1.014000037539518340e-02 2.129166698393722690e-01
1.014500037526887277e-02 2.129166698393722690e-01
1.015000037514256215e-02 2.129166698393722690e-01
1.015500037501625152e-02 2.129166698393722690e-01
1.016000037488994090e-02 2.129166698393722690e-01
1.016500037476363028e-02 2.129166698393722690e-01
1.017000037463731965e-02 2.129166698393722690e-01
1.017500037451100903e-02 2.129166698393722690e-01
1.018000037438469840e-02 2.129166698393722690e-01
1.018500037425838778e-02 2.129166698393722690e-01
1.019000037413207715e-02 2.129166698393722690e-01
1.019500037400576653e-02 2.129166698393722690e-01
1.020000037387945591e-02 2.129166698393722690e-01
1.020500037375314528e-02 2.129166698393722690e-01
1.021000037362683466e-02 2.129166698393722690e-01
1.021500037350052403e-02 2.129166698393722690e-01
1.022000037337421341e-02 2.129166698393722690e-01
1.022500037324790279e-02 2.129166698393722690e-01
1.023000037312159216e-02 2.129166698393722690e-01
1.023500037299528154e-02 2.129166698393722690e-01
1.024000037286897091e-02 2.129166698393722690e-01
1.024500037274266029e-02 2.129166698393722690e-01
1.025000037261634966e-02 2.129166698393722690e-01
1.025500037249003904e-02 2.129166698393722690e-01
1.026000037236372842e-02 2.129166698393722690e-01
1.026500037223741779e-02 2.129166698393722690e-01
1.027000037211110717e-02 2.129166698393722690e-01
1.027500037198479654e-02 2.129166698393722690e-01
1.028000037185848592e-02 2.129166698393722690e-01
1.028500037173217529e-02 2.129166698393722690e-01
1.029000037160586467e-02 2.129166698393722690e-01
1.029500037147955405e-02 2.129166698393722690e-01
1.030000037135324342e-02 2.129166698393722690e-01
1.030500037122693280e-02 2.129166698393722690e-01
1.031000037110062217e-02 2.129166698393722690e-01
1.031500037097431155e-02 2.120833364936212384e-01
1.032000037084800093e-02 2.107291698067759456e-01
1.032500037072169030e-02 2.092708364517117670e-01
1.033000037059537968e-02 2.077083364284287026e-01
1.033500037046906905e-02 2.059375030687078945e-01
1.034000037034275843e-02 2.045833363818625739e-01
1.034500037021644780e-02 2.029166696903606237e-01
1.035000037009013718e-02 2.014583363352964451e-01
1.035500036996382656e-02 2.001041696484510968e-01
1.036000036983751593e-02 1.981250029522925449e-01
1.036500036971120531e-02 1.964583362607906225e-01
1.037000036958489468e-02 1.943750028964132126e-01
1.037500036945858406e-02 1.931250028777867500e-01
1.038000036933227344e-02 1.911458361816281981e-01
1.038500036920596281e-02 1.892708361536885320e-01
1.039000036907965219e-02 1.877083361304054676e-01
1.039500036895334156e-02 1.858333361024658015e-01
1.040000036882703094e-02 1.843750027474015951e-01
1.040500036870072031e-02 1.821875027148052995e-01
1.041000036857440969e-02 1.804166693550844913e-01
1.041500036844809907e-02 1.786458359953636832e-01
1.042000036832178844e-02 1.764583359627674153e-01
1.042500036819547782e-02 1.746875026030465794e-01
1.043000036806916719e-02 1.726041692386691695e-01
1.043500036794285657e-02 1.709375025471672471e-01
1.044000036781654595e-02 1.689583358510086952e-01
1.044500036769023532e-02 1.670833358230690291e-01
1.045000036756392470e-02 1.653125024633481932e-01
1.045500036743761407e-02 1.635416691036274128e-01
1.046000036731130345e-02 1.612500024028122592e-01
1.046500036718499282e-02 1.592708357066537073e-01
1.047000036705868220e-02 1.570833356740574116e-01
1.047500036693237158e-02 1.552083356461177177e-01
1.048000036680606095e-02 1.530208356135214498e-01
1.048500036667975033e-02 1.514583355902383854e-01
1.049000036655343970e-02 1.490625022212043460e-01
1.049500036642712908e-02 1.471875021932646799e-01
1.050000036630081846e-02 1.451041688288872422e-01
1.050500036617450783e-02 1.429166687962909466e-01
1.051000036604819721e-02 1.413541687730078822e-01
1.051500036592188658e-02 1.392708354086304723e-01
1.052000036579557596e-02 1.372916687124719204e-01
1.052500036566926533e-02 1.350000020116567667e-01
1.053000036554295471e-02 1.334375019883737024e-01
1.053500036541664409e-02 1.314583352922151505e-01
1.054000036529033346e-02 1.293750019278377128e-01
1.054500036516402284e-02 1.273958352316791887e-01
1.055000036503771221e-02 1.250000018626451492e-01
1.055500036491140159e-02 1.231250018347054692e-01
1.056000036478509096e-02 1.211458351385469173e-01
1.056500036465878034e-02 1.192708351106072373e-01
1.057000036453246972e-02 1.175000017508864431e-01
1.057500036440615909e-02 1.152083350500712755e-01
1.058000036427984847e-02 1.133333350221315955e-01
1.058500036415353784e-02 1.113541683259730575e-01
1.059000036402722722e-02 1.088541682887201600e-01
1.059500036390091660e-02 1.066666682561238644e-01
1.060000036377460597e-02 1.054166682374974157e-01
1.060500036364829535e-02 1.033333348731200058e-01
1.061000036352198472e-02 1.013541681769614261e-01
1.061500036339567410e-02 9.947916814902175997e-02
1.062000036326936347e-02 9.718750144820660630e-02
1.062500036314305285e-02 9.510416808382918252e-02
1.063000036301674223e-02 9.322916805588950251e-02
1.063500036289043160e-02 9.135416802794983637e-02
1.064000036276412098e-02 8.927083466357241259e-02
1.064500036263781035e-02 8.750000130385160446e-02
1.065000036251149973e-02 8.562500127591192445e-02
1.065500036238518911e-02 8.354166791153451455e-02
1.066000036225887848e-02 8.166666788359483453e-02
1.066500036213256786e-02 7.989583452387402640e-02
1.067000036200625723e-02 7.781250115949660262e-02
1.067500036187994661e-02 7.562500112690030696e-02
1.068000036175363598e-02 7.447916777649273012e-02
1.068500036162732536e-02 7.250000108033417823e-02
1.069000036150101474e-02 7.072916772061338397e-02
1.069500036137470411e-02 6.895833436089257584e-02
1.070000036124839349e-02 6.708333433295289583e-02
1.070500036112208286e-02 6.510416763679434393e-02
1.071000036099577224e-02 6.364583428173015145e-02
1.071500036086946162e-02 6.166666758557160649e-02
1.072000036074315099e-02 6.031250089872628589e-02
1.072500036061684037e-02 5.843750087078660588e-02
1.073000036049052974e-02 5.666666751106579775e-02
1.073500036036421912e-02 5.541666749243934903e-02
1.074000036023790849e-02 5.354166746449966902e-02
1.074500036011159787e-02 5.218750077765434842e-02
1.075000035998528725e-02 5.031250074971467534e-02
1.075500035985897662e-02 4.927083406752596345e-02
1.076000035973266600e-02 4.760416737602402720e-02
1.076500035960635537e-02 4.604166735274096284e-02
1.077000035948004475e-02 4.458333399767677035e-02
1.077500035935373413e-02 4.260416730151821846e-02
1.078000035922742350e-02 4.145833395111064162e-02
1.078500035910111288e-02 4.020833393248419291e-02
1.079000035897480225e-02 3.833333390454451289e-02
1.079500035884849163e-02 3.708333388591806418e-02
1.080000035872218100e-02 3.552083386263499981e-02
1.080500035859587038e-02 3.458333384866515980e-02
1.081000035846955976e-02 3.291666715716322356e-02
1.081500035834324913e-02 3.177083380675563978e-02
1.082000035821693851e-02 3.062500045634806295e-02
1.082500035809062788e-02 2.947916710594048265e-02
1.083000035796431726e-02 2.822916708731403046e-02
1.083500035783800663e-02 2.656250039581209421e-02
1.084000035771169601e-02 2.541666704540451391e-02
1.084500035758538539e-02 2.395833369034032143e-02
1.085000035745907476e-02 2.333333368102709360e-02
1.085500035733276414e-02 2.135416698486854517e-02
1.086000035720645351e-02 2.062500030733644893e-02
1.086500035708014289e-02 1.895833361583451268e-02
1.087000035695383227e-02 1.781250026542693585e-02
1.087500035682752164e-02 1.656250024680048019e-02
1.088000035670121102e-02 1.552083356461177351e-02
1.088500035657490039e-02 1.447916688242306509e-02
1.089000035644858977e-02 1.343750020023435320e-02
1.089500035632227914e-02 1.260416685448338507e-02
1.090000035619596852e-02 1.104166683120032071e-02
1.090500035606965790e-02 1.000000014901161229e-02
1.091000035594334727e-02 8.750000130385160099e-03
1.091500035581703665e-02 7.812500116415321827e-03
1.092000035569072602e-02 7.083333438883224718e-03
1.092500035556441540e-02 5.625000083819032236e-03
1.093000035543810478e-02 4.687500069849193096e-03
1.093500035531179415e-02 3.333333383003870762e-03
1.094000035518548353e-02 3.020833378347257715e-03
1.094500035505917290e-02 1.770833359720806180e-03
1.095000035493286228e-02 7.291666775320966749e-04
1.095500035480655165e-02 -8.333333457509676905e-04
1.096000035468024103e-02 -8.333333457509676905e-04
1.096500035455393041e-02 -1.979166696158547994e-03
1.097000035442761978e-02 -2.500000037252903071e-03
1.097500035430130916e-02 -3.645833387660483808e-03
1.098000035417499853e-02 -5.104166742724677158e-03
1.098500035404868791e-02 -5.729166752037902384e-03
1.099000035392237729e-02 -6.458333429570000360e-03
1.099500035379606666e-02 -7.604166779977578929e-03
1.100000035366975604e-02 -8.229166789290805889e-03
1.100500035354344541e-02 -9.062500135041772278e-03
1.101000035341713479e-02 -9.791666812573870254e-03
1.101500035329082416e-02 -1.041666682188709635e-02
1.102000035316451354e-02 -1.104166683120032071e-02
1.102500035303820292e-02 -1.218750018160790101e-02
1.103000035291189229e-02 -1.302083352735887087e-02
1.103500035278558167e-02 -1.395833354132870914e-02
1.104000035265927104e-02 -1.468750021886080538e-02
1.104500035253296042e-02 -1.552083356461177351e-02
1.105000035240664980e-02 -1.604166690570612772e-02
1.105500035228033917e-02 -1.666666691501935207e-02
1.106000035215402855e-02 -1.729166692433257990e-02
1.106500035202771792e-02 -1.760416692898919208e-02
1.107000035190140730e-02 -1.854166694295903209e-02
1.107500035177509667e-02 -1.895833361583451268e-02
1.108000035164878605e-02 -1.979166696158548081e-02
1.108500035152247543e-02 -2.072916697555532081e-02
1.109000035139616480e-02 -2.135416698486854517e-02
1.109500035126985418e-02 -2.166666698952516082e-02
1.110000035114354355e-02 -2.250000033527612894e-02
1.110500035101723293e-02 -2.302083367637048142e-02
1.111000035089092230e-02 -2.354166701746483736e-02
1.111500035076461168e-02 -2.437500036321580202e-02
1.112000035063830106e-02 -2.510416704074790173e-02
1.112500035051199043e-02 -2.583333371828000144e-02
1.113000035038567981e-02 -2.645833372759322233e-02
1.113500035025936918e-02 -2.677083373224983451e-02
1.114000035013305856e-02 -2.760416707800080610e-02
1.114500035000674794e-02 -2.822916708731403046e-02
1.115000034988043731e-02 -2.843750042375177076e-02
1.115500034975412669e-02 -2.906250043306499858e-02
1.116000034962781606e-02 -3.010416711525370700e-02
1.116500034950150544e-02 -3.031250045169144730e-02
1.117000034937519481e-02 -3.062500045634806295e-02
1.117500034924888419e-02 -3.125000046566128731e-02
1.118000034912257357e-02 -3.208333381141225543e-02
1.118500034899626294e-02 -3.229166714784999920e-02
1.119000034886995232e-02 -3.291666715716322356e-02
1.119500034874364169e-02 -3.312500049360096038e-02
1.120000034861733107e-02 -3.406250050757080733e-02
1.120500034849102045e-02 -3.479166718510289663e-02
1.121000034836470982e-02 -3.468750051688402475e-02
1.121500034823839920e-02 -3.552083386263499981e-02
1.122000034811208857e-02 -3.572916719907273664e-02
1.122500034798577795e-02 -3.625000054016708911e-02
1.123000034785946732e-02 -3.635416720838596100e-02
1.123500034773315670e-02 -3.687500054948032041e-02
1.124000034760684608e-02 -3.718750055413693606e-02
1.124500034748053545e-02 -3.781250056345015348e-02
1.125000034735422483e-02 -3.854166724098225666e-02
1.125500034722791420e-02 -3.895833391385773725e-02
1.126000034710160358e-02 -3.958333392317096161e-02
1.126500034697529296e-02 -3.958333392317096161e-02
1.127000034684898233e-02 -4.020833393248419291e-02
1.127500034672267171e-02 -4.062500060535967350e-02
1.128000034659636108e-02 -4.083333394179741727e-02
1.128500034647005046e-02 -4.125000061467289786e-02
1.129000034634373983e-02 -4.156250061932951351e-02
1.129500034621742921e-02 -4.229166729686160975e-02
1.130000034609111859e-02 -4.218750062864273787e-02
1.130500034596480796e-02 -4.260416730151821846e-02
1.131000034583849734e-02 -4.291666730617483411e-02
1.131500034571218671e-02 -4.343750064726919352e-02
1.132000034558587609e-02 -4.416666732480128282e-02
1.132500034545956547e-02 -4.385416732014467411e-02
1.133000034533325484e-02 -4.468750066589564224e-02
1.133500034520694422e-02 -4.500000067055225789e-02
1.134000034508063359e-02 -4.562500067986547531e-02
1.134500034495432297e-02 -4.541666734342773848e-02
1.135000034482801234e-02 -4.593750068452209095e-02
1.135500034470170172e-02 -4.635416735739757849e-02
1.136000034457539110e-02 -4.635416735739757849e-02
1.136500034444908047e-02 -4.666666736205418720e-02
1.137000034432276985e-02 -4.729166737136741155e-02
1.137500034419645922e-02 -4.770833404424289909e-02
1.138000034407014860e-02 -4.802083404889951473e-02
1.138500034394383797e-02 -4.812500071711838662e-02
1.139000034381752735e-02 -4.854166738999386721e-02
1.139500034369121673e-02 -4.895833406286934780e-02
1.140000034356490610e-02 -4.958333407218257910e-02
1.140500034343859548e-02 -4.927083406752596345e-02
1.141000034331228485e-02 -4.989583407683918781e-02
1.141500034318597423e-02 -5.010416741327693851e-02
1.142000034305966361e-02 -5.062500075437128405e-02
1.142500034293335298e-02 -5.114583409546564347e-02
1.143000034280704236e-02 -5.135416743190338029e-02
1.143500034268073173e-02 -5.125000076368450841e-02
1.144000034255442111e-02 -5.177083410477886782e-02
1.144500034242811048e-02 -5.197916744121660465e-02
1.145000034230179986e-02 -5.239583411409209218e-02
1.145500034217548924e-02 -5.260416745052982901e-02
1.146000034204917861e-02 -5.322916745984306724e-02
1.146500034192286799e-02 -5.354166746449966902e-02
1.147000034179655736e-02 -5.364583413271854784e-02
1.147500034167024674e-02 -5.395833413737515655e-02
1.148000034154393612e-02 -5.437500081025063714e-02
1.148500034141762549e-02 -5.427083414203177220e-02
1.149000034129131487e-02 -5.489583415134499655e-02
1.149500034116500424e-02 -5.552083416065822091e-02
1.150000034103869362e-02 -5.583333416531483656e-02
1.150500034091238299e-02 -5.593750083353370151e-02
1.151000034078607237e-02 -5.645833417462806092e-02
1.151500034065976175e-02 -5.635416750640919598e-02
1.152000034053345112e-02 -5.687500084750354151e-02
1.152500034040714050e-02 -5.729166752037902210e-02
1.153000034028082987e-02 -5.739583418859790093e-02
1.153500034015451925e-02 -5.750000085681676587e-02
1.154000034002820863e-02 -5.802083419791112529e-02
1.154500033990189800e-02 -5.833333420256774093e-02
1.155000033977558738e-02 -5.885416754366208647e-02
1.155500033964927675e-02 -5.864583420722434964e-02
1.156000033952296613e-02 -5.895833421188096529e-02
1.156500033939665550e-02 -5.968750088941306153e-02
1.157000033927034488e-02 -5.989583422585080530e-02
1.157500033914403426e-02 -6.104166757625838907e-02
1.158000033901772363e-02 -6.041666756694515084e-02
1.158500033889141301e-02 -6.072916757160176648e-02
1.159000033876510238e-02 -6.125000091269612590e-02
1.159500033863879176e-02 -6.093750090803951025e-02
1.160000033851248114e-02 -6.145833424913386966e-02
1.160500033838617051e-02 -6.145833424913386966e-02
1.161000033825985989e-02 -6.187500092200935026e-02
1.161500033813354926e-02 -6.208333425844709402e-02
1.162000033800723864e-02 -6.270833426776031838e-02
1.162500033788092801e-02 -6.322916760885467780e-02
1.163000033775461739e-02 -6.364583428173015145e-02
1.163500033762830677e-02 -6.302083427241693403e-02
1.164000033750199614e-02 -6.333333427707353580e-02
1.164500033737568552e-02 -6.385416761816789522e-02
1.165000033724937489e-02 -6.437500095926225463e-02
1.165500033712306427e-02 -6.447916762748112651e-02
1.166000033699675364e-02 -6.437500095926225463e-02
1.166500033687044302e-02 -6.489583430035660017e-02
1.167000033674413240e-02 -6.531250097323208770e-02
1.167500033661782177e-02 -6.552083430966983146e-02
1.168000033649151115e-02 -6.572916764610757523e-02
1.168500033636520052e-02 -6.635416765542080653e-02
1.169000033623888990e-02 -6.635416765542080653e-02
1.169500033611257928e-02 -6.677083432829628018e-02
1.170000033598626865e-02 -6.708333433295289583e-02
1.170500033585995803e-02 -6.750000100582838336e-02
1.171000033573364740e-02 -6.760416767404725524e-02
1.171500033560733678e-02 -6.802083434692272890e-02
1.172000033548102615e-02 -6.822916768336047266e-02
1.172500033535471553e-02 -6.843750101979821643e-02
1.173000033522840491e-02 -6.864583435623596019e-02
1.173500033510209428e-02 -6.885416769267370396e-02
1.174000033497578366e-02 -6.937500103376804950e-02
1.174500033484947303e-02 -6.947916770198693526e-02
1.175000033472316241e-02 -6.989583437486240891e-02
1.175500033459685179e-02 -7.000000104308128079e-02
1.176000033447054116e-02 -7.000000104308128079e-02
1.176500033434423054e-02 -7.020833437951902456e-02
1.177000033421791991e-02 -7.072916772061338397e-02
1.177500033409160929e-02 -7.104166772526999962e-02
1.178000033396529866e-02 -7.145833439814547328e-02
1.178500033383898804e-02 -7.125000106170774339e-02
1.179000033371267742e-02 -7.197916773923983269e-02
1.179500033358636679e-02 -7.218750107567757646e-02
1.180000033346005617e-02 -7.229166774389644834e-02
1.180500033333374554e-02 -7.291666775320966576e-02
1.181000033320743492e-02 -7.260416774855306399e-02
1.181500033308112430e-02 -7.260416774855306399e-02
1.182000033295481367e-02 -7.333333442608515329e-02
1.182500033282850305e-02 -7.354166776252289706e-02
1.183000033270219242e-02 -7.343750109430402517e-02
1.183500033257588180e-02 -7.395833443539838459e-02
1.184000033244957117e-02 -7.427083444005498636e-02
1.184500033232326055e-02 -7.437500110827387212e-02
1.185000033219694993e-02 -7.406250110361724259e-02
1.185500033207063930e-02 -7.458333444471160201e-02
1.186000033194432868e-02 -7.510416778580596142e-02
1.186500033181801805e-02 -7.520833445402483330e-02
1.187000033169170743e-02 -7.531250112224370519e-02
1.187500033156539681e-02 -7.531250112224370519e-02
1.188000033143908618e-02 -7.552083445868144895e-02
1.188500033131277556e-02 -7.562500112690030696e-02
1.189000033118646493e-02 -7.583333446333805072e-02
1.189500033106015431e-02 -7.625000113621353826e-02
1.190000033093384368e-02 -7.593750113155693648e-02
1.190500033080753306e-02 -7.635416780443241014e-02
1.191000033068122244e-02 -7.625000113621353826e-02
1.191500033055491181e-02 -7.697916781374564144e-02
1.192000033042860119e-02 -7.625000113621353826e-02
1.192500033030229056e-02 -7.645833447265128202e-02
1.193000033017597994e-02 -7.677083447730789767e-02
1.193500033004966931e-02 -7.718750115018337132e-02
1.194000032992335869e-02 -7.718750115018337132e-02
1.194500032979704807e-02 -7.718750115018337132e-02
1.195000032967073744e-02 -7.697916781374564144e-02
1.195500032954442682e-02 -7.708333448196451332e-02
1.196000032941811619e-02 -7.750000115484000085e-02
1.196500032929180557e-02 -7.729166781840225708e-02
1.197000032916549495e-02 -7.739583448662111509e-02
1.197500032903918432e-02 -7.739583448662111509e-02
1.198000032891287370e-02 -7.760416782305885885e-02
1.198500032878656307e-02 -7.770833449127773074e-02
1.199000032866025245e-02 -7.760416782305885885e-02
1.199500032853394182e-02 -7.739583448662111509e-02
1.200000032840763120e-02 -7.781250115949660262e-02
1.200500032828132058e-02 -7.739583448662111509e-02
1.201000032815500995e-02 -7.760416782305885885e-02
1.201500032802869933e-02 -7.729166781840225708e-02
1.202000032790238870e-02 -7.750000115484000085e-02
1.202500032777607808e-02 -7.687500114552676955e-02
1.203000032764976746e-02 -7.729166781840225708e-02
1.203500032752345683e-02 -7.739583448662111509e-02
1.204000032739714621e-02 -7.708333448196451332e-02
1.204500032727083558e-02 -7.718750115018337132e-02
1.205000032714452496e-02 -7.666666780908902579e-02
1.205500032701821433e-02 -7.729166781840225708e-02
1.206000032689190371e-02 -7.656250114087015390e-02
1.206500032676559309e-02 -7.625000113621353826e-02
1.207000032663928246e-02 -7.645833447265128202e-02
1.207500032651297184e-02 -7.625000113621353826e-02
1.208000032638666121e-02 -7.572916779511919272e-02
1.208500032626035059e-02 -7.604166779977579449e-02
1.209000032613403997e-02 -7.593750113155693648e-02
1.209500032600772934e-02 -7.510416778580596142e-02
1.210000032588141872e-02 -7.541666779046257707e-02
1.210500032575510809e-02 -7.468750111293047389e-02
1.211000032562879747e-02 -7.468750111293047389e-02
1.211500032550248684e-02 -7.427083444005498636e-02
1.212000032537617622e-02 -7.406250110361724259e-02
1.212500032524986560e-02 -7.385416776717951270e-02
1.213000032512355497e-02 -7.354166776252289706e-02
1.213500032499724435e-02 -7.322916775786628141e-02
1.214000032487093372e-02 -7.291666775320966576e-02
1.214500032474462310e-02 -7.270833441677192199e-02
1.215000032461831247e-02 -7.250000108033417823e-02
1.215500032449200185e-02 -7.197916773923983269e-02
1.216000032436569123e-02 -7.156250106636434516e-02
1.216500032423938060e-02 -7.145833439814547328e-02
1.217000032411306998e-02 -7.052083438417564021e-02
1.217500032398675935e-02 -7.093750105705111386e-02
1.218000032386044873e-02 -7.010416771130015268e-02
1.218500032373413811e-02 -6.906250102911144773e-02
1.219000032360782748e-02 -6.947916770198693526e-02
1.219500032348151686e-02 -6.947916770198693526e-02
1.220000032335520623e-02 -6.895833436089257584e-02
1.220500032322889561e-02 -6.802083434692272890e-02
1.221000032310258498e-02 -6.812500101514161466e-02
1.221500032297627436e-02 -6.760416767404725524e-02
1.222000032284996374e-02 -6.697916766473402395e-02
1.222500032272365311e-02 -6.687500099651515206e-02
1.223000032259734249e-02 -6.645833432363966453e-02
1.223500032247103186e-02 -6.572916764610757523e-02
1.224000032234472124e-02 -6.552083430966983146e-02
1.224500032221841062e-02 -6.531250097323208770e-02
1.225000032209209999e-02 -6.479166763213774216e-02
1.225500032196578937e-02 -6.427083429104338275e-02
1.226000032183947874e-02 -6.416666762282451086e-02
1.226500032171316812e-02 -6.364583428173015145e-02
1.227000032158685749e-02 -6.302083427241693403e-02
1.227500032146054687e-02 -6.229166759488483085e-02
1.228000032133423625e-02 -6.197916759022821520e-02
1.228500032120792562e-02 -6.166666758557160649e-02
1.229000032108161500e-02 -6.135416758091499084e-02
1.229500032095530437e-02 -6.072916757160176648e-02
1.230000032082899375e-02 -6.020833423050741401e-02
1.230500032070268313e-02 -5.968750088941306153e-02
1.231000032057637250e-02 -5.937500088475644588e-02
1.231500032045006188e-02 -5.895833421188096529e-02
1.232000032032375125e-02 -5.843750087078660588e-02
1.232500032019744063e-02 -5.822916753434886211e-02
1.233000032007113000e-02 -5.760416752503563775e-02
1.233500031994481938e-02 -5.718750085216015716e-02
1.234000031981850876e-02 -5.645833417462806092e-02
1.234500031969219813e-02 -5.604166750175257339e-02
1.235000031956588751e-02 -5.572916749709595774e-02
1.235500031943957688e-02 -5.541666749243934903e-02
1.236000031931326626e-02 -5.479166748312613161e-02
1.236500031918695564e-02 -5.427083414203177220e-02
1.237000031906064501e-02 -5.375000080093741278e-02
1.237500031893433439e-02 -5.322916745984306724e-02
1.238000031880802376e-02 -5.270833411874870783e-02
1.238500031868171314e-02 -5.187500077299773971e-02
1.239000031855540251e-02 -5.156250076834112406e-02
1.239500031842909189e-02 -5.145833410012224524e-02
1.240000031830278127e-02 -5.052083408615241911e-02
1.240500031817647064e-02 -5.052083408615241911e-02
1.241000031805016002e-02 -4.979166740862031593e-02
1.241500031792384939e-02 -4.947916740396370722e-02
1.242000031779753877e-02 -4.927083406752596345e-02
1.242500031767122814e-02 -4.854166738999386721e-02
1.243000031754491752e-02 -4.812500071711838662e-02
1.243500031741860690e-02 -4.802083404889951473e-02
1.244000031729229627e-02 -4.739583403958628344e-02
1.244500031716598565e-02 -4.687500069849193096e-02
1.245000031703967502e-02 -4.645833402561645037e-02
1.245500031691336440e-02 -4.614583402095983472e-02
1.246000031678705378e-02 -4.562500067986547531e-02
1.246500031666074315e-02 -4.572916734808434719e-02
1.247000031653443253e-02 -4.531250067520886660e-02
1.247500031640812190e-02 -4.500000067055225789e-02
1.248000031628181128e-02 -4.416666732480128282e-02
1.248500031615550065e-02 -4.406250065658241094e-02
1.249000031602919003e-02 -4.364583398370693035e-02
1.249500031590287941e-02 -4.333333397905032164e-02
1.250000031577656878e-02 -4.302083397439370599e-02
1.250500031565025816e-02 -4.333333397905032164e-02
1.251000031552394059e-02 -4.229166729686160975e-02
1.251500031539762997e-02 -4.229166729686160975e-02
1.252000031527131935e-02 -4.187500062398612916e-02
1.252500031514500872e-02 -4.177083395576725727e-02
1.253000031501869810e-02 -4.114583394645402598e-02
1.253500031489238747e-02 -4.145833395111064162e-02
1.254000031476607685e-02 -4.125000061467289786e-02
1.254500031463976623e-02 -4.093750061001628221e-02
1.255000031451345560e-02 -4.072916727357854538e-02
1.255500031438714498e-02 -4.052083393714080162e-02
1.256000031426083435e-02 -4.041666726892192973e-02
1.256500031413452373e-02 -4.052083393714080162e-02
1.257000031400821310e-02 -4.020833393248419291e-02
1.257500031388190248e-02 -4.010416726426532102e-02
1.258000031375559186e-02 -4.010416726426532102e-02
1.258500031362928123e-02 -4.031250060070306479e-02
1.259000031350297061e-02 -4.000000059604644914e-02
1.259500031337665998e-02 -4.010416726426532102e-02
1.260000031325034936e-02 -4.010416726426532102e-02
1.260500031312403874e-02 -3.979166725960870538e-02
1.261000031299772811e-02 -4.031250060070306479e-02
1.261500031287141749e-02 -4.000000059604644914e-02
1.262000031274510686e-02 -4.000000059604644914e-02
1.262500031261879624e-02 -4.000000059604644914e-02
1.263000031249248561e-02 -4.041666726892192973e-02
1.263500031236617499e-02 -4.041666726892192973e-02
1.264000031223986437e-02 -4.031250060070306479e-02
1.264500031211355374e-02 -4.020833393248419291e-02
1.265000031198724312e-02 -4.031250060070306479e-02
1.265500031186093249e-02 -4.062500060535967350e-02
1.266000031173462187e-02 -4.083333394179741727e-02
1.266500031160831125e-02 -4.083333394179741727e-02
1.267000031148200062e-02 -4.093750061001628221e-02
1.267500031135569000e-02 -4.135416728289176974e-02
1.268000031122937937e-02 -4.145833395111064162e-02
1.268500031110306875e-02 -4.156250061932951351e-02
1.269000031097675812e-02 -4.218750062864273787e-02
1.269500031085044750e-02 -4.239583396508048163e-02
1.270000031072413688e-02 -4.281250063795596222e-02
1.270500031059782625e-02 -4.302083397439370599e-02
1.271000031047151563e-02 -4.395833398836354600e-02
1.271500031034520500e-02 -4.364583398370693035e-02
1.272000031021889438e-02 -4.385416732014467411e-02
1.272500031009258376e-02 -4.406250065658241094e-02
1.273000030996627313e-02 -4.468750066589564224e-02
1.273500030983996251e-02 -4.520833400698999471e-02
1.274000030971365188e-02 -4.604166735274096284e-02
1.274500030958734126e-02 -4.604166735274096284e-02
1.275000030946103063e-02 -4.666666736205418720e-02
1.275500030933472001e-02 -4.708333403492967473e-02
1.276000030920840939e-02 -4.802083404889951473e-02
1.276500030908209876e-02 -4.791666738068064285e-02
1.277000030895578814e-02 -4.843750072177499533e-02
1.277500030882947751e-02 -4.906250073108821969e-02
1.278000030870316689e-02 -4.958333407218257910e-02
1.278500030857685626e-02 -5.031250074971467534e-02
1.279000030845054564e-02 -5.062500075437128405e-02
1.279500030832423502e-02 -5.229166744587322030e-02
1.280000030819792439e-02 -5.239583411409209218e-02
1.280500030807161377e-02 -5.312500079162418842e-02
1.281000030794530314e-02 -5.427083414203177220e-02
1.281500030781899252e-02 -5.395833413737515655e-02
1.282000030769268190e-02 -5.479166748312613161e-02
1.282500030756637127e-02 -5.541666749243934903e-02
1.283000030744006065e-02 -5.666666751106579775e-02
1.283500030731375002e-02 -5.750000085681676587e-02
1.284000030718743940e-02 -5.854166753900547776e-02
1.284500030706112877e-02 -5.895833421188096529e-02
1.285000030693481815e-02 -5.968750088941306153e-02
1.285500030680850753e-02 -6.052083423516402966e-02
1.286000030668219690e-02 -6.156250091735273461e-02
1.286500030655588628e-02 -6.281250093597919026e-02
1.287000030642957565e-02 -6.302083427241693403e-02
1.287500030630326503e-02 -6.427083429104338275e-02
1.288000030617695441e-02 -6.489583430035660017e-02
1.288500030605064378e-02 -6.562500097788870335e-02
1.289000030592433316e-02 -6.687500099651515206e-02
1.289500030579802253e-02 -6.791666767870387089e-02
1.290000030567171191e-02 -6.864583435623596019e-02
1.290500030554540128e-02 -6.916666769733031961e-02
1.291000030541909066e-02 -7.020833437951902456e-02
1.291500030529278004e-02 -7.145833439814547328e-02
1.292000030516646941e-02 -7.208333440745870457e-02
1.292500030504015879e-02 -7.291666775320966576e-02
1.293000030491384816e-02 -7.427083444005498636e-02
1.293500030478753754e-02 -7.520833445402483330e-02
1.294000030466122692e-02 -7.656250114087015390e-02
1.294500030453491629e-02 -7.750000115484000085e-02
1.295000030440860567e-02 -7.885416784168532145e-02
1.295500030428229504e-02 -7.968750118743628263e-02
1.296000030415598442e-02 -8.041666786496838581e-02
1.296500030402967379e-02 -8.114583454250047512e-02
1.297000030390336317e-02 -8.270833456578353948e-02
1.297500030377705255e-02 -8.333333457509677078e-02
1.298000030365074192e-02 -8.416666792084773197e-02
1.298500030352443130e-02 -8.541666793947418068e-02
1.299000030339812067e-02 -8.635416795344402763e-02
1.299500030327181005e-02 -8.760416797207047634e-02
1.300000030314549943e-02 -8.822916798138370764e-02
1.300500030301918880e-02 -8.979166800466677201e-02
1.301000030289287818e-02 -9.083333468685547696e-02
1.301500030276656755e-02 -9.177083470082531003e-02
1.302000030264025693e-02 -9.239583471013854132e-02
1.302500030251394630e-02 -9.416666806985934945e-02
1.303000030238763568e-02 -9.500000141561031064e-02
1.303500030226132506e-02 -9.625000143423677323e-02
1.304000030213501443e-02 -9.718750144820660630e-02
1.304500030200870381e-02 -9.812500146217643937e-02
1.305000030188239318e-02 -9.968750148545950374e-02
1.305500030175608256e-02 -1.003125014947727350e-01
1.306000030162977193e-02 -1.012500015087425681e-01
1.306500030150346131e-02 -1.022916681909312869e-01
1.307000030137715069e-02 -1.033333348731200058e-01
1.307500030125084006e-02 -1.039583348824332093e-01
1.308000030112452944e-02 -1.059375015785917612e-01
1.308500030099821881e-02 -1.069791682607804800e-01
1.309000030087190819e-02 -1.081250016111880569e-01
1.309500030074559757e-02 -1.089583349569390180e-01
1.310000030061928694e-02 -1.096875016344711212e-01
1.310500030049297632e-02 -1.109375016530975699e-01
1.311000030036666569e-02 -1.119791683352862888e-01
1.311500030024035507e-02 -1.132291683539127375e-01
1.312000030011404444e-02 -1.140625016996636987e-01
1.312500029998773382e-02 -1.155208350547278912e-01
1.313000029986142320e-02 -1.162500017322599943e-01
1.313500029973511257e-02 -1.171875017462298274e-01
1.314000029960880195e-02 -1.176041684191053149e-01
1.314500029948249132e-02 -1.187500017695128918e-01
1.315000029935618070e-02 -1.195833351152638530e-01
1.315500029922987008e-02 -1.200000017881393405e-01
1.316000029910355945e-02 -1.215625018114224049e-01
1.316500029897724883e-02 -1.225000018253922518e-01
1.317000029885093820e-02 -1.235416685075809567e-01
1.317500029872462758e-02 -1.247916685262073916e-01
1.318000029859831695e-02 -1.250000018626451492e-01
1.318500029847200633e-02 -1.258333352083961243e-01
1.319000029834569571e-02 -1.266666685541470716e-01
1.319500029821938508e-02 -1.273958352316791887e-01
1.320000029809307446e-02 -1.281250019092112780e-01
1.320500029796676383e-02 -1.289583352549622530e-01
1.321000029784045321e-02 -1.298958352689320861e-01
1.321500029771414259e-02 -1.308333352829019192e-01
1.322000029758783196e-02 -1.310416686193396629e-01
1.322500029746152134e-02 -1.318750019650906380e-01
1.323000029733521071e-02 -1.323958353061849835e-01
1.323500029720890009e-02 -1.331250019837171006e-01
1.324000029708258946e-02 -1.333333353201548166e-01
1.324500029695627884e-02 -1.340625019976869059e-01
1.325000029682996822e-02 -1.351041686798756247e-01
1.325500029670365759e-02 -1.353125020163133685e-01
1.326000029657734697e-02 -1.360416686938454578e-01
1.326500029645103634e-02 -1.364583353667209453e-01
1.327000029632472572e-02 -1.370833353760341766e-01
1.327500029619841510e-02 -1.369791687078153186e-01
1.328000029607210447e-02 -1.381250020582228955e-01
1.328500029594579385e-02 -1.379166687217851517e-01
1.329000029581948322e-02 -1.384375020628794972e-01
1.329500029569317260e-02 -1.394791687450682161e-01
1.330000029556686197e-02 -1.389583354039738705e-01
1.330500029544055135e-02 -1.398958354179437036e-01
1.331000029531424073e-02 -1.401041687543814473e-01
1.331500029518793010e-02 -1.403125020908191634e-01
1.332000029506161948e-02 -1.406250020954757929e-01
1.332500029493530885e-02 -1.409375021001324224e-01
1.333000029480899823e-02 -1.407291687636946509e-01
1.333500029468268760e-02 -1.407291687636946509e-01
1.334000029455637698e-02 -1.413541687730078822e-01
1.334500029443006636e-02 -1.413541687730078822e-01
1.335000029430375573e-02 -1.413541687730078822e-01
1.335500029417744511e-02 -1.415625021094456260e-01
1.336000029405113448e-02 -1.417708354458833697e-01
1.336500029392482386e-02 -1.418750021141022277e-01
1.337000029379851324e-02 -1.417708354458833697e-01
1.337500029367220261e-02 -1.414583354412267679e-01
1.338000029354589199e-02 -1.416666687776645117e-01
1.338500029341958136e-02 -1.413541687730078822e-01
1.339000029329327074e-02 -1.414583354412267679e-01
1.339500029316696011e-02 -1.411458354365701384e-01
1.340000029304064949e-02 -1.411458354365701384e-01
1.340500029291433887e-02 -1.408333354319135367e-01
1.341000029278802824e-02 -1.405208354272569349e-01
1.341500029266171762e-02 -1.404166687590380491e-01
1.342000029253540699e-02 -1.400000020861625616e-01
1.342500029240909637e-02 -1.397916687497248178e-01
1.343000029228278575e-02 -1.391666687404115865e-01
1.343500029215647512e-02 -1.385416687310983830e-01
1.344000029203016450e-02 -1.382291687264417535e-01
1.344500029190385387e-02 -1.380208353900040097e-01
1.345000029177754325e-02 -1.373958353806908061e-01
1.345500029165123262e-02 -1.371875020442530346e-01
1.346000029152492200e-02 -1.369791687078153186e-01
1.346500029139861138e-02 -1.361458353620643436e-01
1.347000029127230075e-02 -1.353125020163133685e-01
1.347500029114599013e-02 -1.352083353480945105e-01
1.348000029101967950e-02 -1.344791686705623934e-01
1.348500029089336888e-02 -1.335416686565925604e-01
1.349000029076705826e-02 -1.333333353201548166e-01
1.349500029064074763e-02 -1.321875019697472398e-01
1.350000029051443701e-02 -1.315625019604340362e-01
1.350500029038812638e-02 -1.312500019557774067e-01
1.351000029026181576e-02 -1.305208352782453174e-01
1.351500029013550513e-02 -1.292708352596188548e-01
1.352000029000919451e-02 -1.286458352503056235e-01
1.352500028988288389e-02 -1.277083352363357904e-01
1.353000028975657326e-02 -1.273958352316791887e-01
1.353500028963026264e-02 -1.263541685494904698e-01
1.354000028950395201e-02 -1.247916685262073916e-01
1.354500028937764139e-02 -1.239583351804564304e-01
1.355000028925133077e-02 -1.230208351664865973e-01
1.355500028912502014e-02 -1.219791684842978924e-01
1.356000028899870952e-02 -1.210416684703280593e-01
1.356500028887239889e-02 -1.207291684656714437e-01
1.357000028874608827e-02 -1.192708351106072373e-01
1.357500028861977764e-02 -1.180208350919807886e-01
1.358000028849346702e-02 -1.173958350826675850e-01
1.358500028836715640e-02 -1.163541684004788662e-01
1.359000028824084577e-02 -1.151041683818524175e-01
1.359500028811453515e-02 -1.145833350407580442e-01
1.360000028798822452e-02 -1.131250016856938656e-01
1.360500028786191390e-02 -1.121875016717240187e-01
1.361000028773560327e-02 -1.110416683213164418e-01
1.361500028760929265e-02 -1.101041683073466088e-01
1.362000028748298203e-02 -1.092708349615956337e-01
1.362500028735667140e-02 -1.073958349336559537e-01
1.363000028723036078e-02 -1.061458349150295050e-01
1.363500028710405015e-02 -1.047916682281841844e-01
1.364000028697773953e-02 -1.041666682188709669e-01
1.364500028685142891e-02 -1.022916681909312869e-01
1.365000028672511828e-02 -1.014583348451803119e-01
1.365500028659880766e-02 -1.004166681629916069e-01
1.366000028647249703e-02 -9.958333481724063185e-02
1.366500028634618641e-02 -9.822916813039531125e-02
1.367000028621987578e-02 -9.666666810711224689e-02
1.367500028609356516e-02 -9.541666808848579817e-02
1.368000028596725454e-02 -9.447916807451596510e-02
1.368500028584094391e-02 -9.270833471479515697e-02
1.369000028571463329e-02 -9.166666803260643814e-02
1.369500028558832266e-02 -9.020833467754224566e-02
1.370000028546201204e-02 -8.895833465891579694e-02
1.370500028533570142e-02 -8.781250130850822011e-02
1.371000028520939079e-02 -8.635416795344402763e-02
1.371500028508308017e-02 -8.489583459837983515e-02
1.372000028495676954e-02 -8.354166791153451455e-02
1.372500028483045892e-02 -8.270833456578353948e-02
1.373000028470414829e-02 -8.145833454715709077e-02
1.373500028457783767e-02 -7.989583452387402640e-02
1.374000028445152705e-02 -7.895833450990417945e-02
1.374500028432521642e-02 -7.750000115484000085e-02
1.375000028419890580e-02 -7.583333446333805072e-02
1.375500028407259517e-02 -7.437500110827387212e-02
1.376000028394628455e-02 -7.291666775320966576e-02
1.376500028381997393e-02 -7.145833439814547328e-02
1.377000028369366330e-02 -7.010416771130015268e-02
1.377500028356735268e-02 -6.854166768801708831e-02
1.378000028344104205e-02 -6.739583433760951148e-02
1.378500028331473143e-02 -6.625000098720192077e-02
1.379000028318842080e-02 -6.489583430035660017e-02
1.379500028306211018e-02 -6.343750094529242156e-02
1.380000028293579956e-02 -6.270833426776031838e-02
1.380500028280948893e-02 -6.083333423982063143e-02
1.381000028268317831e-02 -5.937500088475644588e-02
1.381500028255686768e-02 -5.802083419791112529e-02
1.382000028243055706e-02 -5.687500084750354151e-02
1.382500028230424644e-02 -5.447916747846950902e-02
1.383000028217793581e-02 -5.322916745984306724e-02
1.383500028205162519e-02 -5.197916744121660465e-02
1.384000028192531456e-02 -5.041666741793354029e-02
1.384500028179900394e-02 -4.927083406752596345e-02
1.385000028167269331e-02 -4.760416737602402720e-02
1.385500028154638269e-02 -4.666666736205418720e-02
1.386000028142007207e-02 -4.500000067055225789e-02
1.386500028129376144e-02 -4.281250063795596222e-02
1.387000028116745082e-02 -4.239583396508048163e-02
1.387500028104114019e-02 -4.072916727357854538e-02
1.388000028091482957e-02 -3.885416724563886537e-02
1.388500028078851894e-02 -3.697916721769919229e-02
1.389000028066220832e-02 -3.614583387194822417e-02
1.389500028053589770e-02 -3.458333384866515980e-02
1.390000028040958707e-02 -3.343750049825757603e-02
1.390500028028327645e-02 -3.166666713853676790e-02
1.391000028015696582e-02 -3.020833378347257542e-02
1.391500028003065520e-02 -2.885416709662725135e-02
1.392000027990434458e-02 -2.739583374156306581e-02
1.392500027977803395e-02 -2.572916705006112262e-02
1.393000027965172333e-02 -2.375000035390257766e-02
1.393500027952541270e-02 -2.281250033993273765e-02
1.394000027939910208e-02 -2.135416698486854517e-02
1.394500027927279145e-02 -1.927083362049112833e-02
1.395000027914648083e-02 -1.770833359720806396e-02
1.395500027902017021e-02 -1.666666691501935207e-02
1.396000027889385958e-02 -1.510416689173628771e-02
1.396500027876754896e-02 -1.312500019557774102e-02
1.397000027864123833e-02 -1.114583349941919259e-02
1.397500027851492771e-02 -1.020833348544935432e-02
1.398000027838861709e-02 -7.916666784634191975e-03
1.398500027826230646e-02 -6.458333429570000360e-03
1.399000027813599584e-02 -5.520833415600160353e-03
1.399500027800968521e-02 -3.333333383003870762e-03
1.400000027788337459e-02 -1.875000027939677195e-03
1.400500027775706396e-02 2.083333364377419226e-04
1.401000027763075334e-02 1.354166686845322551e-03
1.401500027750444272e-02 3.229166714785000180e-03
1.402000027737813209e-02 4.687500069849193096e-03
1.402500027725182147e-02 6.979166770664354570e-03
1.403000027712551084e-02 8.645833462166289951e-03
1.403500027699920022e-02 1.020833348544935432e-02
1.404000027687288960e-02 1.197916684517016071e-02
1.404500027674657897e-02 1.406250020954757929e-02
1.405000027662026835e-02 1.593750023748725583e-02
1.405500027649395772e-02 1.760416692898919208e-02
1.406000027636764710e-02 1.947916695692886863e-02
1.406500027624133647e-02 2.135416698486854517e-02
1.407000027611502585e-02 2.312500034458935330e-02
1.407500027598871523e-02 2.500000037252902985e-02
1.408000027586240460e-02 2.729166707334418698e-02
1.408500027573609398e-02 2.895833376484613017e-02
1.409000027560978335e-02 3.083333379278580325e-02
1.409500027548347273e-02 3.322916716181983227e-02
1.410000027535716211e-02 3.489583385332176851e-02
1.410500027523085148e-02 3.635416720838596100e-02
1.411000027510454086e-02 3.864583390920112854e-02
1.411500027497823023e-02 4.093750061001628221e-02
1.412000027485191961e-02 4.302083397439370599e-02
1.412500027472560898e-02 4.541666734342773848e-02
1.413000027459929836e-02 4.708333403492967473e-02
1.413500027447298774e-02 4.895833406286934780e-02
1.414000027434667711e-02 5.072916742259015593e-02
1.414500027422036649e-02 5.312500079162418842e-02
1.415000027409405586e-02 5.510416748778273338e-02
1.415500027396774524e-02 5.718750085216015716e-02
1.416000027384143461e-02 5.968750088941306153e-02
1.416500027371512399e-02 6.197916759022821520e-02
1.417000027358881337e-02 6.395833428638676710e-02
1.417500027346250274e-02 6.625000098720192077e-02
1.418000027333619212e-02 6.770833434226612713e-02
1.418500027320988149e-02 7.031250104773789644e-02
1.419000027308357087e-02 7.260416774855306399e-02
1.419500027295726025e-02 7.500000111758708954e-02
1.420000027283094962e-02 7.666666780908902579e-02
1.420500027270463900e-02 7.885416784168532145e-02
1.421000027257832837e-02 8.125000121071934700e-02
1.421500027245201775e-02 8.406250125262886008e-02
1.422000027232570712e-02 8.562500127591192445e-02
1.422500027219939650e-02 8.760416797207047634e-02
1.423000027207308588e-02 9.000000134110451577e-02
1.423500027194677525e-02 9.208333470548192567e-02
1.424000027182046463e-02 9.468750141095370887e-02
1.424500027169415400e-02 9.666666810711224689e-02
1.425000027156784338e-02 9.927083481258401620e-02
1.425500027144153276e-02 1.014583348451803119e-01
1.426000027131522213e-02 1.030208348684633762e-01
1.426500027118891151e-02 1.055208349057162737e-01
1.427000027106260088e-02 1.079166682747503131e-01
1.427500027093629026e-02 1.103125016437843386e-01
1.428000027080997963e-02 1.122916683399428767e-01
1.428500027068366901e-02 1.143750017043203143e-01
1.429000027055735839e-02 1.163541684004788662e-01
1.429500027043104776e-02 1.187500017695128918e-01
1.430000027030473714e-02 1.209375018021091874e-01
1.430500027017842651e-02 1.231250018347054692e-01
1.431000027005211589e-02 1.256250018719583805e-01
1.431500026992580527e-02 1.278125019045546484e-01
1.432000026979949464e-02 1.296875019324943423e-01
1.432500026967318402e-02 1.320833353015283818e-01
1.433000026954687339e-02 1.338541686612491899e-01
1.433500026942056277e-02 1.357291686891888560e-01
1.434000026929425214e-02 1.380208353900040097e-01
1.434500026916794152e-02 1.397916687497248178e-01
1.435000026904163090e-02 1.419791687823211135e-01
1.435500026891532027e-02 1.437500021420419216e-01
1.436000026878900965e-02 1.463541688475137048e-01
1.436500026866269902e-02 1.479166688707967692e-01
1.437000026853638840e-02 1.505208355762685246e-01
1.437500026841007778e-02 1.520833355995515890e-01
1.438000026828376715e-02 1.538541689592723971e-01
1.438500026815745653e-02 1.559375023236498070e-01
1.439000026803114590e-02 1.577083356833706429e-01
1.439500026790483528e-02 1.596875023795291948e-01
1.440000026777852465e-02 1.614583357392499752e-01
1.440500026765221403e-02 1.629166690943141815e-01
1.441000026752590341e-02 1.652083357951293352e-01
1.441500026739959278e-02 1.669791691548501433e-01
1.442000026727328216e-02 1.688541691827898095e-01
1.442500026714697153e-02 1.701041692014162721e-01
1.443000026702066091e-02 1.715625025564804507e-01
1.443500026689435028e-02 1.735416692526390026e-01
1.444000026676803966e-02 1.753125026123598384e-01
1.444500026664172904e-02 1.772916693085183626e-01
1.445000026651541841e-02 1.786458359953636832e-01
1.445500026638910779e-02 1.803125026868656333e-01
1.446000026626279716e-02 1.821875027148052995e-01
1.446500026613648654e-02 1.837500027380883638e-01
1.447000026601017592e-02 1.851041694249336844e-01
1.447500026588386529e-02 1.859375027706846595e-01
1.448000026575755467e-02 1.872916694575299801e-01
1.448500026563124404e-02 1.886458361443753007e-01
1.449000026550493342e-02 1.901041694994395070e-01
1.449500026537862279e-02 1.911458361816281981e-01
1.450000026525231217e-02 1.928125028731301482e-01
1.450500026512600155e-02 1.939583362235377251e-01
1.451000026499969092e-02 1.952083362421641877e-01
1.451500026487338030e-02 1.966666695972283663e-01
1.452000026474706967e-02 1.977083362794170851e-01
1.452500026462075905e-02 1.989583362980435199e-01
1.453000026449444843e-02 1.998958363120133808e-01
1.453500026436813780e-02 2.012500029988587014e-01
1.454000026424182718e-02 2.021875030128285344e-01
1.454500026411551655e-02 2.030208363585795095e-01
1.455000026398920593e-02 2.037500030361115988e-01
1.455500026386289530e-02 2.050000030547380336e-01
1.456000026373658468e-02 2.058333364004889809e-01
1.456500026361027406e-02 2.067708364144588695e-01
1.457000026348396343e-02 2.077083364284287026e-01
1.457500026335765281e-02 2.092708364517117670e-01
1.458000026323134218e-02 2.092708364517117670e-01
1.458500026310503156e-02 2.103125031339004580e-01
1.459000026297872094e-02 2.109375031432136893e-01
1.459500026285241031e-02 2.116666698207457786e-01
1.460000026272609969e-02 2.122916698300590099e-01
1.460500026259978906e-02 2.126041698347156117e-01
1.461000026247347844e-02 2.129166698393722690e-01
1.461500026234716781e-02 2.129166698393722690e-01
1.462000026222085719e-02 2.129166698393722690e-01
1.462500026209454657e-02 2.129166698393722690e-01
1.463000026196823594e-02 2.129166698393722690e-01
1.463500026184192532e-02 2.129166698393722690e-01
1.464000026171561469e-02 2.129166698393722690e-01
1.464500026158930407e-02 2.129166698393722690e-01
1.465000026146299344e-02 2.129166698393722690e-01
1.465500026133668282e-02 2.129166698393722690e-01
1.466000026121037220e-02 2.129166698393722690e-01
1.466500026108406157e-02 2.129166698393722690e-01
1.467000026095775095e-02 2.129166698393722690e-01
1.467500026083144032e-02 2.129166698393722690e-01
1.468000026070512970e-02 2.129166698393722690e-01
1.468500026057881908e-02 2.129166698393722690e-01
1.469000026045250845e-02 2.129166698393722690e-01
1.469500026032619783e-02 2.129166698393722690e-01
1.470000026019988720e-02 2.129166698393722690e-01
1.470500026007357658e-02 2.129166698393722690e-01
1.471000025994726595e-02 2.129166698393722690e-01
1.471500025982095533e-02 2.129166698393722690e-01
1.472000025969464471e-02 2.129166698393722690e-01
1.472500025956833408e-02 2.129166698393722690e-01
1.473000025944202346e-02 2.129166698393722690e-01
1.473500025931571283e-02 2.129166698393722690e-01
1.474000025918940221e-02 2.129166698393722690e-01
1.474500025906309159e-02 2.129166698393722690e-01
1.475000025893678096e-02 2.129166698393722690e-01
1.475500025881047034e-02 2.129166698393722690e-01
1.476000025868415971e-02 2.129166698393722690e-01
1.476500025855784909e-02 2.129166698393722690e-01
1.477000025843153846e-02 2.129166698393722690e-01
1.477500025830522784e-02 2.120833364936212384e-01
1.478000025817891722e-02 2.118750031571835224e-01
1.478500025805260659e-02 2.112500031478702911e-01
1.479000025792629597e-02 2.100000031292438563e-01
1.479500025779998534e-02 2.091666697834928812e-01
1.480000025767367472e-02 2.090625031152740232e-01
1.480500025754736410e-02 2.082291697695230759e-01
1.481000025742105347e-02 2.068750030826777275e-01
1.481500025729474285e-02 2.063541697415833542e-01
1.482000025716843222e-02 2.055208363958324069e-01
1.482500025704212160e-02 2.046875030500814319e-01
1.483000025691581097e-02 2.035416696996738828e-01
1.483500025678950035e-02 2.027083363539228522e-01
1.484000025666318973e-02 2.017708363399530469e-01
1.484500025653687910e-02 2.010416696624209298e-01
1.485000025641056848e-02 2.001041696484510968e-01
1.485500025628425785e-02 1.987500029616058039e-01
1.486000025615794723e-02 1.978125029476359431e-01
1.486500025603163661e-02 1.967708362654472520e-01
1.487000025590532598e-02 1.955208362468207894e-01
1.487500025577901536e-02 1.945833362328509564e-01
1.488000025565270473e-02 1.934375028824433518e-01
1.488500025552639411e-02 1.921875028638169169e-01
1.489000025540008348e-02 1.911458361816281981e-01
1.489500025527377286e-02 1.895833361583451337e-01
1.490000025514746224e-02 1.885416694761564427e-01
1.490500025502115161e-02 1.875000027939677238e-01
1.491000025489484099e-02 1.859375027706846595e-01
1.491500025476853036e-02 1.845833360838393389e-01
1.492000025464221974e-02 1.834375027334317620e-01
1.492500025451590911e-02 1.828125027241185308e-01
1.493000025438959849e-02 1.810416693643977226e-01
1.493500025426328787e-02 1.794791693411146583e-01
1.494000025413697724e-02 1.780208359860504796e-01
1.494500025401066662e-02 1.767708359674240171e-01
1.495000025388435599e-02 1.751041692759220669e-01
1.495500025375804537e-02 1.739583359255144901e-01
1.496000025363173475e-02 1.719791692293559382e-01
1.496500025350542412e-02 1.706250025425106454e-01
1.497000025337911350e-02 1.698958358649785283e-01
1.497500025325280287e-02 1.676041691641633746e-01
1.498000025312649225e-02 1.662500024773180540e-01
1.498500025300018162e-02 1.648958357904727334e-01
1.499000025287387100e-02 1.634375024354085271e-01
1.499500025274756038e-02 1.619791690803443485e-01
1.500000025262124975e-02 1.604166690570612841e-01
1.500500025249493913e-02 1.591666690384348215e-01
1.501000025236862850e-02 1.571875023422762696e-01
1.501500025224231788e-02 1.554166689825554615e-01
1.502000025211600726e-02 1.540625022957101409e-01
1.502500025198969663e-02 1.527083356088648203e-01
1.503000025186338601e-02 1.512500022538006139e-01
1.503500025173707538e-02 1.495833355622986915e-01
1.504000025161076476e-02 1.476041688661401396e-01
1.504500025148445413e-02 1.462500021792948190e-01
1.505000025135814351e-02 1.445833354877928967e-01
1.505500025123183289e-02 1.430208354645098323e-01
1.506000025110552226e-02 1.414583354412267679e-01
1.506500025097921164e-02 1.400000020861625616e-01
1.507000025085290101e-02 1.382291687264417535e-01
1.507500025072659039e-02 1.372916687124719204e-01
1.508000025060027977e-02 1.354166686845322543e-01
1.508500025047396914e-02 1.338541686612491899e-01
1.509000025034765852e-02 1.320833353015283818e-01
1.509500025022134789e-02 1.306250019464641754e-01
1.510000025009503727e-02 1.292708352596188548e-01
1.510500024996872664e-02 1.271875018952414449e-01
1.511000024984241602e-02 1.262500018812715841e-01
1.511500024971610540e-02 1.240625018486753162e-01
1.512000024958979477e-02 1.225000018253922518e-01
1.512500024946348415e-02 1.207291684656714437e-01
1.513000024933717352e-02 1.211458351385469173e-01
1.513500024921086290e-02 1.179166684237619306e-01
1.514000024908455228e-02 1.163541684004788662e-01
1.514500024895824165e-02 1.148958350454146599e-01
1.515000024883193103e-02 1.133333350221315955e-01
1.515500024870562040e-02 1.118750016670674030e-01
1.516000024857930978e-02 1.104166683120032244e-01
1.516500024845299915e-02 1.088541682887201600e-01
1.517000024832668853e-02 1.067708349243427224e-01
1.517500024820037791e-02 1.056250015739351455e-01
1.518000024807406728e-02 1.041666682188709669e-01
1.518500024794775666e-02 1.030208348684633762e-01
1.519000024782144603e-02 1.012500015087425681e-01
1.519500024769513541e-02 1.001041681583349913e-01
1.520000024756882478e-02 9.822916813039531125e-02
1.520500024744251416e-02 9.677083477533111877e-02
1.521000024731620354e-02 9.541666808848579817e-02
1.521500024718989291e-02 9.416666806985934945e-02
1.522000024706358229e-02 9.187500136904418191e-02
1.522500024693727166e-02 9.083333468685547696e-02
1.523000024681096104e-02 8.927083466357241259e-02
1.523500024668465042e-02 8.770833464028934823e-02
1.524000024655833979e-02 8.656250128988175752e-02
1.524500024643202917e-02 8.500000126659869315e-02
1.525000024630571854e-02 8.343750124331562878e-02
1.525500024617940792e-02 8.229166789290805195e-02
1.526000024605309729e-02 8.083333453784385947e-02
1.526500024592678667e-02 7.927083451456079510e-02
1.527000024580047605e-02 7.791666782771547450e-02
1.527500024567416542e-02 7.625000113621353826e-02
1.528000024554785480e-02 7.479166778114934577e-02
1.528500024542154417e-02 7.343750109430402517e-02
1.529000024529523355e-02 7.218750107567757646e-02
1.529500024516892293e-02 7.093750105705111386e-02
1.530000024504261230e-02 6.937500103376804950e-02
1.530500024491630168e-02 6.802083434692272890e-02
1.531000024478999105e-02 6.677083432829628018e-02
1.531500024466368043e-02 6.531250097323208770e-02
1.532000024453736980e-02 6.427083429104338275e-02
1.532500024441105918e-02 6.291666760419806215e-02
1.533000024428474856e-02 6.156250091735273461e-02
1.533500024415843793e-02 6.010416756228854213e-02
1.534000024403212731e-02 5.895833421188096529e-02
1.534500024390581668e-02 5.739583418859790093e-02
1.535000024377950606e-02 5.583333416531483656e-02
1.535500024365319544e-02 5.479166748312613161e-02
1.536000024352688481e-02 5.354166746449966902e-02
1.536500024340057419e-02 5.281250078696757277e-02
1.537000024327426356e-02 5.156250076834112406e-02
1.537500024314795294e-02 5.000000074505805969e-02
1.538000024302164231e-02 4.927083406752596345e-02
1.538500024289533169e-02 4.833333405355612344e-02
1.539000024276902107e-02 4.697916736671080284e-02
1.539500024264271044e-02 4.593750068452209095e-02
1.540000024251639982e-02 4.468750066589564224e-02
1.540500024239008919e-02 4.385416732014467411e-02
1.541000024226377857e-02 4.229166729686160975e-02
1.541500024213746795e-02 4.145833395111064162e-02
1.542000024201115732e-02 4.031250060070306479e-02
1.542500024188484670e-02 3.885416724563886537e-02
1.543000024175853607e-02 3.791666723166902536e-02
1.543500024163222545e-02 3.729166722235580100e-02
1.544000024150591482e-02 3.614583387194822417e-02
1.544500024137960420e-02 3.510416718975951228e-02
1.545000024125329358e-02 3.416666717578967227e-02
1.545500024112698295e-02 3.302083382538209544e-02
1.546000024100067233e-02 3.270833382072547979e-02
1.546500024087436170e-02 3.135416713388015919e-02
1.547000024074805108e-02 3.052083378812919454e-02
1.547500024062174045e-02 2.958333377415935106e-02
1.548000024049542983e-02 2.885416709662725135e-02
1.548500024036911921e-02 2.781250041443854640e-02
1.549000024024280858e-02 2.697916706868757827e-02
1.549500024011649796e-02 2.572916705006112262e-02
1.550000023999018733e-02 2.510416704074790173e-02
1.550500023986387671e-02 2.395833369034032143e-02
1.551000023973756609e-02 2.312500034458935330e-02
1.551500023961125546e-02 2.218750033061951329e-02
1.552000023948494484e-02 2.135416698486854517e-02
1.552500023935863421e-02 2.062500030733644893e-02
1.553000023923232359e-02 1.989583362980435269e-02
1.553500023910601296e-02 1.895833361583451268e-02
1.554000023897970234e-02 1.812500027008354456e-02
1.554500023885339172e-02 1.739583359255144832e-02
1.555000023872708109e-02 1.656250024680048019e-02
1.555500023860077047e-02 1.604166690570612772e-02
1.556000023847445984e-02 1.489583355529854741e-02
1.556500023834814922e-02 1.437500021420419147e-02
1.557000023822183860e-02 1.343750020023435320e-02
1.557500023809552797e-02 1.270833352270225695e-02
1.558000023796921735e-02 1.177083350873241868e-02
1.558500023784290672e-02 1.093750016298145056e-02
1.559000023771659610e-02 1.010416681723048243e-02
1.559500023759028547e-02 9.583333476136128223e-03
1.560000023746397485e-02 8.854166798604031982e-03
1.560500023733766423e-02 8.020833452853063858e-03
1.561000023721135360e-02 7.291666775320967617e-03
1.561500023708504298e-02 6.562500097788870508e-03
1.562000023695873235e-02 6.145833424913386446e-03
1.562500023683242173e-02 5.312500079162418322e-03
1.563000023670611111e-02 4.687500069849193096e-03
1.563500023657980048e-02 4.062500060535967870e-03
1.564000023645348986e-02 3.229166714785000180e-03
1.564500023632717923e-02 2.708333373690645102e-03
1.565000023620086861e-02 1.979166696158547994e-03
1.565500023607455798e-02 1.041666682188709505e-03
1.566000023594824736e-02 3.125000046566128839e-04
1.566500023582193674e-02 1.041666682188709613e-04
1.567000023569562611e-02 -5.208333410943547523e-04
1.567500023556931549e-02 -1.041666682188709505e-03
1.568000023544300486e-02 -1.770833359720806180e-03
1.568500023531669424e-02 -2.916666710128386700e-03
1.569000023519038362e-02 -3.125000046566128731e-03
1.569500023506407299e-02 -3.854166724098225406e-03
1.570000023493776237e-02 -4.479166733411451065e-03
1.570500023481145174e-02 -5.104166742724677158e-03
1.571000023468514112e-02 -5.312500079162418322e-03
1.571500023455883049e-02 -5.833333420256773399e-03
1.572000023443251987e-02 -6.666666766007741524e-03
1.572500023430620925e-02 -7.500000111758708780e-03
1.573000023417989862e-02 -7.812500116415321827e-03
1.573500023405358800e-02 -8.333333457509676037e-03
1.574000023392727737e-02 -9.166666803260644161e-03
1.574500023380096675e-02 -9.687500144355000106e-03
1.575000023367465612e-02 -1.031250015366822446e-02
1.575500023354834550e-02 -1.093750016298145056e-02
1.576000023342203488e-02 -1.114583349941919259e-02
1.576500023329572425e-02 -1.208333351338903086e-02
1.577000023316941363e-02 -1.281250019092112710e-02
1.577500023304310300e-02 -1.270833352270225695e-02
1.578000023291679238e-02 -1.354166686845322334e-02
1.578500023279048176e-02 -1.427083354598532132e-02
1.579000023266417113e-02 -1.479166688707967553e-02
1.579500023253786051e-02 -1.531250022817403147e-02
1.580000023241154988e-02 -1.614583357392499960e-02
1.580500023228523926e-02 -1.666666691501935207e-02
1.581000023215892863e-02 -1.697916691967596772e-02
1.581500023203261801e-02 -1.781250026542693585e-02
1.582000023190630739e-02 -1.854166694295903209e-02
1.582500023177999676e-02 -1.875000027939677238e-02
1.583000023165368614e-02 -1.937500028871000021e-02
1.583500023152737551e-02 -2.010416696624209645e-02
1.584000023140106489e-02 -2.072916697555532081e-02
1.584500023127475427e-02 -2.114583364843080487e-02
1.585000023114844364e-02 -2.166666698952516082e-02
1.585500023102213302e-02 -2.197916699418177300e-02
1.586000023089582239e-02 -2.281250033993273765e-02
1.586500023076951177e-02 -2.302083367637048142e-02
1.587000023064320114e-02 -2.364583368568370578e-02
1.587500023051689052e-02 -2.437500036321580202e-02
1.588000023039057990e-02 -2.468750036787241767e-02
1.588500023026426927e-02 -2.572916705006112262e-02
1.589000023013795865e-02 -2.593750038649886985e-02
1.589500023001164802e-02 -2.687500040046870639e-02
1.590000022988533740e-02 -2.718750040512531857e-02
1.590500022975902678e-02 -2.760416707800080610e-02
1.591000022963271615e-02 -2.864583376018951105e-02
1.591500022950640553e-02 -2.895833376484613017e-02
1.592000022938009490e-02 -2.968750044237822294e-02
1.592500022925378428e-02 -2.989583377881596324e-02
1.593000022912747365e-02 -3.010416711525370700e-02
1.593500022900116303e-02 -3.083333379278580325e-02
1.594000022887485241e-02 -3.114583379744241542e-02
1.594500022874854178e-02 -3.166666713853676790e-02
1.595000022862223116e-02 -3.250000048428774296e-02
1.595500022849592053e-02 -3.302083382538209544e-02
1.596000022836960991e-02 -3.343750049825757603e-02
1.596500022824329929e-02 -3.364583383469531980e-02
1.597000022811698866e-02 -3.437500051222741604e-02
1.597500022799067804e-02 -3.489583385332176851e-02
1.598000022786436741e-02 -3.479166718510289663e-02
1.598500022773805679e-02 -3.541666719441612793e-02
1.599000022761174616e-02 -3.625000054016708911e-02
1.599500022748543554e-02 -3.666666721304257665e-02
1.600000022735912492e-02 -3.708333388591806418e-02
1.600500022723281429e-02 -3.760416722701241665e-02
1.601000022710650367e-02 -3.791666723166902536e-02
1.601500022698019304e-02 -3.854166724098225666e-02
1.602000022685388242e-02 -3.895833391385773725e-02
1.602500022672757179e-02 -3.937500058673321784e-02
1.603000022660126117e-02 -4.010416726426532102e-02
1.603500022647495055e-02 -4.062500060535967350e-02
1.604000022634863992e-02 -4.114583394645402598e-02
1.604500022622232930e-02 -4.125000061467289786e-02
1.605000022609601867e-02 -4.239583396508048163e-02
1.605500022596970805e-02 -4.218750062864273787e-02
1.606000022584339743e-02 -4.302083397439370599e-02
1.606500022571708680e-02 -4.375000065192580223e-02
1.607000022559077618e-02 -4.437500066123902659e-02
1.607500022546446555e-02 -4.468750066589564224e-02
1.608000022533815493e-02 -4.520833400698999471e-02
1.608500022521184430e-02 -4.552083401164661036e-02
1.609000022508553368e-02 -4.625000068917870660e-02
1.609500022495922306e-02 -4.666666736205418720e-02
1.610000022483291243e-02 -4.677083403027305908e-02
1.610500022470660181e-02 -4.739583403958628344e-02
1.611000022458029118e-02 -4.802083404889951473e-02
1.611500022445398056e-02 -4.770833404424289909e-02
1.612000022432766994e-02 -4.885416739465047592e-02
1.612500022420135931e-02 -4.927083406752596345e-02
1.613000022407504869e-02 -4.968750074040145098e-02
1.613500022394873806e-02 -4.989583407683918781e-02
1.614000022382242744e-02 -5.010416741327693851e-02
1.614500022369611681e-02 -5.104166742724676464e-02
1.615000022356980619e-02 -5.145833410012224524e-02
1.615500022344349557e-02 -5.145833410012224524e-02
1.616000022331718494e-02 -5.218750077765434842e-02
1.616500022319087432e-02 -5.260416745052982901e-02
1.617000022306456369e-02 -5.291666745518644466e-02
1.617500022293825307e-02 -5.322916745984306724e-02
1.618000022281194245e-02 -5.354166746449966902e-02
1.618500022268563182e-02 -5.395833413737515655e-02
1.619000022255932120e-02 -5.447916747846950902e-02
1.619500022243301057e-02 -5.489583415134499655e-02
1.620000022230669995e-02 -5.520833415600161220e-02
1.620500022218038932e-02 -5.510416748778273338e-02
1.621000022205407870e-02 -5.489583415134499655e-02
1.621500022192776808e-02 -5.593750083353370151e-02
1.622000022180145745e-02 -5.635416750640919598e-02
1.622500022167514683e-02 -5.687500084750354151e-02
1.623000022154883620e-02 -5.718750085216015716e-02
1.623500022142252558e-02 -5.739583418859790093e-02
1.624000022129621496e-02 -5.760416752503563775e-02
1.624500022116990433e-02 -5.781250086147338152e-02
1.625000022104359371e-02 -5.812500086612999717e-02
1.625500022091728308e-02 -5.802083419791112529e-02
1.626000022079097246e-02 -5.885416754366208647e-02
1.626500022066466183e-02 -5.875000087544322153e-02
1.627000022053835121e-02 -5.875000087544322153e-02
1.627500022041204059e-02 -5.906250088009983024e-02
1.628000022028572996e-02 -5.968750088941306153e-02
1.628500022015941934e-02 -5.947916755297532471e-02
1.629000022003310871e-02 -6.010416756228854213e-02
1.629500021990679809e-02 -5.989583422585080530e-02
1.630000021978048746e-02 -6.031250089872628589e-02
1.630500021965417684e-02 -6.062500090338289460e-02
1.631000021952786622e-02 -6.072916757160176648e-02
1.631500021940155559e-02 -6.104166757625838907e-02
1.632000021927524497e-02 -6.114583424447725402e-02
1.632500021914893434e-02 -6.156250091735273461e-02
1.633000021902262372e-02 -6.187500092200935026e-02
1.633500021889631310e-02 -6.187500092200935026e-02
1.634000021877000247e-02 -6.197916759022821520e-02
1.634500021864369185e-02 -6.208333425844709402e-02
1.635000021851738122e-02 -6.239583426310369579e-02
1.635500021839107060e-02 -6.197916759022821520e-02
1.636000021826475997e-02 -6.260416759954144650e-02
1.636500021813844935e-02 -6.250000093132257462e-02
1.637000021801213873e-02 -6.229166759488483085e-02
1.637500021788582810e-02 -6.218750092666595897e-02
1.638000021775951748e-02 -6.281250093597919026e-02
1.638500021763320685e-02 -6.250000093132257462e-02
1.639000021750689623e-02 -6.291666760419806215e-02
1.639500021738058561e-02 -6.281250093597919026e-02
1.640000021725427498e-02 -6.291666760419806215e-02
1.640500021712796436e-02 -6.302083427241693403e-02
1.641000021700165373e-02 -6.281250093597919026e-02
1.641500021687534311e-02 -6.302083427241693403e-02
1.642000021674903248e-02 -6.260416759954144650e-02
1.642500021662272186e-02 -6.229166759488483085e-02
1.643000021649641124e-02 -6.250000093132257462e-02
1.643500021637010061e-02 -6.270833426776031838e-02
1.644000021624378999e-02 -6.208333425844709402e-02
1.644500021611747936e-02 -6.218750092666595897e-02
1.645000021599116874e-02 -6.187500092200935026e-02
1.645500021586485812e-02 -6.177083425379047837e-02
1.646000021573854749e-02 -6.187500092200935026e-02
1.646500021561223687e-02 -6.145833424913386966e-02
1.647000021548592624e-02 -6.114583424447725402e-02
1.647500021535961562e-02 -6.114583424447725402e-02
1.648000021523330499e-02 -6.093750090803951025e-02
1.648500021510699437e-02 -6.093750090803951025e-02
1.649000021498068375e-02 -6.041666756694515084e-02
1.649500021485437312e-02 -6.052083423516402966e-02
1.650000021472806250e-02 -6.052083423516402966e-02
1.650500021460175187e-02 -6.000000089406967024e-02
1.651000021447544125e-02 -5.927083421653756706e-02
1.651500021434913063e-02 -5.927083421653756706e-02
1.652000021422282000e-02 -5.885416754366208647e-02
1.652500021409650938e-02 -5.854166753900547776e-02
1.653000021397019875e-02 -5.833333420256774093e-02
1.653500021384388813e-02 -5.812500086612999717e-02
1.654000021371757750e-02 -5.781250086147338152e-02
1.654500021359126688e-02 -5.739583418859790093e-02
1.655000021346495626e-02 -5.729166752037902210e-02
1.655500021333864563e-02 -5.645833417462806092e-02
1.656000021321233501e-02 -5.593750083353370151e-02
1.656500021308602438e-02 -5.500000081956386844e-02
1.657000021295971376e-02 -5.552083416065822091e-02
1.657500021283340313e-02 -5.510416748778273338e-02
1.658000021270709251e-02 -5.479166748312613161e-02
1.658500021258078189e-02 -5.416666747381289337e-02
1.659000021245447126e-02 -5.375000080093741278e-02
1.659500021232816064e-02 -5.302083412340530960e-02
1.660000021220185001e-02 -5.312500079162418842e-02
1.660500021207553939e-02 -5.260416745052982901e-02
1.661000021194922877e-02 -5.166666743656000288e-02
1.661500021182291814e-02 -5.114583409546564347e-02
1.662000021169660752e-02 -5.093750075902789970e-02
1.662500021157029689e-02 -5.031250074971467534e-02
1.663000021144398627e-02 -5.000000074505805969e-02
1.663500021131767564e-02 -4.906250073108821969e-02
1.664000021119136502e-02 -4.885416739465047592e-02
1.664500021106505440e-02 -4.854166738999386721e-02
1.665000021093874377e-02 -4.791666738068064285e-02
1.665500021081243315e-02 -4.729166737136741155e-02
1.666000021068612252e-02 -4.666666736205418720e-02
1.666500021055981190e-02 -4.645833402561645037e-02
1.667000021043350128e-02 -4.572916734808434719e-02
1.667500021030719065e-02 -4.458333399767677035e-02
1.668000021018088003e-02 -4.458333399767677035e-02
1.668500021005456940e-02 -4.364583398370693035e-02
1.669000020992825878e-02 -4.281250063795596222e-02
1.669500020980194815e-02 -4.239583396508048163e-02
1.670000020967563753e-02 -4.166666728754838539e-02
1.670500020954932691e-02 -4.125000061467289786e-02
1.671000020942301628e-02 -4.031250060070306479e-02
1.671500020929670566e-02 -4.000000059604644914e-02
1.672000020917039503e-02 -3.906250058207660913e-02
1.672500020904408441e-02 -3.875000057742000042e-02
1.673000020891777379e-02 -3.802083389988789724e-02
1.673500020879146316e-02 -3.729166722235580100e-02
1.674000020866515254e-02 -3.677083388126144853e-02
1.674500020853884191e-02 -3.604166720372935229e-02
1.675000020841253129e-02 -3.489583385332176851e-02
1.675500020828622066e-02 -3.447916718044628792e-02
1.676000020815991004e-02 -3.416666717578967227e-02
1.676500020803359942e-02 -3.343750049825757603e-02
1.677000020790728879e-02 -3.250000048428774296e-02
1.677500020778097817e-02 -3.145833380209903107e-02
1.678000020765466754e-02 -3.145833380209903107e-02
1.678500020752835692e-02 -3.052083378812919454e-02
1.679000020740204629e-02 -3.010416711525370700e-02
1.679500020727573567e-02 -2.947916710594048265e-02
1.680000020714942505e-02 -2.885416709662725135e-02
1.680500020702311442e-02 -2.739583374156306581e-02
1.681000020689680380e-02 -2.729166707334418698e-02
1.681500020677049317e-02 -2.677083373224983451e-02
1.682000020664418255e-02 -2.531250037718564203e-02
1.682500020651787193e-02 -2.541666704540451391e-02
1.683000020639156130e-02 -2.427083369499693360e-02
1.683500020626525068e-02 -2.375000035390257766e-02
1.684000020613894005e-02 -2.322916701280822518e-02
1.684500020601262943e-02 -2.239583366705725706e-02
1.685000020588631880e-02 -2.145833365308741705e-02
1.685500020576000818e-02 -2.135416698486854517e-02
1.686000020563369756e-02 -2.052083363911757705e-02
1.686500020550738693e-02 -1.979166696158548081e-02
1.687000020538107631e-02 -1.875000027939677238e-02
1.687500020525476568e-02 -1.822916693830241644e-02
1.688000020512845506e-02 -1.864583361117790050e-02
1.688500020500214444e-02 -1.729166692433257990e-02
1.689000020487583381e-02 -1.708333358789483614e-02
1.689500020474952319e-02 -1.614583357392499960e-02
1.690000020462321256e-02 -1.552083356461177351e-02
1.690500020449690194e-02 -1.531250022817403147e-02
1.691000020437059131e-02 -1.447916688242306509e-02
1.691500020424428069e-02 -1.437500021420419147e-02
1.692000020411797007e-02 -1.343750020023435320e-02
1.692500020399165944e-02 -1.343750020023435320e-02
1.693000020386534882e-02 -1.270833352270225695e-02
1.693500020373903819e-02 -1.250000018626451492e-02
1.694000020361272757e-02 -1.187500017695128883e-02
1.694500020348641695e-02 -1.135416683585693462e-02
1.695000020336010632e-02 -1.114583349941919259e-02
1.695500020323379570e-02 -1.072916682654370853e-02
1.696000020310748507e-02 -1.000000014901161229e-02
1.696500020298117445e-02 -9.791666812573870254e-03
1.697000020285486382e-02 -8.645833462166289951e-03
1.697500020272855320e-02 -8.958333466822902130e-03
1.698000020260224258e-02 -8.645833462166289951e-03
1.698500020247593195e-02 -8.125000121071935741e-03
1.699000020234962133e-02 -7.604166779977578929e-03
1.699500020222331070e-02 -7.604166779977578929e-03
1.700000020209700008e-02 -7.083333438883224718e-03
1.700500020197068946e-02 -6.979166770664354570e-03
1.701000020184437883e-02 -6.666666766007741524e-03
1.701500020171806821e-02 -6.041666756694515431e-03
1.702000020159175758e-02 -6.145833424913386446e-03
1.702500020146544696e-02 -6.250000093132257462e-03
1.703000020133913633e-02 -5.937500088475644415e-03
1.703500020121282571e-02 -5.416666747381290205e-03
1.704000020108651509e-02 -4.791666738068064112e-03
1.704500020096020446e-02 -5.312500079162418322e-03
1.705000020083389384e-02 -4.791666738068064112e-03
1.705500020070758321e-02 -4.791666738068064112e-03
1.706000020058127259e-02 -4.583333401630322081e-03
1.706500020045496196e-02 -4.270833396973709034e-03
1.707000020032865134e-02 -4.687500069849193096e-03
1.707500020020234072e-02 -4.583333401630322081e-03
1.708000020007603009e-02 -4.062500060535967870e-03
1.708500019994971947e-02 -4.479166733411451065e-03
1.709000019982340884e-02 -4.479166733411451065e-03
1.709500019969709822e-02 -4.375000065192580050e-03
1.710000019957078760e-02 -4.479166733411451065e-03
1.710500019944447697e-02 -4.375000065192580050e-03
1.711000019931816635e-02 -4.583333401630322081e-03
1.711500019919185572e-02 -4.895833406286935127e-03
1.712000019906554510e-02 -4.479166733411451065e-03
1.712500019893923447e-02 -5.416666747381290205e-03
1.713000019881292385e-02 -5.312500079162418322e-03
1.713500019868661323e-02 -5.416666747381290205e-03
1.714000019856030260e-02 -5.416666747381290205e-03
1.714500019843399198e-02 -5.520833415600160353e-03
1.715000019830768135e-02 -6.041666756694515431e-03
1.715500019818137073e-02 -6.354166761351128477e-03
1.716000019805506011e-02 -6.354166761351128477e-03
1.716500019792874948e-02 -6.979166770664354570e-03
1.717000019780243886e-02 -8.437500125728547920e-03
1.717500019767612823e-02 -8.020833452853063858e-03
1.718000019754981761e-02 -8.437500125728547920e-03
1.718500019742350698e-02 -8.229166789290805889e-03
1.719000019729719636e-02 -9.270833471479516044e-03
1.719500019717088574e-02 -9.479166807917256340e-03
1.720000019704457511e-02 -1.031250015366822446e-02
1.720500019691826449e-02 -1.062500015832483664e-02
1.721000019679195386e-02 -1.083333349476258041e-02
1.721500019666564324e-02 -1.177083350873241868e-02
1.722000019653933262e-02 -1.250000018626451492e-02
1.722500019641302199e-02 -1.333333353201548305e-02
1.723000019628671137e-02 -1.312500019557774102e-02
1.723500019616040074e-02 -1.385416687310983726e-02
1.724000019603409012e-02 -1.500000022351741756e-02
1.724500019590777949e-02 -1.531250022817403147e-02
1.725000019578146887e-02 -1.625000024214387148e-02
1.725500019565515825e-02 -1.708333358789483614e-02
1.726000019552884762e-02 -1.760416692898919208e-02
1.726500019540253700e-02 -1.875000027939677238e-02
1.727000019527622637e-02 -1.968750029336660892e-02
1.727500019514991575e-02 -2.020833363446096487e-02
1.728000019502360513e-02 -2.114583364843080487e-02
1.728500019489729450e-02 -2.218750033061951329e-02
1.729000019477098388e-02 -2.270833367171386924e-02
1.729500019464467325e-02 -2.427083369499693360e-02
1.730000019451836263e-02 -2.541666704540451391e-02
1.730500019439205200e-02 -2.677083373224983451e-02
1.731000019426574138e-02 -2.750000040978193422e-02
1.731500019413943076e-02 -2.885416709662725135e-02
1.732000019401312013e-02 -2.968750044237822294e-02
1.732500019388680951e-02 -3.072916712456693483e-02
1.733000019376049888e-02 -3.239583381606887108e-02
1.733500019363418826e-02 -3.312500049360096038e-02
1.734000019350787763e-02 -3.416666717578967227e-02
1.734500019338156701e-02 -3.593750053551048040e-02
1.735000019325525639e-02 -3.677083388126144853e-02
1.735500019312894576e-02 -3.843750057276338478e-02
1.736000019300263514e-02 -3.916666725029548102e-02
1.736500019287632451e-02 -4.072916727357854538e-02
1.737000019275001389e-02 -4.229166729686160975e-02
1.737500019262370327e-02 -4.375000065192580223e-02
1.738000019249739264e-02 -4.541666734342773848e-02
1.738500019237108202e-02 -4.635416735739757849e-02
1.739000019224477139e-02 -4.781250071246177097e-02
1.739500019211846077e-02 -4.906250073108821969e-02
1.740000019199215014e-02 -5.114583409546564347e-02
1.740500019186583952e-02 -5.187500077299773971e-02
1.741000019173952890e-02 -5.343750079628080407e-02
1.741500019161321827e-02 -5.520833415600161220e-02
1.742000019148690765e-02 -5.718750085216015716e-02
1.742500019136059702e-02 -5.791666752969226034e-02
1.743000019123428640e-02 -5.947916755297532471e-02
1.743500019110797578e-02 -6.104166757625838907e-02
1.744000019098166515e-02 -6.291666760419806215e-02
1.744500019085535453e-02 -6.468750096391885640e-02
1.745000019072904390e-02 -6.635416765542080653e-02
1.745500019060273328e-02 -6.812500101514161466e-02
1.746000019047642265e-02 -6.958333437020579326e-02
1.746500019035011203e-02 -7.114583439348885763e-02
1.747000019022380141e-02 -7.322916775786628141e-02
1.747500019009749078e-02 -7.489583444936821766e-02
1.748000018997118016e-02 -7.635416780443241014e-02
1.748500018984486953e-02 -7.822916783237209015e-02
1.749000018971855891e-02 -8.020833452853064205e-02
1.749500018959224829e-02 -8.208333455647030819e-02
1.750000018946593766e-02 -8.333333457509677078e-02
1.750500018933962704e-02 -8.531250127125532268e-02
1.751000018921331641e-02 -8.708333463097611693e-02
1.751500018908700579e-02 -8.864583465425918130e-02
1.752000018896069516e-02 -9.041666801397998943e-02
1.752500018883438454e-02 -9.260416804657628509e-02
1.753000018870807392e-02 -9.406250140164047757e-02
1.753500018858176329e-02 -9.593750142958014371e-02
1.754000018845545267e-02 -9.770833478930095184e-02
1.754500018832914204e-02 -9.947916814902175997e-02
1.755000018820283142e-02 -1.011458348405236962e-01
1.755500018807652080e-02 -1.027083348638067606e-01
1.756000018795021017e-02 -1.047916682281841844e-01
1.756500018782389955e-02 -1.063541682514672487e-01
1.757000018769758892e-02 -1.086458349522824024e-01
1.757500018757127830e-02 -1.100000016391277369e-01
1.758000018744496767e-02 -1.117708349988485311e-01
1.758500018731865705e-02 -1.134375016903504674e-01
1.759000018719234643e-02 -1.152083350500712755e-01
1.759500018706603580e-02 -1.169791684097920698e-01
1.760000018693972518e-02 -1.185416684330751341e-01
1.760500018681341455e-02 -1.204166684610148280e-01
1.761000018668710393e-02 -1.217708351478601486e-01
1.761500018656079330e-02 -1.238541685122375724e-01
1.762000018643448268e-02 -1.254166685355206368e-01
1.762500018630817206e-02 -1.272916685634603029e-01
1.763000018618186143e-02 -1.285416685820867655e-01
1.763500018605555081e-02 -1.301041686053698299e-01
1.764000018592924018e-02 -1.320833353015283818e-01
1.764500018580292956e-02 -1.334375019883737024e-01
1.765000018567661894e-02 -1.347916686752190230e-01
1.765500018555030831e-02 -1.360416686938454578e-01
1.766000018542399769e-02 -1.382291687264417535e-01
1.766500018529768706e-02 -1.397916687497248178e-01
1.767000018517137644e-02 -1.410416687683512804e-01
1.767500018504506581e-02 -1.429166687962909466e-01
1.768000018491875519e-02 -1.444791688195740109e-01
1.768500018479244457e-02 -1.458333355064193315e-01
1.769000018466613394e-02 -1.472916688614835379e-01
1.769500018453982332e-02 -1.488541688847666022e-01
1.770000018441351269e-02 -1.496875022305175496e-01
1.770500018428720207e-02 -1.513541689220194997e-01
1.771000018416089145e-02 -1.523958356042082185e-01
1.771500018403458082e-02 -1.540625022957101409e-01
1.772000018390827020e-02 -1.554166689825554615e-01
1.772500018378195957e-02 -1.564583356647441803e-01
1.773000018365564895e-02 -1.584375023609027322e-01
1.773500018352933832e-02 -1.591666690384348215e-01
1.774000018340302770e-02 -1.607291690617178859e-01
1.774500018327671708e-02 -1.615625024074688609e-01
1.775000018315040645e-02 -1.627083357578764378e-01
1.775500018302409583e-02 -1.640625024447217584e-01
1.776000018289778520e-02 -1.654166691315670790e-01
1.776500018277147458e-02 -1.661458358090991683e-01
1.777000018264516396e-02 -1.666666691501935416e-01
1.777500018251885333e-02 -1.681250025052577202e-01
1.778000018239254271e-02 -1.690625025192275810e-01
1.778500018226623208e-02 -1.700000025331973863e-01
1.779000018213992146e-02 -1.706250025425106454e-01
1.779500018201361083e-02 -1.714583358882615927e-01
1.780000018188730021e-02 -1.723958359022314257e-01
1.780500018176098959e-02 -1.732291692479824008e-01
1.781000018163467896e-02 -1.740625025937333759e-01
1.781500018150836834e-02 -1.746875026030465794e-01
1.782000018138205771e-02 -1.754166692805786965e-01
1.782500018125574709e-02 -1.763541692945485295e-01
1.783000018112943647e-02 -1.764583359627674153e-01
1.783500018100312584e-02 -1.771875026402995046e-01
1.784000018087681522e-02 -1.775000026449561064e-01
1.784500018075050459e-02 -1.781250026542693377e-01
1.785000018062419397e-02 -1.787500026635825690e-01
1.785500018049788334e-02 -1.796875026775524020e-01
1.786000018037157272e-02 -1.798958360139901458e-01
1.786500018024526210e-02 -1.794791693411146583e-01
1.787000018011895147e-02 -1.800000026822090315e-01
1.787500017999264085e-02 -1.804166693550844913e-01
1.788000017986633022e-02 -1.810416693643977226e-01
1.788500017974001960e-02 -1.814583360372732102e-01
1.789000017961370897e-02 -1.812500027008354664e-01
1.789500017948739835e-02 -1.810416693643977226e-01
1.790000017936108773e-02 -1.810416693643977226e-01
1.790500017923477710e-02 -1.815625027054920959e-01
1.791000017910846648e-02 -1.814583360372732102e-01
1.791500017898215585e-02 -1.812500027008354664e-01
1.792000017885584523e-02 -1.814583360372732102e-01
1.792500017872953461e-02 -1.813541693690543244e-01
1.793000017860322398e-02 -1.810416693643977226e-01
1.793500017847691336e-02 -1.813541693690543244e-01
1.794000017835060273e-02 -1.807291693597411208e-01
1.794500017822429211e-02 -1.807291693597411208e-01
1.795000017809798148e-02 -1.805208360233033771e-01
1.795500017797167086e-02 -1.801041693504278896e-01
1.796000017784536024e-02 -1.793750026728957725e-01
1.796500017771904961e-02 -1.794791693411146583e-01
1.797000017759273899e-02 -1.788541693318014270e-01
1.797500017746642836e-02 -1.783333359907070814e-01
1.798000017734011774e-02 -1.779166693178315939e-01
1.798500017721380712e-02 -1.775000026449561064e-01
1.799000017708749649e-02 -1.767708359674240171e-01
1.799500017696118587e-02 -1.765625026309862733e-01
1.800000017683487524e-02 -1.758333359534541840e-01
1.800500017670856462e-02 -1.750000026077032089e-01
1.801000017658225399e-02 -1.744791692666088634e-01
1.801500017645594337e-02 -1.733333359162012866e-01
1.802000017632963275e-02 -1.729166692433257990e-01
1.802500017620332212e-02 -1.722916692340125677e-01
1.803000017607701150e-02 -1.714583358882615927e-01
1.803500017595070087e-02 -1.706250025425106454e-01
1.804000017582439025e-02 -1.696875025285407845e-01
1.804500017569807963e-02 -1.687500025145709515e-01
1.805000017557176900e-02 -1.679166691688199764e-01
1.805500017544545838e-02 -1.664583358137557978e-01
1.806000017531914775e-02 -1.660416691408803103e-01
1.806500017519283713e-02 -1.652083357951293352e-01
1.807000017506652650e-02 -1.636458357718462708e-01
1.807500017494021588e-02 -1.632291690989707833e-01
1.808000017481390526e-02 -1.615625024074688609e-01
1.808500017468759463e-02 -1.606250023934990001e-01
1.809000017456128401e-02 -1.595833357113103090e-01
1.809500017443497338e-02 -1.581250023562461304e-01
1.810000017430866276e-02 -1.575000023469328714e-01
1.810500017418235214e-02 -1.556250023189932052e-01
1.811000017405604151e-02 -1.551041689778988597e-01
1.811500017392973089e-02 -1.531250022817403078e-01
1.812000017380342026e-02 -1.520833355995515890e-01
1.812500017367710964e-02 -1.505208355762685246e-01
1.813000017355079901e-02 -1.492708355576420898e-01
1.813500017342448839e-02 -1.482291688754533709e-01
1.814000017329817777e-02 -1.465625021839514208e-01
1.814500017317186714e-02 -1.446875021560117547e-01
1.815000017304555652e-02 -1.432291688009475761e-01
1.815500017291924589e-02 -1.417708354458833697e-01
1.816000017279293527e-02 -1.404166687590380491e-01
1.816500017266662464e-02 -1.390625020721927285e-01
1.817000017254031402e-02 -1.378125020535662937e-01
1.817500017241400340e-02 -1.366666687031586891e-01
1.818000017228769277e-02 -1.350000020116567667e-01
1.818500017216138215e-02 -1.334375019883737024e-01
1.819000017203507152e-02 -1.316666686286528942e-01
1.819500017190876090e-02 -1.302083352735886879e-01
1.820000017178245028e-02 -1.287500019185245093e-01
1.820500017165613965e-02 -1.276041685681169324e-01
1.821000017152982903e-02 -1.257291685401772385e-01
1.821500017140351840e-02 -1.240625018486753162e-01
1.822000017127720778e-02 -1.223958351571733660e-01
1.822500017115089715e-02 -1.212500018067657892e-01
1.823000017102458653e-02 -1.198958351199204686e-01
1.823500017089827591e-02 -1.180208350919807886e-01
1.824000017077196528e-02 -1.165625017369165961e-01
1.824500017064565466e-02 -1.150000017136335317e-01
1.825000017051934403e-02 -1.134375016903504674e-01
1.825500017039303341e-02 -1.116666683306296731e-01
1.826000017026672279e-02 -1.105208349802220824e-01
1.826500017014041216e-02 -1.086458349522824024e-01
1.827000017001410154e-02 -1.073958349336559537e-01
1.827500016988779091e-02 -1.055208349057162737e-01
1.828000016976148029e-02 -1.040625015506520812e-01
1.828500016963516966e-02 -1.021875015227124150e-01
1.829000016950885904e-02 -1.003125014947727350e-01
1.829500016938254842e-02 -9.927083481258401620e-02
1.830000016925623779e-02 -9.739583478464435007e-02
1.830500016912992717e-02 -9.593750142958014371e-02
1.831000016900361654e-02 -9.406250140164047757e-02
1.831500016887730592e-02 -9.291666805123290074e-02
1.832000016875099530e-02 -9.104166802329322072e-02
1.832500016862468467e-02 -8.989583467288563001e-02
1.833000016849837405e-02 -8.812500131316482188e-02
1.833500016837206342e-02 -8.677083462631950128e-02
1.834000016824575280e-02 -8.531250127125532268e-02
1.834500016811944217e-02 -8.302083457044015513e-02
1.835000016799313155e-02 -8.187500122003256442e-02
1.835500016786682093e-02 -8.031250119674950005e-02
1.836000016774051030e-02 -7.895833450990417945e-02
1.836500016761419968e-02 -7.666666780908902579e-02
1.837000016748788905e-02 -7.531250112224370519e-02
1.837500016736157843e-02 -7.395833443539838459e-02
1.838000016723526781e-02 -7.229166774389644834e-02
1.838500016710895718e-02 -7.052083438417564021e-02
1.839000016698264656e-02 -6.895833436089257584e-02
1.839500016685633593e-02 -6.760416767404725524e-02
1.840000016673002531e-02 -6.593750098254531899e-02
1.840500016660371468e-02 -6.468750096391885640e-02
1.841000016647740406e-02 -6.281250093597919026e-02
1.841500016635109344e-02 -6.093750090803951025e-02
1.842000016622478281e-02 -5.958333422119418965e-02
1.842500016609847219e-02 -5.822916753434886211e-02
1.843000016597216156e-02 -5.656250084284693280e-02
1.843500016584585094e-02 -5.458333414668837397e-02
1.844000016571954031e-02 -5.364583413271854784e-02
1.844500016559322969e-02 -5.166666743656000288e-02
1.845000016546691907e-02 -5.020833408149580346e-02
1.845500016534060844e-02 -4.843750072177499533e-02
1.846000016521429782e-02 -4.708333403492967473e-02
1.846500016508798719e-02 -4.552083401164661036e-02
1.847000016496167657e-02 -4.385416732014467411e-02
1.847500016483536595e-02 -4.229166729686160975e-02
1.848000016470905532e-02 -4.072916727357854538e-02
1.848500016458274470e-02 -3.895833391385773725e-02
1.849000016445643407e-02 -3.781250056345015348e-02
1.849500016433012345e-02 -3.656250054482370476e-02
1.850000016420381282e-02 -3.437500051222741604e-02
1.850500016407750220e-02 -3.291666715716322356e-02
1.851000016395119158e-02 -3.135416713388015919e-02
1.851500016382488095e-02 -2.979166711059709483e-02
1.852000016369857033e-02 -2.843750042375177076e-02
1.852500016357225970e-02 -2.677083373224983451e-02
1.853000016344594908e-02 -2.500000037252902985e-02
1.853500016331963846e-02 -2.291666700815160954e-02
1.854000016319332783e-02 -2.166666698952516082e-02
1.854500016306701721e-02 -1.958333362514774051e-02
1.855000016294070658e-02 -1.812500027008354456e-02
1.855500016281439596e-02 -1.677083358323822396e-02
1.856000016268808533e-02 -1.541666689639290162e-02
1.856500016256177471e-02 -1.354166686845322334e-02
1.857000016243546409e-02 -1.208333351338903086e-02
1.857500016230915346e-02 -1.031250015366822446e-02
1.858000016218284284e-02 -8.437500125728547920e-03
1.858500016205653221e-02 -6.562500097788870508e-03
1.859000016193022159e-02 -5.000000074505806143e-03
1.859500016180391097e-02 -3.541666719441612359e-03
1.860000016167760034e-02 -1.666666691501935381e-03
1.860500016155128972e-02 -1.041666682188709613e-04
1.861000016142497909e-02 1.770833359720806180e-03
1.861500016129866847e-02 3.125000046566128731e-03
1.862000016117235784e-02 4.791666738068064112e-03
1.862500016104604722e-02 7.083333438883224718e-03
1.863000016091973660e-02 8.958333466822902130e-03
1.863500016079342597e-02 1.062500015832483664e-02
1.864000016066711535e-02 1.229166684982677289e-02
1.864500016054080472e-02 1.375000020489096711e-02
1.865000016041449410e-02 1.552083356461177351e-02
1.865500016028818348e-02 1.781250026542693585e-02
1.866000016016187285e-02 1.895833361583451268e-02
1.866500016003556223e-02 2.114583364843080487e-02
1.867000015990925160e-02 2.270833367171386924e-02
1.867500015978294098e-02 2.500000037252902985e-02
1.868000015965663035e-02 2.677083373224983451e-02
1.868500015953031973e-02 2.885416709662725135e-02
1.869000015940400911e-02 3.041666711991031571e-02
1.869500015927769848e-02 3.208333381141225543e-02
1.870000015915138786e-02 3.416666717578967227e-02
1.870500015902507723e-02 3.604166720372935229e-02
1.871000015889876661e-02 3.781250056345015348e-02
1.871500015877245598e-02 3.989583392782757726e-02
1.872000015864614536e-02 4.156250061932951351e-02
1.872500015851983474e-02 4.385416732014467411e-02
1.873000015839352411e-02 4.552083401164661036e-02
1.873500015826721349e-02 4.770833404424289909e-02
1.874000015814090286e-02 4.979166740862031593e-02
1.874500015801459224e-02 5.166666743656000288e-02
1.875000015788828162e-02 5.395833413737515655e-02
1.875500015776197099e-02 5.583333416531483656e-02
1.876000015763566037e-02 5.760416752503563775e-02
1.876500015750934974e-02 5.937500088475644588e-02
1.877000015738303912e-02 6.197916759022821520e-02
1.877500015725672849e-02 6.354166761351127957e-02
1.878000015713041787e-02 6.572916764610757523e-02
1.878500015700410725e-02 6.697916766473402395e-02
1.879000015687779662e-02 6.947916770198693526e-02
1.879500015675148600e-02 7.187500107102096081e-02
1.880000015662517537e-02 7.354166776252289706e-02
1.880500015649886475e-02 7.562500112690030696e-02
1.881000015637255413e-02 7.750000115484000085e-02
1.881500015624624350e-02 7.927083451456079510e-02
1.882000015611993288e-02 8.125000121071934700e-02
1.882500015599362225e-02 8.322916790687789890e-02
1.883000015586731163e-02 8.520833460303643692e-02
1.883500015574100100e-02 8.739583463563273258e-02
1.884000015561469038e-02 8.864583465425918130e-02
1.884500015548837976e-02 9.135416802794983637e-02
1.885000015536206913e-02 9.270833471479515697e-02
1.885500015523575851e-02 9.510416808382918252e-02
1.886000015510944788e-02 9.666666810711224689e-02
1.886500015498313726e-02 9.833333479861418314e-02
1.887000015485682664e-02 1.008333348358670806e-01
1.887500015473051601e-02 1.025000015273690168e-01
1.888000015460420539e-02 1.040625015506520812e-01
1.888500015447789476e-02 1.058333349103728893e-01
1.889000015435158414e-02 1.082291682794069287e-01
1.889500015422527351e-02 1.097916683026899931e-01
1.890000015409896289e-02 1.116666683306296731e-01
1.890500015397265227e-02 1.130208350174749798e-01
1.891000015384634164e-02 1.157291683911656349e-01
1.891500015372003102e-02 1.169791684097920698e-01
1.892000015359372039e-02 1.187500017695128918e-01
1.892500015346740977e-02 1.203125017927959561e-01
1.893000015334109914e-02 1.219791684842978924e-01
1.893500015321478852e-02 1.236458351757998425e-01
1.894000015308847790e-02 1.256250018719583805e-01
1.894500015296216727e-02 1.275000018998980467e-01
1.895000015283585665e-02 1.290625019231811110e-01
1.895500015270954602e-02 1.309375019511207772e-01
1.896000015258323540e-02 1.322916686379661255e-01
1.896500015245692478e-02 1.343750020023435354e-01
1.897000015233061415e-02 1.360416686938454578e-01
1.897500015220430353e-02 1.370833353760341766e-01
1.898000015207799290e-02 1.380208353900040097e-01
1.898500015195168228e-02 1.400000020861625616e-01
1.899000015182537165e-02 1.416666687776645117e-01
1.899500015169906103e-02 1.434375021373852921e-01
1.900000015157275041e-02 1.446875021560117547e-01
1.900500015144643978e-02 1.463541688475137048e-01
1.901000015132012916e-02 1.478125022025778834e-01
1.901500015119381853e-02 1.489583355529854602e-01
1.902000015106750791e-02 1.507291689127062684e-01
1.902500015094119729e-02 1.520833355995515890e-01
1.903000015081488666e-02 1.531250022817403078e-01
1.903500015068857604e-02 1.545833356368045142e-01
1.904000015056226541e-02 1.557291689872120910e-01
1.904500015043595479e-02 1.570833356740574116e-01
1.905000015030964416e-02 1.587500023655593340e-01
1.905500015018333354e-02 1.593750023748725653e-01
1.906000015005702292e-02 1.604166690570612841e-01
1.906500014993071229e-02 1.616666690756877189e-01
1.907000014980440167e-02 1.632291690989707833e-01
1.907500014967809104e-02 1.640625024447217584e-01
1.908000014955178042e-02 1.654166691315670790e-01
1.908500014942546980e-02 1.662500024773180540e-01
1.909000014929915917e-02 1.670833358230690291e-01
1.909500014917284855e-02 1.680208358370388622e-01
1.910000014904653792e-02 1.688541691827898095e-01
1.910500014892022730e-02 1.702083358696351578e-01
1.911000014879391667e-02 1.710416692153861051e-01
1.911500014866760605e-02 1.717708358929182222e-01
1.912000014854129543e-02 1.728125025751069133e-01
1.912500014841498480e-02 1.735416692526390026e-01
1.913000014828867418e-02 1.744791692666088634e-01
1.913500014816236355e-02 1.750000026077032089e-01
1.914000014803605293e-02 1.761458359581107858e-01
1.914500014790974231e-02 1.765625026309862733e-01
1.915000014778343168e-02 1.778125026496127081e-01
1.915500014765712106e-02 1.782291693224881957e-01
1.916000014753081043e-02 1.791666693364580565e-01
1.916500014740449981e-02 1.795833360093335440e-01
1.917000014727818918e-02 1.800000026822090315e-01
1.917500014715187856e-02 1.809375026961788369e-01
1.918000014702556794e-02 1.814583360372732102e-01
1.918500014689925731e-02 1.817708360419298119e-01
1.919000014677294669e-02 1.826041693876807870e-01
1.919500014664663606e-02 1.828125027241185308e-01
1.920000014652032544e-02 1.832291693969940183e-01
1.920500014639401481e-02 1.838541694063072496e-01
1.921000014626770419e-02 1.841666694109638513e-01
1.921500014614139357e-02 1.843750027474015951e-01
1.922000014601508294e-02 1.845833360838393389e-01
1.922500014588877232e-02 1.848958360884959407e-01
1.923000014576246169e-02 1.855208360978091719e-01
1.923500014563615107e-02 1.857291694342469157e-01
1.924000014550984045e-02 1.855208360978091719e-01
1.924500014538352982e-02 1.861458361071224032e-01
1.925000014525721920e-02 1.865625027799978908e-01
1.925500014513090857e-02 1.864583361117790050e-01
1.926000014500459795e-02 1.866666694482167488e-01
1.926500014487828732e-02 1.868750027846544925e-01
1.927000014475197670e-02 1.870833361210922363e-01
1.927500014462566608e-02 1.867708361164356345e-01
1.928000014449935545e-02 1.872916694575299801e-01
1.928500014437304483e-02 1.869791694528733783e-01
1.929000014424673420e-02 1.871875027893110943e-01
1.929500014412042358e-02 1.870833361210922363e-01
1.930000014399411296e-02 1.873958361257488658e-01
1.930500014386780233e-02 1.870833361210922363e-01
1.931000014374149171e-02 1.870833361210922363e-01
1.931500014361518108e-02 1.868750027846544925e-01
1.932000014348887046e-02 1.864583361117790050e-01
1.932500014336255983e-02 1.863541694435601470e-01
1.933000014323624921e-02 1.867708361164356345e-01
1.933500014310993859e-02 1.863541694435601470e-01
1.934000014298362796e-02 1.856250027660280300e-01
1.934500014285731734e-02 1.855208360978091719e-01
1.935000014273100671e-02 1.855208360978091719e-01
1.935500014260469609e-02 1.850000027567148264e-01
1.936000014247838547e-02 1.845833360838393389e-01
1.936500014235207484e-02 1.842708360791827371e-01
1.937000014222576422e-02 1.841666694109638513e-01
1.937500014209945359e-02 1.833333360652128763e-01
1.938000014197314297e-02 1.831250027287751603e-01
1.938500014184683234e-02 1.835416694016506201e-01
1.939000014172052172e-02 1.822916693830241852e-01
1.939500014159421110e-02 1.813541693690543244e-01
1.940000014146790047e-02 1.813541693690543244e-01
1.940500014134158985e-02 1.811458360326166084e-01
1.941000014121527922e-02 1.803125026868656333e-01
1.941500014108896860e-02 1.796875026775524020e-01
1.942000014096265798e-02 1.793750026728957725e-01
1.942500014083634735e-02 1.785416693271448252e-01
1.943000014071003673e-02 1.782291693224881957e-01
1.943500014058372610e-02 1.772916693085183626e-01
1.944000014045741548e-02 1.766666692992051313e-01
1.944500014033110485e-02 1.757291692852352982e-01
1.945000014020479423e-02 1.751041692759220669e-01
1.945500014007848361e-02 1.744791692666088634e-01
1.946000013995217298e-02 1.740625025937333759e-01
1.946500013982586236e-02 1.731250025797635150e-01
1.947000013969955173e-02 1.728125025751069133e-01
1.947500013957324111e-02 1.716666692246993364e-01
1.948000013944693048e-02 1.710416692153861051e-01
1.948500013932061986e-02 1.701041692014162721e-01
1.949000013919430924e-02 1.694791691921030408e-01
1.949500013906799861e-02 1.687500025145709515e-01
1.950000013894168799e-02 1.677083358323822326e-01
1.950500013881537736e-02 1.675000024959445166e-01
1.951000013868906674e-02 1.661458358090991683e-01
1.951500013856275612e-02 1.651041691269104772e-01
1.952000013843644549e-02 1.645833357858161039e-01
1.952500013831013487e-02 1.636458357718462708e-01
1.953000013818382424e-02 1.628125024260953235e-01
1.953500013805751362e-02 1.618750024121254627e-01
1.954000013793120299e-02 1.611458357345933734e-01
1.954500013780489237e-02 1.600000023841857966e-01
1.955000013767858175e-02 1.592708357066537073e-01
1.955500013755227112e-02 1.580208356880272447e-01
1.956000013742596050e-02 1.568750023376196678e-01
1.956500013729964987e-02 1.563541689965252945e-01
1.957000013717333925e-02 1.553125023143366035e-01
1.957500013704702863e-02 1.541666689639290266e-01
1.958000013692071800e-02 1.534375022863969373e-01
1.958500013679440738e-02 1.526041689406459623e-01
1.959000013666809675e-02 1.513541689220194997e-01
1.959500013654178613e-02 1.500000022351741791e-01
1.960000013641547550e-02 1.496875022305175496e-01
1.960500013628916488e-02 1.486458355483288585e-01
1.961000013616285426e-02 1.471875021932646799e-01
1.961500013603654363e-02 1.459375021746382173e-01
1.962000013591023301e-02 1.456250021699816155e-01
1.962500013578392238e-02 1.440625021466985511e-01
1.963000013565761176e-02 1.428125021280720885e-01
1.963500013553130114e-02 1.420833354505399992e-01
1.964000013540499051e-02 1.408333354319135367e-01
1.964500013527867989e-02 1.402083354226003054e-01
1.965000013515236926e-02 1.388541687357549848e-01
1.965500013502605864e-02 1.381250020582228955e-01
1.966000013489974801e-02 1.368750020395964329e-01
1.966500013477343739e-02 1.357291686891888560e-01
1.967000013464712677e-02 1.345833353387812792e-01
1.967500013452081614e-02 1.339583353294680479e-01
1.968000013439450552e-02 1.329166686472793291e-01
1.968500013426819489e-02 1.315625019604340362e-01
1.969000013414188427e-02 1.305208352782453174e-01
1.969500013401557365e-02 1.291666685913999968e-01
1.970000013388926302e-02 1.284375019138679075e-01
1.970500013376295240e-02 1.278125019045546484e-01
1.971000013363664177e-02 1.259375018766149823e-01
1.971500013351033115e-02 1.253125018673017788e-01
1.972000013338402052e-02 1.236458351757998425e-01
1.972500013325770990e-02 1.228125018300488536e-01
1.973000013313139928e-02 1.212500018067657892e-01
1.973500013300508865e-02 1.204166684610148280e-01
1.974000013287877803e-02 1.193750017788261231e-01
1.974500013275246740e-02 1.185416684330751341e-01
1.975000013262615678e-02 1.176041684191053149e-01
1.975500013249984615e-02 1.156250017229467630e-01
1.976000013237353553e-02 1.152083350500712755e-01
1.976500013224722491e-02 1.140625016996636987e-01
1.977000013212091428e-02 1.130208350174749798e-01
1.977500013199460366e-02 1.117708349988485311e-01
1.978000013186829303e-02 1.106250016484409543e-01
1.978500013174198241e-02 1.093750016298145056e-01
1.979000013161567179e-02 1.082291682794069287e-01
1.979500013148936116e-02 1.070833349289993380e-01
1.980000013136305054e-02 1.061458349150295050e-01
1.980500013123673991e-02 1.048958348964030701e-01
1.981000013111042929e-02 1.042708348870898249e-01
1.981500013098411866e-02 1.032291682049011200e-01
1.982000013085780804e-02 1.021875015227124150e-01
1.982500013073149742e-02 1.006250014994293507e-01
1.983000013060518679e-02 1.000000014901161194e-01
1.983500013047887617e-02 9.875000147148967067e-02
1.984000013035256554e-02 9.791666812573869560e-02
1.984500013022625492e-02 9.656250143889337501e-02
1.985000013009994430e-02 9.489583474739143876e-02
1.985500012997363367e-02 9.437500140629707934e-02
1.986000012984732305e-02 9.343750139232724627e-02
1.986500012972101242e-02 9.177083470082531003e-02
1.987000012959470180e-02 9.083333468685547696e-02
1.987500012946839117e-02 8.937500133179128448e-02
1.988000012934208055e-02 8.854166798604030941e-02
1.988500012921576993e-02 8.770833464028934823e-02
1.989000012908945930e-02 8.687500129453838704e-02
1.989500012896314868e-02 8.562500127591192445e-02
1.990000012883683805e-02 8.437500125728547573e-02
1.990500012871052743e-02 8.312500123865902701e-02
1.991000012858421681e-02 8.197916788825145018e-02
1.991500012845790618e-02 8.114583454250047512e-02
1.992000012833159556e-02 7.979166785565515452e-02
1.992500012820528493e-02 7.895833450990417945e-02
1.993000012807897431e-02 7.760416782305885885e-02
1.993500012795266368e-02 7.687500114552676955e-02
1.994000012782635306e-02 7.562500112690030696e-02
1.994500012770004244e-02 7.416666777183612835e-02
1.995000012757373181e-02 7.333333442608515329e-02
1.995500012744742119e-02 7.208333440745870457e-02
1.996000012732111056e-02 7.125000106170774339e-02
1.996500012719479994e-02 7.000000104308128079e-02
1.997000012706848932e-02 6.906250102911144773e-02
1.997500012694217869e-02 6.791666767870387089e-02
1.998000012681586807e-02 6.708333433295289583e-02
1.998500012668955744e-02 6.489583430035660017e-02
1.999000012656324682e-02 6.479166763213774216e-02
1.999500012643693619e-02 6.364583428173015145e-02
2.000000012631062557e-02 6.229166759488483085e-02
2.000500012618431495e-02 6.114583424447725402e-02
2.001000012605800432e-02 6.020833423050741401e-02
2.001500012593169370e-02 5.968750088941306153e-02
2.002000012580538307e-02 5.854166753900547776e-02
2.002500012567907245e-02 5.729166752037902210e-02
2.003000012555276182e-02 5.614583416997143833e-02
2.003500012542645120e-02 5.531250082422047715e-02
2.004000012530014058e-02 5.385416746915628466e-02
2.004500012517382995e-02 5.322916745984306724e-02
2.005000012504751933e-02 5.208333410943548347e-02
2.005500012492120870e-02 5.072916742259015593e-02
2.006000012479489808e-02 4.958333407218257910e-02
2.006500012466858746e-02 4.864583405821273909e-02
2.007000012454227683e-02 4.802083404889951473e-02
2.007500012441596621e-02 4.687500069849193096e-02
2.008000012428965558e-02 4.593750068452209095e-02
2.008500012416334496e-02 4.500000067055225789e-02
2.009000012403703433e-02 4.395833398836354600e-02
2.009500012391072371e-02 4.260416730151821846e-02
2.010000012378441309e-02 4.208333396042386598e-02
2.010500012365810246e-02 4.114583394645402598e-02
2.011000012353179184e-02 4.020833393248419291e-02
2.011500012340548121e-02 3.864583390920112854e-02
2.012000012327917059e-02 3.802083389988789724e-02
2.012500012315285997e-02 3.697916721769919229e-02
2.013000012302654934e-02 3.614583387194822417e-02
2.013500012290023872e-02 3.500000052154064040e-02
2.014000012277392809e-02 3.385416717113306356e-02
2.014500012264761747e-02 3.302083382538209544e-02
2.015000012252130684e-02 3.197916714319338355e-02
2.015500012239499622e-02 3.135416713388015919e-02
2.016000012226868560e-02 3.052083378812919454e-02
2.016500012214237497e-02 2.927083376950273888e-02
2.017000012201606435e-02 2.812500041909515858e-02
2.017500012188975372e-02 2.739583374156306581e-02
2.018000012176344310e-02 2.645833372759322233e-02
2.018500012163713248e-02 2.552083371362338232e-02
2.019000012151082185e-02 2.468750036787241767e-02
2.019500012138451123e-02 2.343750034924596548e-02
2.020000012125820060e-02 2.260416700349499736e-02
2.020500012113188998e-02 2.187500032596290112e-02
2.021000012100557935e-02 2.093750031199306458e-02
2.021500012087926873e-02 2.041666697089870863e-02
2.022000012075295811e-02 1.927083362049112833e-02
2.022500012062664748e-02 1.854166694295903209e-02
2.023000012050033686e-02 1.791666693364580426e-02
2.023500012037402623e-02 1.677083358323822396e-02
2.024000012024771561e-02 1.593750023748725583e-02
2.024500012012140499e-02 1.520833355995515786e-02
2.025000011999509436e-02 1.395833354132870914e-02
2.025500011986878374e-02 1.375000020489096711e-02
2.026000011974247311e-02 1.270833352270225695e-02
2.026500011961616249e-02 1.166666684051354680e-02
2.027000011948985186e-02 1.083333349476258041e-02
2.027500011936354124e-02 1.000000014901161229e-02
2.028000011923723062e-02 8.958333466822902130e-03
2.028500011911091999e-02 8.125000121071935741e-03
2.029000011898460937e-02 7.604166779977578929e-03
2.029500011885829874e-02 6.875000102445483555e-03
2.030000011873198812e-02 5.416666747381290205e-03
2.030500011860567749e-02 4.687500069849193096e-03
2.031000011847936687e-02 4.166666728754838019e-03
2.031500011835305625e-02 3.333333383003870762e-03
2.032000011822674562e-02 2.708333373690645102e-03
2.032500011810043500e-02 1.770833359720806180e-03
2.033000011797412437e-02 9.375000139698385975e-04
2.033500011784781375e-02 3.125000046566128839e-04
2.034000011772150313e-02 -8.333333457509676905e-04
2.034500011759519250e-02 -1.458333355064193350e-03
2.035000011746888188e-02 -1.979166696158547994e-03
2.035500011734257125e-02 -2.291666700815161040e-03
2.036000011721626063e-02 -3.333333383003870762e-03
2.036500011708995000e-02 -4.375000065192580050e-03
2.037000011696363938e-02 -5.208333410943548174e-03
2.037500011683732876e-02 -5.625000083819032236e-03
2.038000011671101813e-02 -6.562500097788870508e-03
2.038500011658470751e-02 -7.395833443539837765e-03
2.039000011645839688e-02 -8.020833452853063858e-03
2.039500011633208626e-02 -8.229166789290805889e-03
2.040000011620577564e-02 -1.000000014901161229e-02
2.040500011607946501e-02 -1.041666682188709635e-02
2.041000011595315439e-02 -1.104166683120032071e-02
2.041500011582684376e-02 -1.197916684517016071e-02
2.042000011570053314e-02 -1.250000018626451492e-02
2.042500011557422251e-02 -1.354166686845322334e-02
2.043000011544791189e-02 -1.427083354598532132e-02
2.043500011532160127e-02 -1.468750021886080538e-02
2.044000011519529064e-02 -1.583333356926838395e-02
2.044500011506898002e-02 -1.635416691036273990e-02
2.045000011494266939e-02 -1.729166692433257990e-02
2.045500011481635877e-02 -1.781250026542693585e-02
2.046000011469004815e-02 -1.854166694295903209e-02
2.046500011456373752e-02 -1.916666695227225645e-02
2.047000011443742690e-02 -2.031250030267983675e-02
2.047500011431111627e-02 -2.052083363911757705e-02
2.048000011418480565e-02 -2.166666698952516082e-02
2.048500011405849502e-02 -2.239583366705725706e-02
2.049000011393218440e-02 -2.281250033993273765e-02
2.049500011380587378e-02 -2.385416702212144954e-02
2.050000011367956315e-02 -2.385416702212144954e-02
2.050500011355325253e-02 -2.479166703609128955e-02
2.051000011342694190e-02 -2.562500038184225420e-02
2.051500011330063128e-02 -2.645833372759322233e-02
2.052000011317432066e-02 -2.718750040512531857e-02
2.052500011304801003e-02 -2.781250041443854640e-02
2.053000011292169941e-02 -2.843750042375177076e-02
2.053500011279538878e-02 -2.885416709662725135e-02
2.054000011266907816e-02 -2.947916710594048265e-02
2.054500011254276753e-02 -3.041666711991031571e-02
2.055000011241645691e-02 -3.062500045634806295e-02
2.055500011229014629e-02 -3.156250047031789602e-02
2.056000011216383566e-02 -3.229166714784999920e-02
2.056500011203752504e-02 -3.333333383003870415e-02
2.057000011191121441e-02 -3.312500049360096038e-02
2.057500011178490379e-02 -3.385416717113306356e-02
2.058000011165859316e-02 -3.468750051688402475e-02
2.058500011153228254e-02 -3.531250052619725605e-02
2.059000011140597192e-02 -3.572916719907273664e-02
2.059500011127966129e-02 -3.625000054016708911e-02
2.060000011115335067e-02 -3.656250054482370476e-02
2.060500011102704004e-02 -3.750000055879354477e-02
2.061000011090072942e-02 -3.781250056345015348e-02
2.061500011077441880e-02 -3.822916723632564101e-02
2.062000011064810817e-02 -3.895833391385773725e-02
2.062500011052179755e-02 -3.947916725495208973e-02
2.063000011039548692e-02 -4.000000059604644914e-02
2.063500011026917630e-02 -4.020833393248419291e-02
2.064000011014286567e-02 -4.072916727357854538e-02
2.064500011001655505e-02 -4.166666728754838539e-02
2.065000010989024443e-02 -4.135416728289176974e-02
2.065500010976393380e-02 -4.218750062864273787e-02
2.066000010963762318e-02 -4.229166729686160975e-02
2.066500010951131255e-02 -4.291666730617483411e-02
2.067000010938500193e-02 -4.364583398370693035e-02
2.067500010925869131e-02 -4.416666732480128282e-02
2.068000010913238068e-02 -4.458333399767677035e-02
2.068500010900607006e-02 -4.510416733877112283e-02
2.069000010887975943e-02 -4.541666734342773848e-02
2.069500010875344881e-02 -4.593750068452209095e-02
2.070000010862713818e-02 -4.583333401630321907e-02
2.070500010850082756e-02 -4.666666736205418720e-02
2.071000010837451694e-02 -4.708333403492967473e-02
2.071500010824820631e-02 -4.750000070780515532e-02
2.072000010812189569e-02 -4.791666738068064285e-02
2.072500010799558506e-02 -4.812500071711838662e-02
2.073000010786927444e-02 -4.833333405355612344e-02
2.073500010774296382e-02 -4.843750072177499533e-02
2.074000010761665319e-02 -4.854166738999386721e-02
2.074500010749034257e-02 -4.937500073574483533e-02
2.075000010736403194e-02 -4.968750074040145098e-02
2.075500010723772132e-02 -5.000000074505805969e-02
2.076000010711141069e-02 -5.010416741327693851e-02
2.076500010698510007e-02 -5.020833408149580346e-02
2.077000010685878945e-02 -5.031250074971467534e-02
2.077500010673247882e-02 -5.083333409080902782e-02
2.078000010660616820e-02 -5.052083408615241911e-02
2.078500010647985757e-02 -5.104166742724676464e-02
2.079000010635354695e-02 -5.114583409546564347e-02
2.079500010622723633e-02 -5.156250076834112406e-02
2.080000010610092570e-02 -5.104166742724676464e-02
2.080500010597461508e-02 -5.156250076834112406e-02
2.081000010584830445e-02 -5.166666743656000288e-02
2.081500010572199383e-02 -5.177083410477886782e-02
2.082000010559568320e-02 -5.218750077765434842e-02
2.082500010546937258e-02 -5.208333410943548347e-02
2.083000010534306196e-02 -5.145833410012224524e-02
2.083500010521675133e-02 -5.177083410477886782e-02
2.084000010509044071e-02 -5.218750077765434842e-02
2.084500010496413008e-02 -5.187500077299773971e-02
2.085000010483781946e-02 -5.166666743656000288e-02
2.085500010471150883e-02 -5.104166742724676464e-02
2.086000010458519821e-02 -5.166666743656000288e-02
2.086500010445888759e-02 -5.156250076834112406e-02
2.087000010433257696e-02 -5.145833410012224524e-02
2.087500010420626634e-02 -5.114583409546564347e-02
2.088000010407995571e-02 -5.135416743190338029e-02
2.088500010395364509e-02 -5.104166742724676464e-02
2.089000010382733447e-02 -5.072916742259015593e-02
2.089500010370102384e-02 -5.093750075902789970e-02
2.090000010357471322e-02 -5.062500075437128405e-02
2.090500010344840259e-02 -5.020833408149580346e-02
2.091000010332209197e-02 -5.031250074971467534e-02
2.091500010319578134e-02 -5.020833408149580346e-02
2.092000010306947072e-02 -4.947916740396370722e-02
2.092500010294316010e-02 -4.968750074040145098e-02
2.093000010281684947e-02 -4.906250073108821969e-02
2.093500010269053885e-02 -4.885416739465047592e-02
2.094000010256422822e-02 -4.854166738999386721e-02
2.094500010243791760e-02 -4.822916738533725156e-02
2.095000010231160698e-02 -4.822916738533725156e-02
2.095500010218529635e-02 -4.729166737136741155e-02
2.096000010205898573e-02 -4.739583403958628344e-02
2.096500010193267510e-02 -4.687500069849193096e-02
2.097000010180636448e-02 -4.666666736205418720e-02
2.097500010168005385e-02 -4.572916734808434719e-02
2.098000010155374323e-02 -4.552083401164661036e-02
2.098500010142743261e-02 -4.489583400233338600e-02
2.099000010130112198e-02 -4.479166733411451412e-02
2.099500010117481136e-02 -4.427083399302015471e-02
2.100000010104850073e-02 -4.375000065192580223e-02
2.100500010092219011e-02 -4.333333397905032164e-02
2.101000010079587949e-02 -4.260416730151821846e-02
2.101500010066956886e-02 -4.197916729220499410e-02
2.102000010054325824e-02 -4.166666728754838539e-02
2.102500010041694761e-02 -4.104166727823515409e-02
2.103000010029063699e-02 -4.083333394179741727e-02
2.103500010016432636e-02 -3.989583392782757726e-02
2.104000010003801574e-02 -3.916666725029548102e-02
2.104500009991170512e-02 -3.864583390920112854e-02
2.105000009978539449e-02 -3.812500056810676913e-02
2.105500009965908387e-02 -3.750000055879354477e-02
2.106000009953277324e-02 -3.687500054948032041e-02
2.106500009940646262e-02 -3.593750053551048040e-02
2.107000009928015200e-02 -3.562500053085387169e-02
2.107500009915384137e-02 -3.458333384866515980e-02
2.108000009902753075e-02 -3.395833383935193545e-02
2.108500009890122012e-02 -3.364583383469531980e-02
2.109000009877490950e-02 -3.239583381606887108e-02
2.109500009864859887e-02 -3.187500047497451167e-02
2.110000009852228825e-02 -3.145833380209903107e-02
2.110500009839597763e-02 -3.093750046100467513e-02
2.111000009826966700e-02 -2.968750044237822294e-02
2.111500009814335638e-02 -2.885416709662725135e-02
2.112000009801704575e-02 -2.822916708731403046e-02
2.112500009789073513e-02 -2.770833374621967451e-02
2.113000009776442450e-02 -2.625000039115548203e-02
2.113500009763811388e-02 -2.572916705006112262e-02
2.114000009751180326e-02 -2.447916703143467390e-02
2.114500009738549263e-02 -2.406250035855919331e-02
2.115000009725918201e-02 -2.312500034458935330e-02
2.115500009713287138e-02 -2.197916699418177300e-02
2.116000009700656076e-02 -2.156250032130628894e-02
2.116500009688025014e-02 -2.020833363446096487e-02
2.117000009675393951e-02 -2.000000029802322457e-02
2.117500009662762889e-02 -1.864583361117790050e-02
2.118000009650131826e-02 -1.770833359720806396e-02
2.118500009637500764e-02 -1.697916691967596772e-02
2.119000009624869701e-02 -1.604166690570612772e-02
2.119500009612238639e-02 -1.520833355995515786e-02
2.120000009599607577e-02 -1.416666687776644944e-02
2.120500009586976514e-02 -1.364583353667209349e-02
2.121000009574345452e-02 -1.218750018160790101e-02
2.121500009561714389e-02 -1.156250017229467665e-02
2.122000009549083327e-02 -1.062500015832483664e-02
2.122500009536452265e-02 -9.895833480792740403e-03
2.123000009523821202e-02 -9.062500135041772278e-03
2.123500009511190140e-02 -8.333333457509676037e-03
2.124000009498559077e-02 -7.083333438883224718e-03
2.124500009485928015e-02 -6.458333429570000360e-03
2.125000009473296952e-02 -5.104166742724677158e-03
2.125500009460665890e-02 -4.895833406286935127e-03
2.126000009448034828e-02 -3.958333392317095988e-03
2.126500009435403765e-02 -3.020833378347257715e-03
2.127000009422772703e-02 -2.500000037252903071e-03
2.127500009410141640e-02 -1.041666682188709505e-03
2.128000009397510578e-02 -4.166666728754838452e-04
2.128500009384879516e-02 1.041666682188709613e-04
2.129000009372248453e-02 1.041666682188709505e-03
2.129500009359617391e-02 2.083333364377419009e-03
2.130000009346986328e-02 2.708333373690645102e-03
2.130500009334355266e-02 3.645833387660483808e-03
2.131000009321724203e-02 4.375000065192580050e-03
2.131500009309093141e-02 4.687500069849193096e-03
2.132000009296462079e-02 5.729166752037902384e-03
2.132500009283831016e-02 6.458333429570000360e-03
2.133000009271199954e-02 7.708333448196450811e-03
2.133500009258568891e-02 8.229166789290805889e-03
2.134000009245937829e-02 9.166666803260644161e-03
2.134500009233306766e-02 1.010416681723048243e-02
2.135000009220675704e-02 1.041666682188709635e-02
2.135500009208044642e-02 1.125000016763806447e-02
2.136000009195413579e-02 1.218750018160790101e-02
2.136500009182782517e-02 1.291666685914000072e-02
2.137000009170151454e-02 1.354166686845322334e-02
2.137500009157520392e-02 1.395833354132870914e-02
2.138000009144889330e-02 1.489583355529854741e-02
2.138500009132258267e-02 1.520833355995515786e-02
2.139000009119627205e-02 1.614583357392499960e-02
2.139500009106996142e-02 1.739583359255144832e-02
2.140000009094365080e-02 1.781250026542693585e-02
2.140500009081734017e-02 1.833333360652128832e-02
2.141000009069102955e-02 1.875000027939677238e-02
2.141500009056471893e-02 1.927083362049112833e-02
2.142000009043840830e-02 1.979166696158548081e-02
2.142500009031209768e-02 2.020833363446096487e-02
2.143000009018578705e-02 2.104166698021193299e-02
2.143500009005947643e-02 2.187500032596290112e-02
2.144000008993316581e-02 2.218750033061951329e-02
2.144500008980685518e-02 2.291666700815160954e-02
2.145000008968054456e-02 2.312500034458935330e-02
2.145500008955423393e-02 2.364583368568370578e-02
2.146000008942792331e-02 2.437500036321580202e-02
2.146500008930161268e-02 2.458333369965354578e-02
2.147000008917530206e-02 2.489583370431015796e-02
2.147500008904899144e-02 2.531250037718564203e-02
2.148000008892268081e-02 2.541666704540451391e-02
2.148500008879637019e-02 2.635416705937435392e-02
2.149000008867005956e-02 2.614583372293661015e-02
2.149500008854374894e-02 2.718750040512531857e-02
2.150000008841743832e-02 2.708333373690644669e-02
2.150500008829112769e-02 2.750000040978193422e-02
2.151000008816481707e-02 2.770833374621967451e-02
2.151500008803850644e-02 2.843750042375177076e-02
2.152000008791219582e-02 2.843750042375177076e-02
2.152500008778588519e-02 2.854166709197064264e-02
2.153000008765957457e-02 2.864583376018951105e-02
2.153500008753326395e-02 2.854166709197064264e-02
2.154000008740695332e-02 2.916666710128387047e-02
2.154500008728064270e-02 2.916666710128387047e-02
2.155000008715433207e-02 2.927083376950273888e-02
2.155500008702802145e-02 2.927083376950273888e-02
2.156000008690171083e-02 2.906250043306499858e-02
2.156500008677540020e-02 2.927083376950273888e-02
2.157000008664908958e-02 2.937500043772161076e-02
2.157500008652277895e-02 2.937500043772161076e-02
2.158000008639646833e-02 2.916666710128387047e-02
2.158500008627015770e-02 2.937500043772161076e-02
2.159000008614384708e-02 2.895833376484613017e-02
2.159500008601753646e-02 2.864583376018951105e-02
2.160000008589122583e-02 2.854166709197064264e-02
2.160500008576491521e-02 2.833333375553289887e-02
2.161000008563860458e-02 2.854166709197064264e-02
2.161500008551229396e-02 2.781250041443854640e-02
2.162000008538598333e-02 2.760416707800080610e-02
2.162500008525967271e-02 2.750000040978193422e-02
2.163000008513336209e-02 2.729166707334418698e-02
2.163500008500705146e-02 2.697916706868757827e-02
2.164000008488074084e-02 2.635416705937435392e-02
2.164500008475443021e-02 2.614583372293661015e-02
2.165000008462811959e-02 2.562500038184225420e-02
2.165500008450180897e-02 2.562500038184225420e-02
2.166000008437549834e-02 2.520833370896677014e-02
2.166500008424918772e-02 2.458333369965354578e-02
2.167000008412287709e-02 2.395833369034032143e-02
2.167500008399656647e-02 2.364583368568370578e-02
2.168000008387025584e-02 2.281250033993273765e-02
2.168500008374394522e-02 2.260416700349499736e-02
2.169000008361763460e-02 2.208333366240064141e-02
2.169500008349132397e-02 2.125000031664967329e-02
2.170000008336501335e-02 2.062500030733644893e-02
2.170500008323870272e-02 2.010416696624209645e-02
2.171000008311239210e-02 1.927083362049112833e-02
2.171500008298608148e-02 1.885416694761564427e-02
2.172000008285977085e-02 1.802083360186467614e-02
2.172500008273346023e-02 1.718750025611370802e-02
2.173000008260714960e-02 1.625000024214387148e-02
2.173500008248083898e-02 1.541666689639290162e-02
2.174000008235452835e-02 1.479166688707967553e-02
2.174500008222821773e-02 1.406250020954757929e-02
2.175000008210190711e-02 1.312500019557774102e-02
2.175500008197559648e-02 1.208333351338903086e-02
2.176000008184928586e-02 1.114583349941919259e-02
2.176500008172297523e-02 1.010416681723048243e-02
2.177000008159666461e-02 9.895833480792740403e-03
2.177500008147035399e-02 8.541666793947418068e-03
2.178000008134404336e-02 6.979166770664354570e-03
2.178500008121773274e-02 6.145833424913386446e-03
2.179000008109142211e-02 4.479166733411451065e-03
2.179500008096511149e-02 3.854166724098225406e-03
2.180000008083880086e-02 2.708333373690645102e-03
2.180500008071249024e-02 1.666666691501935381e-03
2.181000008058617962e-02 4.166666728754838452e-04
2.181500008045986899e-02 -9.375000139698385975e-04
2.182000008033355837e-02 -1.979166696158547994e-03
2.182500008020724774e-02 -2.916666710128386700e-03
2.183000008008093712e-02 -3.958333392317095988e-03
2.183500007995462650e-02 -5.312500079162418322e-03
2.184000007982831587e-02 -6.666666766007741524e-03
2.184500007970200525e-02 -8.020833452853063858e-03
2.185000007957569462e-02 -9.479166807917256340e-03
2.185500007944938400e-02 -1.104166683120032071e-02
2.186000007932307337e-02 -1.229166684982677289e-02
2.186500007919676275e-02 -1.364583353667209349e-02
2.187000007907045213e-02 -1.541666689639290162e-02
2.187500007894414150e-02 -1.666666691501935207e-02
2.188000007881783088e-02 -1.833333360652128832e-02
2.188500007869152025e-02 -1.947916695692886863e-02
2.189000007856520963e-02 -2.104166698021193299e-02
2.189500007843889900e-02 -2.239583366705725706e-02
2.190000007831258838e-02 -2.364583368568370578e-02
2.190500007818627776e-02 -2.562500038184225420e-02
2.191000007805996713e-02 -2.750000040978193422e-02
2.191500007793365651e-02 -2.885416709662725135e-02
2.192000007780734588e-02 -3.041666711991031571e-02
2.192500007768103526e-02 -3.218750047963112731e-02
2.193000007755472464e-02 -3.354166716647644791e-02
2.193500007742841401e-02 -3.458333384866515980e-02
2.194000007730210339e-02 -3.687500054948032041e-02
2.194500007717579276e-02 -3.854166724098225666e-02
2.195000007704948214e-02 -4.020833393248419291e-02
2.195500007692317151e-02 -4.218750062864273787e-02
2.196000007679686089e-02 -4.385416732014467411e-02
2.196500007667055027e-02 -4.541666734342773848e-02
2.197000007654423964e-02 -4.739583403958628344e-02
2.197500007641792902e-02 -4.885416739465047592e-02
2.198000007629161839e-02 -5.104166742724676464e-02
2.198500007616530777e-02 -5.260416745052982901e-02
2.199000007603899715e-02 -5.427083414203177220e-02
2.199500007591268652e-02 -5.614583416997143833e-02
2.200000007578637590e-02 -5.854166753900547776e-02
2.200500007566006527e-02 -6.010416756228854213e-02
2.201000007553375465e-02 -6.218750092666595897e-02
2.201500007540744402e-02 -6.406250095460563898e-02
2.202000007528113340e-02 -6.562500097788870335e-02
2.202500007515482278e-02 -6.812500101514161466e-02
2.203000007502851215e-02 -7.010416771130015268e-02
2.203500007490220153e-02 -7.187500107102096081e-02
2.204000007477589090e-02 -7.406250110361724259e-02
2.204500007464958028e-02 -7.593750113155693648e-02
2.205000007452326966e-02 -7.854166783702870580e-02
2.205500007439695903e-02 -8.093750120606273135e-02
2.206000007427064841e-02 -8.333333457509677078e-02
2.206500007414433778e-02 -8.562500127591192445e-02
2.207000007401802716e-02 -8.781250130850822011e-02
2.207500007389171653e-02 -9.052083468219886131e-02
2.208000007376540591e-02 -9.302083471945175874e-02
2.208500007363909529e-02 -9.552083475670467005e-02
2.209000007351278466e-02 -9.770833478930095184e-02
2.209500007338647404e-02 -1.001041681583349913e-01
2.210000007326016341e-02 -1.023958348591501449e-01
2.210500007313385279e-02 -1.045833348917464406e-01
2.211000007300754217e-02 -1.069791682607804800e-01
2.211500007288123154e-02 -1.092708349615956337e-01
2.212000007275492092e-02 -1.117708349988485311e-01
2.212500007262861029e-02 -1.140625016996636987e-01
2.213000007250229967e-02 -1.163541684004788662e-01
2.213500007237598904e-02 -1.187500017695128918e-01
2.214000007224967842e-02 -1.210416684703280593e-01
2.214500007212336780e-02 -1.231250018347054692e-01
2.215000007199705717e-02 -1.256250018719583805e-01
2.215500007187074655e-02 -1.288541685867433673e-01
2.216000007174443592e-02 -1.300000019371509719e-01
2.216500007161812530e-02 -1.326041686426227273e-01
2.217000007149181467e-02 -1.343750020023435354e-01
2.217500007136550405e-02 -1.371875020442530346e-01
2.218000007123919343e-02 -1.387500020675360990e-01
2.218500007111288280e-02 -1.407291687636946509e-01
2.219000007098657218e-02 -1.434375021373852921e-01
2.219500007086026155e-02 -1.457291688382004735e-01
2.220000007073395093e-02 -1.472916688614835379e-01
2.220500007060764031e-02 -1.498958355669553211e-01
2.221000007048132968e-02 -1.516666689266761014e-01
2.221500007035501906e-02 -1.539583356274912829e-01
2.222000007022870843e-02 -1.559375023236498070e-01
2.222500007010239781e-02 -1.581250023562461304e-01
2.223000006997608718e-02 -1.600000023841857966e-01
2.223500006984977656e-02 -1.619791690803443485e-01
2.224000006972346594e-02 -1.638541691082840146e-01
2.224500006959715531e-02 -1.654166691315670790e-01
2.225000006947084469e-02 -1.676041691641633746e-01
2.225500006934453406e-02 -1.694791691921030408e-01
2.226000006921822344e-02 -1.711458358836049909e-01
2.226500006909191282e-02 -1.729166692433257990e-01
2.227000006896560219e-02 -1.745833359348277214e-01
2.227500006883929157e-02 -1.763541692945485295e-01
2.228000006871298094e-02 -1.783333359907070814e-01
2.228500006858667032e-02 -1.797916693457712600e-01
2.229000006846035969e-02 -1.813541693690543244e-01
2.229500006833404907e-02 -1.830208360605562745e-01
2.230000006820773845e-02 -1.845833360838393389e-01
2.230500006808142782e-02 -1.860416694389035175e-01
2.231000006795511720e-02 -1.870833361210922363e-01
2.231500006782880657e-02 -1.888541694808130444e-01
2.232000006770249595e-02 -1.902083361676583650e-01
2.232500006757618533e-02 -1.912500028498470839e-01
2.233000006744987470e-02 -1.927083362049112625e-01
2.233500006732356408e-02 -1.942708362281943268e-01
2.234000006719725345e-02 -1.952083362421641877e-01
2.234500006707094283e-02 -1.963541695925717645e-01
2.235000006694463220e-02 -1.973958362747604556e-01
2.235500006681832158e-02 -1.986458362933869182e-01
2.236000006669201096e-02 -1.993750029709190075e-01
2.236500006656570033e-02 -2.003125029848888405e-01
2.237000006643938971e-02 -2.011458363306397878e-01
2.237500006631307908e-02 -2.022916696810473924e-01
2.238000006618676846e-02 -2.033333363632361113e-01
2.238500006606045784e-02 -2.042708363772059166e-01
2.239000006593414721e-02 -2.042708363772059166e-01
2.239500006580783659e-02 -2.051041697229569472e-01
2.240000006568152596e-02 -2.060416697369267525e-01
2.240500006555521534e-02 -2.063541697415833542e-01
2.241000006542890471e-02 -2.068750030826777275e-01
2.241500006530259409e-02 -2.075000030919909588e-01
2.242000006517628347e-02 -2.078125030966475606e-01
2.242500006504997284e-02 -2.088541697788362517e-01
2.243000006492366222e-02 -2.085416697741796499e-01
2.243500006479735159e-02 -2.087500031106173937e-01
2.244000006467104097e-02 -2.087500031106173937e-01
2.244500006454473034e-02 -2.093750031199306250e-01
2.245000006441841972e-02 -2.097916697928061402e-01
2.245500006429210910e-02 -2.096875031245872267e-01
2.246000006416579847e-02 -2.100000031292438563e-01
2.246500006403948785e-02 -2.100000031292438563e-01
2.247000006391317722e-02 -2.100000031292438563e-01
2.247500006378686660e-02 -2.097916697928061402e-01
2.248000006366055598e-02 -2.098958364610249983e-01
2.248500006353424535e-02 -2.094791697881494830e-01
2.249000006340793473e-02 -2.093750031199306250e-01
2.249500006328162410e-02 -2.090625031152740232e-01
2.250000006315531348e-02 -2.087500031106173937e-01
2.250500006302900285e-02 -2.085416697741796499e-01
2.251000006290269223e-02 -2.082291697695230759e-01
2.251500006277638161e-02 -2.078125030966475606e-01
2.252000006265007098e-02 -2.076041697602098168e-01
2.252500006252376036e-02 -2.071875030873343293e-01
2.253000006239744973e-02 -2.063541697415833542e-01
2.253500006227113911e-02 -2.056250030640512649e-01
2.254000006214482849e-02 -2.048958363865191756e-01
2.254500006201851786e-02 -2.045833363818625739e-01
2.255000006189220724e-02 -2.036458363678927408e-01
2.255500006176589661e-02 -2.033333363632361113e-01
2.256000006163958599e-02 -2.025000030174851362e-01
2.256500006151327536e-02 -2.016666696717341611e-01
2.257000006138696474e-02 -2.010416696624209298e-01
2.257500006126065412e-02 -2.003125029848888405e-01
2.258000006113434349e-02 -1.990625029662624057e-01
2.258500006100803287e-02 -1.982291696205114306e-01
2.259000006088172224e-02 -1.975000029429793413e-01
2.259500006075541162e-02 -1.963541695925717645e-01
2.260000006062910100e-02 -1.953125029103830457e-01
2.260500006050279037e-02 -1.940625028917566108e-01
2.261000006037647975e-02 -1.930208362095678920e-01
2.261500006025016912e-02 -1.917708361909414294e-01
2.262000006012385850e-02 -1.905208361723149946e-01
2.262500005999754787e-02 -1.892708361536885320e-01
2.263000005987123725e-02 -1.882291694714998131e-01
2.263500005974492663e-02 -1.867708361164356345e-01
2.264000005961861600e-02 -1.857291694342469157e-01
2.264500005949230538e-02 -1.846875027520582246e-01
2.265000005936599475e-02 -1.832291693969940183e-01
2.265500005923968413e-02 -1.819791693783675557e-01
2.266000005911337351e-02 -1.806250026915222351e-01
2.266500005898706288e-02 -1.790625026682391707e-01
2.267000005886075226e-02 -1.773958359767372484e-01
2.267500005873444163e-02 -1.762500026263296438e-01
2.268000005860813101e-02 -1.745833359348277214e-01
2.268500005848182038e-02 -1.736458359208578883e-01
2.269000005835550976e-02 -1.713541692200427347e-01
2.269500005822919914e-02 -1.704166692060728738e-01
2.270000005810288851e-02 -1.685416691781332077e-01
2.270500005797657789e-02 -1.673958358277256309e-01
2.271000005785026726e-02 -1.658333358044425665e-01
2.271500005772395664e-02 -1.644791691175972459e-01
2.272000005759764601e-02 -1.623958357532198360e-01
2.272500005747133539e-02 -1.610416690663744876e-01
2.273000005734502477e-02 -1.594791690430914233e-01
2.273500005721871414e-02 -1.577083356833706429e-01
2.274000005709240352e-02 -1.559375023236498070e-01
2.274500005696609289e-02 -1.543750023003667426e-01
2.275000005683978227e-02 -1.528125022770836783e-01
2.275500005671347165e-02 -1.506250022444874104e-01
2.276000005658716102e-02 -1.490625022212043460e-01
2.276500005646085040e-02 -1.475000021979212816e-01
2.277000005633453977e-02 -1.459375021746382173e-01
2.277500005620822915e-02 -1.442708354831362672e-01
2.278000005608191852e-02 -1.420833354505399992e-01
2.278500005595560790e-02 -1.408333354319135367e-01
2.279000005582929728e-02 -1.388541687357549848e-01
2.279500005570298665e-02 -1.366666687031586891e-01
2.280000005557667603e-02 -1.354166686845322543e-01
2.280500005545036540e-02 -1.337500019930303041e-01
2.281000005532405478e-02 -1.320833353015283818e-01
2.281500005519774416e-02 -1.301041686053698299e-01
2.282000005507143353e-02 -1.286458352503056235e-01
2.282500005494512291e-02 -1.266666685541470716e-01
2.283000005481881228e-02 -1.250000018626451492e-01
2.283500005469250166e-02 -1.231250018347054692e-01
2.284000005456619103e-02 -1.211458351385469173e-01
2.284500005443988041e-02 -1.195833351152638530e-01
2.285000005431356979e-02 -1.179166684237619306e-01
2.285500005418725916e-02 -1.162500017322599943e-01
2.286000005406094854e-02 -1.144791683725391862e-01
2.286500005393463791e-02 -1.126041683445995062e-01
2.287000005380832729e-02 -1.106250016484409543e-01
2.287500005368201667e-02 -1.092708349615956337e-01
2.288000005355570604e-02 -1.077083349383125693e-01
2.288500005342939542e-02 -1.058333349103728893e-01
2.289000005330308479e-02 -1.039583348824332093e-01
2.289500005317677417e-02 -1.023958348591501449e-01
2.290000005305046354e-02 -1.008333348358670806e-01
2.290500005292415292e-02 -9.906250147614627244e-02
2.291000005279784230e-02 -9.729166811642547819e-02
2.291500005267153167e-02 -9.541666808848579817e-02
2.292000005254522105e-02 -9.354166806054611816e-02
2.292500005241891042e-02 -9.208333470548192567e-02
2.293000005229259980e-02 -9.041666801397998943e-02
2.293500005216628918e-02 -8.906250132713466883e-02
2.294000005203997855e-02 -8.729166796741386070e-02
2.294500005191366793e-02 -8.562500127591192445e-02
2.295000005178735730e-02 -8.385416791619111632e-02
2.295500005166104668e-02 -8.218750122468919395e-02
2.296000005153473605e-02 -8.104166787428160323e-02
2.296500005140842543e-02 -7.927083451456079510e-02
2.297000005128211481e-02 -7.760416782305885885e-02
2.297500005115580418e-02 -7.583333446333805072e-02
2.298000005102949356e-02 -7.406250110361724259e-02
2.298500005090318293e-02 -7.229166774389644834e-02
2.299000005077687231e-02 -7.052083438417564021e-02
2.299500005065056168e-02 -6.968750103842467902e-02
2.300000005052425106e-02 -6.781250101048498513e-02
2.300500005039794044e-02 -6.635416765542080653e-02
2.301000005027162981e-02 -6.458333429569999840e-02
2.301500005014531919e-02 -6.281250093597919026e-02
2.302000005001900856e-02 -6.145833424913386966e-02
2.302500004989269794e-02 -6.000000089406967024e-02
2.303000004976638732e-02 -5.802083419791112529e-02
2.303500004964007669e-02 -5.645833417462806092e-02
2.304000004951376607e-02 -5.500000081956386844e-02
2.304500004938745544e-02 -5.343750079628080407e-02
2.305000004926114482e-02 -5.145833410012224524e-02
2.305500004913483419e-02 -5.010416741327693851e-02
2.306000004900852357e-02 -4.895833406286934780e-02
2.306500004888221295e-02 -4.729166737136741155e-02
2.307000004875590232e-02 -4.583333401630321907e-02
2.307500004862959170e-02 -4.406250065658241094e-02
2.308000004850328107e-02 -4.260416730151821846e-02
2.308500004837697045e-02 -4.093750061001628221e-02
2.309000004825065983e-02 -3.968750059138983349e-02
2.309500004812434920e-02 -3.802083389988789724e-02
2.310000004799803858e-02 -3.583333386729160852e-02
2.310500004787172795e-02 -3.458333384866515980e-02
2.311000004774541733e-02 -3.343750049825757603e-02
2.311500004761910670e-02 -3.166666713853676790e-02
2.312000004749279608e-02 -2.979166711059709483e-02
2.312500004736648546e-02 -2.864583376018951105e-02
2.313000004724017483e-02 -2.729166707334418698e-02
2.313500004711386421e-02 -2.531250037718564203e-02
2.314000004698755358e-02 -2.375000035390257766e-02
2.314500004686124296e-02 -2.208333366240064141e-02
2.315000004673493234e-02 -2.072916697555532081e-02
2.315500004660862171e-02 -1.937500028871000021e-02
2.316000004648231109e-02 -1.770833359720806396e-02
2.316500004635600046e-02 -1.572916690104951554e-02
2.317000004622968984e-02 -1.458333355064193523e-02
2.317500004610337921e-02 -1.312500019557774102e-02
2.318000004597706859e-02 -1.145833350407580477e-02
2.318500004585075797e-02 -1.031250015366822446e-02
2.319000004572444734e-02 -8.333333457509676037e-03
2.319500004559813672e-02 -6.875000102445483555e-03
2.320000004547182609e-02 -5.000000074505806143e-03
2.320500004534551547e-02 -3.750000055879354390e-03
2.321000004521920485e-02 -1.979166696158547994e-03
2.321500004509289422e-02 -6.250000093132257678e-04
2.322000004496658360e-02 1.041666682188709505e-03
2.322500004484027297e-02 2.500000037252903071e-03
2.323000004471396235e-02 3.437500051222741777e-03
2.323500004458765172e-02 5.416666747381290205e-03
2.324000004446134110e-02 7.395833443539837765e-03
2.324500004433503048e-02 8.333333457509676037e-03
2.325000004420871985e-02 1.010416681723048243e-02
2.325500004408240923e-02 1.156250017229467665e-02
2.326000004395609860e-02 1.375000020489096711e-02
2.326500004382978798e-02 1.520833355995515786e-02
2.327000004370347735e-02 1.656250024680048019e-02
2.327500004357716673e-02 1.802083360186467614e-02
2.328000004345085611e-02 1.989583362980435269e-02
2.328500004332454548e-02 2.135416698486854517e-02
2.329000004319823486e-02 2.239583366705725706e-02
2.329500004307192423e-02 2.395833369034032143e-02
2.330000004294561361e-02 2.593750038649886985e-02
2.330500004281930299e-02 2.791666708265741828e-02
2.331000004269299236e-02 2.916666710128387047e-02
2.331500004256668174e-02 3.072916712456693483e-02
2.332000004244037111e-02 3.260416715250660791e-02
2.332500004231406049e-02 3.395833383935193545e-02
2.333000004218774986e-02 3.593750053551048040e-02
2.333500004206143924e-02 3.708333388591806418e-02
2.334000004193512862e-02 3.927083391851435290e-02
2.334500004180881799e-02 4.114583394645402598e-02
2.335000004168250737e-02 4.218750062864273787e-02
2.335500004155619674e-02 4.427083399302015471e-02
2.336000004142988612e-02 4.593750068452209095e-02
2.336500004130357550e-02 4.760416737602402720e-02
2.337000004117726487e-02 4.833333405355612344e-02
2.337500004105095425e-02 5.062500075437128405e-02
2.338000004092464362e-02 5.229166744587322030e-02
2.338500004079833300e-02 5.395833413737515655e-02
2.339000004067202237e-02 5.552083416065822091e-02
2.339500004054571175e-02 5.677083417928467657e-02
2.340000004041940113e-02 5.895833421188096529e-02
2.340500004029309050e-02 6.010416756228854213e-02
2.341000004016677988e-02 6.229166759488483085e-02
2.341500004004046925e-02 6.364583428173015145e-02
2.342000003991415863e-02 6.479166763213774216e-02
2.342500003978784801e-02 6.677083432829628018e-02
2.343000003966153738e-02 6.791666767870387089e-02
2.343500003953522676e-02 6.947916770198693526e-02
2.344000003940891613e-02 7.135416772992660139e-02
2.344500003928260551e-02 7.281250108499080775e-02
2.345000003915629488e-02 7.447916777649273012e-02
2.345500003902998426e-02 7.604166779977579449e-02
2.346000003890367364e-02 7.729166781840225708e-02
2.346500003877736301e-02 7.895833450990417945e-02
2.347000003865105239e-02 8.020833452853064205e-02
2.347500003852474176e-02 8.187500122003256442e-02
2.348000003839843114e-02 8.364583457975337255e-02
2.348500003827212051e-02 8.479166793016096326e-02
2.349000003814580989e-02 8.614583461700628386e-02
2.349500003801949927e-02 8.760416797207047634e-02
2.350000003789318864e-02 8.906250132713466883e-02
2.350500003776687802e-02 9.031250134576111754e-02
2.351000003764056739e-02 9.229166804191966944e-02
2.351500003751425677e-02 9.322916805588950251e-02
2.352000003738794615e-02 9.447916807451596510e-02
2.352500003726163552e-02 9.614583476601788747e-02
2.353000003713532490e-02 9.760416812108209383e-02
2.353500003700901427e-02 9.895833480792741443e-02
2.354000003688270365e-02 1.004166681629916069e-01
2.354500003675639302e-02 1.016666681816180556e-01
2.355000003663008240e-02 1.030208348684633762e-01
2.355500003650377178e-02 1.043750015553086968e-01
2.356000003637746115e-02 1.059375015785917612e-01
2.356500003625115053e-02 1.067708349243427224e-01
2.357000003612483990e-02 1.086458349522824024e-01
2.357500003599852928e-02 1.098958349709088511e-01
2.358000003587221866e-02 1.108333349848786981e-01
2.358500003574590803e-02 1.120833350035051468e-01
2.359000003561959741e-02 1.135416683585693531e-01
2.359500003549328678e-02 1.143750017043203143e-01
2.360000003536697616e-02 1.158333350593845207e-01
2.360500003524066553e-02 1.170833350780109555e-01
2.361000003511435491e-02 1.181250017601996605e-01
2.361500003498804429e-02 1.191666684423883793e-01
2.362000003486173366e-02 1.204166684610148280e-01
2.362500003473542304e-02 1.213541684749846750e-01
2.363000003460911241e-02 1.227083351618299817e-01
2.363500003448280179e-02 1.239583351804564304e-01
2.364000003435649117e-02 1.252083351990828930e-01
2.364500003423018054e-02 1.258333352083961243e-01
2.365000003410386992e-02 1.271875018952414449e-01
2.365500003397755929e-02 1.282291685774301360e-01
2.366000003385124867e-02 1.290625019231811110e-01
2.366500003372493804e-02 1.301041686053698299e-01
2.367000003359862742e-02 1.313541686239962647e-01
2.367500003347231680e-02 1.320833353015283818e-01
2.368000003334600617e-02 1.334375019883737024e-01
2.368500003321969555e-02 1.341666686659057917e-01
2.369000003309338492e-02 1.353125020163133685e-01
2.369500003296707430e-02 1.362500020302832293e-01
2.370000003284076368e-02 1.368750020395964329e-01
2.370500003271445305e-02 1.373958353806908061e-01
2.371000003258814243e-02 1.381250020582228955e-01
2.371500003246183180e-02 1.393750020768493580e-01
2.372000003233552118e-02 1.394791687450682161e-01
2.372500003220921055e-02 1.409375021001324224e-01
2.373000003208289993e-02 1.412500021047890242e-01
2.373500003195658931e-02 1.420833354505399992e-01
2.374000003183027868e-02 1.430208354645098323e-01
2.374500003170396806e-02 1.437500021420419216e-01
2.375000003157765743e-02 1.445833354877928967e-01
2.375500003145134681e-02 1.452083354971061280e-01
2.376000003132503618e-02 1.461458355110759610e-01
2.376500003119872556e-02 1.472916688614835379e-01
2.377000003107241494e-02 1.472916688614835379e-01
2.377500003094610431e-02 1.481250022072344852e-01
2.378000003081979369e-02 1.484375022118911147e-01
2.378500003069348306e-02 1.493750022258609478e-01
2.379000003056717244e-02 1.496875022305175496e-01
2.379500003044086182e-02 1.505208355762685246e-01
2.380000003031455119e-02 1.510416689173628979e-01
2.380500003018824057e-02 1.512500022538006139e-01
2.381000003006192994e-02 1.517708355948949872e-01
2.381500002993561932e-02 1.526041689406459623e-01
2.382000002980930869e-02 1.531250022817403078e-01
2.382500002968299807e-02 1.535416689546157953e-01
2.383000002955668745e-02 1.539583356274912829e-01
2.383500002943037682e-02 1.546875023050233722e-01
2.384000002930406620e-02 1.550000023096800017e-01
2.384500002917775557e-02 1.554166689825554615e-01
2.385000002905144495e-02 1.558333356554309490e-01
2.385500002892513433e-02 1.561458356600875785e-01
2.386000002879882370e-02 1.568750023376196678e-01
2.386500002867251308e-02 1.572916690104951554e-01
2.387000002854620245e-02 1.573958356787140134e-01
2.387500002841989183e-02 1.575000023469328714e-01
2.388000002829358120e-02 1.581250023562461304e-01
2.388500002816727058e-02 1.586458356973404760e-01
2.389000002804095996e-02 1.586458356973404760e-01
2.389500002791464933e-02 1.589583357019970777e-01
2.390000002778833871e-02 1.591666690384348215e-01
2.390500002766202808e-02 1.594791690430914233e-01
2.391000002753571746e-02 1.602083357206235403e-01
2.391500002740940684e-02 1.604166690570612841e-01
2.392000002728309621e-02 1.602083357206235403e-01
2.392500002715678559e-02 1.607291690617178859e-01
2.393000002703047496e-02 1.604166690570612841e-01
2.393500002690416434e-02 1.606250023934990001e-01
2.394000002677785371e-02 1.609375023981556296e-01
2.394500002665154309e-02 1.610416690663744876e-01
2.395000002652523247e-02 1.611458357345933734e-01
2.395500002639892184e-02 1.615625024074688609e-01
2.396000002627261122e-02 1.614583357392499752e-01
2.396500002614630059e-02 1.617708357439066047e-01
2.397000002601998997e-02 1.615625024074688609e-01
2.397500002589367935e-02 1.616666690756877189e-01
2.398000002576736872e-02 1.618750024121254627e-01
2.398500002564105810e-02 1.622916690850009502e-01
2.399000002551474747e-02 1.618750024121254627e-01
2.399500002538843685e-02 1.615625024074688609e-01
2.400000002526212622e-02 1.622916690850009502e-01
2.400500002513581560e-02 1.618750024121254627e-01
2.401000002500950498e-02 1.617708357439066047e-01
2.401500002488319435e-02 1.619791690803443485e-01
2.402000002475688373e-02 1.616666690756877189e-01
2.402500002463057310e-02 1.615625024074688609e-01
2.403000002450426248e-02 1.616666690756877189e-01
2.403500002437795185e-02 1.615625024074688609e-01
2.404000002425164123e-02 1.610416690663744876e-01
2.404500002412533061e-02 1.612500024028122592e-01
2.405000002399901998e-02 1.612500024028122592e-01
2.405500002387270936e-02 1.610416690663744876e-01
2.406000002374639873e-02 1.607291690617178859e-01
2.406500002362008811e-02 1.602083357206235403e-01
2.407000002349377749e-02 1.606250023934990001e-01
2.407500002336746686e-02 1.601041690524046546e-01
2.408000002324115624e-02 1.596875023795291948e-01
2.408500002311484561e-02 1.594791690430914233e-01
2.409000002298853499e-02 1.597916690477480528e-01
2.409500002286222436e-02 1.584375023609027322e-01
2.410000002273591374e-02 1.586458356973404760e-01
2.410500002260960312e-02 1.585416690291215902e-01
2.411000002248329249e-02 1.580208356880272447e-01
2.411500002235698187e-02 1.576041690151517571e-01
2.412000002223067124e-02 1.575000023469328714e-01
2.412500002210436062e-02 1.571875023422762696e-01
2.413000002197805000e-02 1.569791690058385258e-01
2.413500002185173937e-02 1.563541689965252945e-01
2.414000002172542875e-02 1.558333356554309490e-01
2.414500002159911812e-02 1.559375023236498070e-01
2.415000002147280750e-02 1.556250023189932052e-01
2.415500002134649687e-02 1.544791689685856284e-01
2.416000002122018625e-02 1.542708356321478846e-01
2.416500002109387563e-02 1.539583356274912829e-01
2.417000002096756500e-02 1.535416689546157953e-01
2.417500002084125438e-02 1.529166689453025640e-01
2.418000002071494375e-02 1.523958356042082185e-01
2.418500002058863313e-02 1.518750022631138730e-01
2.419000002046232251e-02 1.514583355902383854e-01
2.419500002033601188e-02 1.512500022538006139e-01
2.420000002020970126e-02 1.503125022398308086e-01
2.420500002008339063e-02 1.500000022351741791e-01
2.421000001995708001e-02 1.491666688894232040e-01
2.421500001983076938e-02 1.487500022165477442e-01
2.422000001970445876e-02 1.485416688801099727e-01
2.422500001957814814e-02 1.478125022025778834e-01
2.423000001945183751e-02 1.468750021886080503e-01
2.423500001932552689e-02 1.463541688475137048e-01
2.424000001919921626e-02 1.456250021699816155e-01
2.424500001907290564e-02 1.448958354924494984e-01
2.425000001894659502e-02 1.437500021420419216e-01
2.425500001882028439e-02 1.438541688102607796e-01
2.426000001869397377e-02 1.430208354645098323e-01
2.426500001856766314e-02 1.419791687823211135e-01
2.427000001844135252e-02 1.413541687730078822e-01
2.427500001831504189e-02 1.407291687636946509e-01
2.428000001818873127e-02 1.400000020861625616e-01
2.428500001806242065e-02 1.388541687357549848e-01
2.429000001793611002e-02 1.385416687310983830e-01
2.429500001780979940e-02 1.373958353806908061e-01
2.430000001768348877e-02 1.367708353713775749e-01
2.430500001755717815e-02 1.356250020209699703e-01
2.431000001743086752e-02 1.353125020163133685e-01
2.431500001730455690e-02 1.344791686705623934e-01
2.432000001717824628e-02 1.337500019930303041e-01
2.432500001705193565e-02 1.326041686426227273e-01
2.433000001692562503e-02 1.317708352968717522e-01
2.433500001679931440e-02 1.309375019511207772e-01
2.434000001667300378e-02 1.300000019371509719e-01
2.434500001654669316e-02 1.292708352596188548e-01
2.435000001642038253e-02 1.282291685774301360e-01
2.435500001629407191e-02 1.275000018998980467e-01
2.436000001616776128e-02 1.262500018812715841e-01
2.436500001604145066e-02 1.258333352083961243e-01
2.437000001591514003e-02 1.247916685262073916e-01
2.437500001578882941e-02 1.234375018393620849e-01
2.438000001566251879e-02 1.221875018207356361e-01
2.438500001553620816e-02 1.213541684749846750e-01
2.439000001540989754e-02 1.205208351292337138e-01
2.439500001528358691e-02 1.194791684470449949e-01
2.440000001515727629e-02 1.187500017695128918e-01
2.440500001503096567e-02 1.177083350873241729e-01
2.441000001490465504e-02 1.167708350733543399e-01
2.441500001477834442e-02 1.156250017229467630e-01
2.442000001465203379e-02 1.147916683771958019e-01
2.442500001452572317e-02 1.138541683632259410e-01
2.443000001439941254e-02 1.126041683445995062e-01
2.443500001427310192e-02 1.119791683352862888e-01
2.444000001414679130e-02 1.105208349802220824e-01
2.444500001402048067e-02 1.106250016484409543e-01
2.445000001389417005e-02 1.081250016111880569e-01
2.445500001376785942e-02 1.071875015972182099e-01
2.446000001364154880e-02 1.061458349150295050e-01
2.446500001351523818e-02 1.052083349010596580e-01
2.447000001338892755e-02 1.038541682142143513e-01
2.447500001326261693e-02 1.032291682049011200e-01
2.448000001313630630e-02 1.021875015227124150e-01
2.448500001300999568e-02 1.015625015133991838e-01
2.449000001288368505e-02 1.000000014901161194e-01
2.449500001275737443e-02 9.885416813970854255e-02
2.450000001263106381e-02 9.770833478930095184e-02
2.450500001250475318e-02 9.625000143423677323e-02
2.451000001237844256e-02 9.541666808848579817e-02
2.451500001225213193e-02 9.406250140164047757e-02
2.452000001212582131e-02 9.291666805123290074e-02
2.452500001199951069e-02 9.250000137835741321e-02
2.453000001187320006e-02 9.093750135507434884e-02
2.453500001174688944e-02 8.947916800001015636e-02
2.454000001162057881e-02 8.812500131316482188e-02
2.454500001149426819e-02 8.708333463097611693e-02
2.455000001136795756e-02 8.583333461234966821e-02
2.455500001124164694e-02 8.520833460303643692e-02
2.456000001111533632e-02 8.385416791619111632e-02
2.456500001098902569e-02 8.229166789290805195e-02
2.457000001086271507e-02 8.125000121071934700e-02
2.457500001073640444e-02 8.010416786031177017e-02
2.458000001061009382e-02 7.895833450990417945e-02
2.458500001048378319e-02 7.760416782305885885e-02
2.459000001035747257e-02 7.614583446799466637e-02
2.459500001023116195e-02 7.500000111758708954e-02
2.460000001010485132e-02 7.385416776717951270e-02
2.460500000997854070e-02 7.229166774389644834e-02
2.461000000985223007e-02 7.177083440280208892e-02
2.461500000972591945e-02 7.020833437951902456e-02
2.462000000959960883e-02 6.906250102911144773e-02
2.462500000947329820e-02 6.781250101048498513e-02
2.463000000934698758e-02 6.656250099185855029e-02
2.463500000922067695e-02 6.520833430501321581e-02
2.464000000909436633e-02 6.416666762282451086e-02
2.464500000896805570e-02 6.270833426776031838e-02
2.465000000884174508e-02 6.177083425379047837e-02
2.465500000871543446e-02 6.072916757160176648e-02
2.466000000858912383e-02 5.927083421653756706e-02
2.466500000846281321e-02 5.854166753900547776e-02
2.467000000833650258e-02 5.687500084750354151e-02
2.467500000821019196e-02 5.552083416065822091e-02
2.468000000808388134e-02 5.427083414203177220e-02
2.468500000795757071e-02 5.312500079162418842e-02
2.469000000783126009e-02 5.218750077765434842e-02
2.469500000770494946e-02 5.093750075902789970e-02
2.470000000757863884e-02 4.958333407218257910e-02
2.470500000745232821e-02 4.833333405355612344e-02
2.471000000732601759e-02 4.718750070314853967e-02
2.471500000719970697e-02 4.604166735274096284e-02
2.472000000707339634e-02 4.479166733411451412e-02
2.472500000694708572e-02 4.322916731083144976e-02
2.473000000682077509e-02 4.208333396042386598e-02
2.473500000669446447e-02 4.052083393714080162e-02
2.474000000656815385e-02 3.927083391851435290e-02
2.474500000644184322e-02 3.822916723632564101e-02
2.475000000631553260e-02 3.739583389057467289e-02
2.475500000618922197e-02 3.614583387194822417e-02
2.476000000606291135e-02 3.520833385797838416e-02
2.476500000593660072e-02 3.364583383469531980e-02
2.477000000581029010e-02 3.343750049825757603e-02
2.477500000568397948e-02 3.208333381141225543e-02
2.478000000555766885e-02 3.052083378812919454e-02
2.478500000543135823e-02 2.989583377881596324e-02
2.479000000530504760e-02 2.812500041909515858e-02
2.479500000517873698e-02 2.729166707334418698e-02
2.480000000505242636e-02 2.604166705471774174e-02
2.480500000492611573e-02 2.500000037252902985e-02
2.481000000479980511e-02 2.375000035390257766e-02
2.481500000467349448e-02 2.281250033993273765e-02
2.482000000454718386e-02 2.166666698952516082e-02
2.482500000442087323e-02 2.062500030733644893e-02
2.483000000429456261e-02 1.937500028871000021e-02
2.483500000416825199e-02 1.875000027939677238e-02
2.484000000404194136e-02 1.739583359255144832e-02
2.484500000391563074e-02 1.656250024680048019e-02
2.485000000378932011e-02 1.541666689639290162e-02
2.485500000366300949e-02 1.447916688242306509e-02
2.486000000353669886e-02 1.333333353201548305e-02
2.486500000341038824e-02 1.187500017695128883e-02
2.487000000328407762e-02 1.156250017229467665e-02
2.487500000315776699e-02 9.895833480792740403e-03
2.488000000303145637e-02 9.166666803260644161e-03
2.488500000290514574e-02 8.229166789290805889e-03
2.489000000277883512e-02 7.395833443539837765e-03
2.489500000265252450e-02 5.520833415600160353e-03
2.490000000252621387e-02 4.583333401630322081e-03
2.490500000239990325e-02 4.166666728754838019e-03
2.491000000227359262e-02 3.333333383003870762e-03
2.491500000214728200e-02 1.770833359720806180e-03
2.492000000202097137e-02 1.354166686845322551e-03
2.492500000189466075e-02 5.208333410943547523e-04
2.493000000176835013e-02 -8.333333457509676905e-04
2.493500000164203950e-02 -1.979166696158547994e-03
2.494000000151572888e-02 -2.604166705471774087e-03
2.494500000138941825e-02 -3.020833378347257715e-03
2.495000000126310763e-02 -4.791666738068064112e-03
2.495500000113679701e-02 -5.520833415600160353e-03
2.496000000101048638e-02 -6.562500097788870508e-03
2.496500000088417576e-02 -6.458333429570000360e-03
2.497000000075786513e-02 -7.812500116415321827e-03
2.497500000063155451e-02 -8.750000130385160099e-03
2.498000000050524388e-02 -9.583333476136128223e-03
2.498500000037893326e-02 -1.052083349010596650e-02
2.499000000025262264e-02 -1.187500017695128883e-02
2.499500000012631201e-02 -1.239583351804564477e-02
2.500000000000000139e-02 -1.343750020023435320e-02
